Actual_Demand,RF_Pred,XGB_Pred,Ensemble_Pred
79,62.58,70.430565,66.50528244018554
57,61.55,64.9983,63.274149322509764
96,111.89,102.89013,107.39006454467773
64,75.44,73.33309,74.38654586791992
108,102.11,114.71284,108.41141860961915
111,107.04,108.17926,107.60963012695314
148,142.65,143.62933,143.13966674804686
86,99.415,86.07577,92.74538375854493
210,158.655,162.9655,160.81024993896483
117,101.265,102.192276,101.72863800048827
77,84.375,98.662,91.51850128173828
65,79.925,77.87599,78.90049591064454
50,77.59,64.766426,71.17821304321289
148,110.67,134.14427,122.40713592529298
61,83.135,55.46801,69.30150497436523
82,71.08,83.25375,77.16687683105468
51,71.095,63.150845,67.1229222869873
56,69.78,65.6932,67.73659957885742
67,84.855,82.977646,83.91632293701173
140,132.4,138.63824,135.5191223144531
264,193.095,215.92764,204.51132141113283
96,113.715,123.57725,118.64612380981445
82,71.295,82.75764,77.0263185119629
151,122.15,141.80167,131.9758331298828
180,153.435,167.3196,160.37729766845703
142,136.265,135.88362,136.07431060791015
151,148.335,157.28844,152.81171844482424
116,120.36,100.44783,110.40391510009766
179,150.44,144.68893,147.56446716308594
114,126.565,123.626205,125.09560272216797
85,97.69,91.54795,94.61897537231445
188,132.73,152.6198,142.67489837646485
176,142.385,164.22304,153.30401885986328
160,140.655,157.46577,149.0603872680664
196,174.415,167.45715,170.93607666015623
81,132.035,97.66056,114.84778030395508
166,146.06,144.84273,145.4513638305664
219,179.665,194.88516,187.2750811767578
51,106.73,101.55256,104.1412794494629
55,88.855,71.78123,80.31811355590821
72,75.605,68.583824,72.09441207885743
100,123.85,111.84134,117.84566955566406
81,75.935,74.48699,75.21099594116211
58,57.97,62.545532,60.25776611328125
154,129.405,121.25565,125.33032669067383
144,99.08,118.90812,108.99405960083007
89,98.815,99.826485,99.32074234008789
111,118.535,121.093124,119.81406219482422
95,84.23,102.72616,93.47807907104493
106,107.055,103.30396,105.17948135375977
106,88.975,95.79204,92.38351898193359
105,109.16,107.6962,108.42809875488281
60,79.3,66.88472,73.09235992431641
206,130.11,158.73631,144.42315643310548
72,103.19,84.94368,94.06683990478516
154,127.0,140.23222,133.6161117553711
139,117.61,136.81961,127.21480529785157
119,137.635,123.14178,130.3883885192871
136,137.485,143.83951,140.66225402832032
96,100.425,103.74373,102.08436431884766
62,74.375,69.61216,71.99357986450195
118,109.04,108.78901,108.91450454711915
87,90.81,93.31683,92.06341674804688
59,62.78,59.51336,61.14667953491211
116,127.285,112.76801,120.02650650024414
75,81.705,83.17276,82.4388800048828
156,117.76,137.65921,127.70960510253906
122,143.36,127.20807,135.28403442382813
88,77.42,91.08662,84.25330825805665
147,127.135,130.49577,128.81538665771484
138,115.74,123.601425,119.67071258544922
127,127.89,129.83466,128.86232788085937
163,144.73,154.83682,149.78341125488282
92,101.145,109.82008,105.48254180908202
178,149.335,165.92268,157.62884185791017
107,108.74,103.573944,106.15697204589844
89,97.51,104.754715,101.13235748291015
135,123.97,136.6345,130.30225311279298
52,79.915,71.40115,75.65807678222657
64,94.2,86.04871,90.12435684204101
145,118.445,138.13805,128.29152313232422
72,100.95,78.311745,89.6308723449707
214,140.675,154.72545,147.70022430419922
108,98.94,96.19368,97.56683990478516
136,128.355,131.30917,129.8320867919922
102,101.12,110.68509,105.90254455566406
66,66.39,66.555725,66.47286254882812
77,92.0,103.75893,97.87946319580078
87,92.14,83.28633,87.7131655883789
120,144.935,123.517975,134.2264874267578
57,67.56,58.08187,62.82093551635742
87,103.48,88.690956,96.08547805786134
84,84.575,83.207924,83.89146194458007
79,71.545,67.362335,69.45366760253907
153,108.51,120.414795,114.4623974609375
77,89.985,86.433784,88.20939224243165
43,61.675,72.583954,67.12947692871094
70,74.225,68.556564,71.39078216552734
90,91.29,82.45221,86.87110473632814
79,80.815,70.11007,75.46253463745117
65,85.32,78.08987,81.7049333190918
63,62.02,63.33744,62.67872024536133
56,62.925,70.61881,66.77190628051758
73,99.735,87.59554,93.66527145385743
76,78.22,79.60935,78.9146760559082
43,56.43,41.540623,48.985311355590824
86,90.675,89.515816,90.09540786743165
100,113.14,108.60102,110.87051040649413
140,105.655,113.658295,109.65664733886719
75,71.465,68.97317,70.2190837097168
152,118.24,122.81575,120.52787506103516
44,67.285,65.8688,66.57689865112305
129,114.025,124.93132,119.47816009521485
89,81.425,75.25276,78.33888092041016
52,69.985,66.959274,68.4721371459961
137,133.775,125.15331,129.46415634155272
96,97.87,97.96614,97.91807037353516
99,93.46,91.354576,92.40728805541991
93,100.57,95.446594,98.00829711914062
111,98.16,97.21133,97.68566329956055
77,74.64,81.41122,78.02560836791992
142,112.555,120.137985,116.3464926147461
119,150.335,135.38132,142.85815856933596
189,147.56,159.7805,153.67025115966797
86,90.705,92.0569,91.38095001220702
152,145.685,143.19539,144.44019439697266
146,158.43,156.75893,157.59446319580078
77,87.595,91.01735,89.30617462158203
194,125.21,166.561,145.88550231933593
131,151.185,140.28627,145.73563507080078
40,73.41,58.23828,65.824140625
136,109.515,118.21099,113.86299545288085
106,94.545,113.86778,104.20639129638673
88,116.065,113.89146,114.97822830200195
183,163.615,187.56631,175.59065734863282
113,110.36,123.75856,117.05928009033204
111,115.22,120.37595,117.7979768371582
129,91.675,118.75588,105.2154411315918
144,135.885,138.42343,137.15421569824218
76,82.175,76.22913,79.20206680297852
154,114.75,148.2851,131.51754760742188
234,204.715,225.30104,215.00802032470705
174,125.43,150.7713,138.10065063476563
211,175.6,188.17557,181.88778381347657
219,175.075,188.92297,181.99898681640624
230,166.885,206.4865,186.68574798583984
169,151.38,153.6467,152.51334899902344
142,135.95,139.72234,137.83616790771484
72,86.37,86.2258,86.29789978027344
212,139.005,167.7784,153.39169830322265
121,117.99,129.88676,123.9383822631836
138,148.575,161.40428,154.98964080810546
162,164.775,159.45934,162.1171676635742
48,82.275,51.758957,67.01697845458985
55,69.905,68.25169,69.07834686279297
135,105.6,118.27257,111.93628387451172
141,116.46,125.49932,120.97966049194335
60,87.69,68.337074,78.01353713989258
103,74.795,87.980125,81.38756271362305
75,104.52,93.9512,99.23560119628905
36,54.285,49.064896,51.674947814941405
80,86.335,80.174034,83.25451705932616
67,69.985,70.74855,70.36677520751954
44,42.105,50.308872,46.20693611145019
34,57.58,43.2136,50.3968000793457
50,63.75,50.99294,57.371469497680664
98,104.43,111.65803,108.0440138244629
57,62.945,57.873142,60.40907112121582
111,91.23,78.403915,84.81695770263673
77,82.73,70.173645,76.45182250976563
149,109.925,114.43701,112.181005859375
131,112.66,121.94391,117.30195434570312
30,60.885,58.65448,59.76973999023437
61,55.935,65.9427,60.93885162353516
119,115.76,107.648674,111.70433700561523
47,58.67,54.42484,56.547419509887696
90,94.815,102.931755,98.87337753295898
88,95.58,87.46915,91.5245733642578
109,103.55,92.62845,98.08922424316407
127,110.865,120.00014,115.43256866455079
158,117.99,130.00925,123.99962341308594
127,135.105,122.88657,128.99578689575196
133,122.84,128.44914,125.64457122802735
82,78.72,91.54057,85.1302865600586
86,94.265,99.62362,96.94430953979492
157,131.07,152.28319,141.67659393310547
99,91.105,95.75604,93.43052124023438
187,140.15,147.74736,143.94868011474608
189,174.35,184.44109,179.39554290771486
153,129.54,149.03726,139.2886309814453
88,118.085,79.5291,98.80704925537108
111,87.69,109.96977,98.82988616943359
174,136.415,152.0545,144.2347521972656
140,144.845,135.08403,139.9645150756836
115,113.695,116.58056,115.13777938842773
82,75.86,80.88173,78.37086456298829
98,99.555,116.73313,108.1440657043457
269,189.95,207.70595,198.82797393798828
111,106.18,110.0582,108.11909851074219
91,95.98,100.02624,98.0031187438965
182,134.88,165.28317,150.08158630371094
187,158.075,175.73259,166.90379486083984
118,151.77,129.29022,140.53011108398437
121,126.425,128.42862,127.42680969238282
199,162.775,189.84973,176.31236572265624
196,175.785,186.07983,180.93241699218748
212,149.87,175.25867,162.56433349609375
131,140.045,124.42616,132.23558135986326
283,183.625,220.30609,201.96554565429688
83,98.285,95.12214,96.70356948852539
258,172.79,221.64627,197.21813537597654
206,181.425,198.5439,189.9844497680664
229,179.03,204.47014,191.75006927490233
159,157.21,152.61404,154.91202209472658
126,110.375,115.88728,113.13114166259766
156,153.61,155.5413,154.5756527709961
119,107.76,122.575745,115.16787231445312
64,80.935,78.723526,79.82926300048828
120,112.635,121.91075,117.27287567138671
85,77.9,85.0519,81.47595138549805
81,97.565,94.313835,95.93941757202148
72,62.52,73.302895,67.91144729614258
233,169.7,189.72432,179.7121597290039
164,132.105,136.35957,134.23228668212892
125,118.355,125.778854,122.0669271850586
73,103.27,94.180984,98.72549224853515
80,91.995,93.44096,92.7179818725586
81,59.18,71.516075,65.34803756713868
132,117.71,130.41524,124.0626187133789
35,66.815,52.74412,59.779560775756835
89,120.995,103.94551,112.47025543212891
156,117.625,134.74573,126.18536376953125
97,84.815,86.98097,85.89798614501953
123,110.67,116.6303,113.65015121459962
92,104.03,92.64048,98.33524002075195
111,116.8,98.380684,107.5903419494629
144,144.645,151.52629,148.08564544677733
157,139.52,146.67491,143.0974557495117
140,155.35,144.61356,149.98177795410157
118,127.645,124.69512,126.17006088256835
118,104.065,119.90978,111.98739120483398
142,141.3,141.85033,141.57516326904297
186,150.155,162.97041,156.5627066040039
111,122.525,110.35353,116.43926544189453
94,120.635,112.142624,116.38881195068359
81,76.64,78.19557,77.41778594970702
100,97.74,108.631584,103.18579208374024
64,95.0,85.62613,90.31306457519531
136,113.04,131.40984,122.22491790771485
188,171.6,181.73853,176.6692626953125
215,165.205,193.121,179.16300109863283
104,101.42,104.3292,102.87460037231446
89,84.745,94.82006,89.78253036499024
114,125.6,121.07848,123.33924179077148
173,179.29,166.49664,172.8933215332031
194,144.565,159.39409,151.9795443725586
101,98.49,97.20816,97.84908020019532
70,77.355,86.51743,81.93621658325196
57,56.045,62.080257,59.06262870788574
107,107.685,114.14572,110.91536071777344
121,116.16,120.27796,118.21898086547851
180,145.115,160.72247,152.91873657226563
133,135.06,138.45665,136.75832489013672
130,124.75,127.78192,126.26596069335938
124,132.86,137.30354,135.08177154541016
180,150.715,168.77908,159.74704162597658
93,90.21,88.50975,89.35987518310546
167,130.305,151.7112,141.00809844970703
78,80.78,75.20048,77.99023880004883
100,99.935,114.29023,107.11261489868164
182,150.04,171.8106,160.92529632568358
138,112.42,129.569,120.99450012207032
66,78.985,65.608826,72.29691284179688
134,114.195,152.17053,133.18276611328125
283,181.705,209.88055,195.7927770996094
138,127.24,146.01198,136.62598907470704
107,94.25,109.325134,101.78756713867188
78,91.755,87.24565,89.50032562255859
98,106.65,103.0074,104.82870025634766
91,84.54,89.08195,86.81097366333009
92,109.775,104.96859,107.37179489135742
202,171.91,190.74782,181.32890899658202
42,90.62,72.031235,81.32561737060547
117,113.455,114.40882,113.93191055297851
113,105.855,112.400856,109.12792800903321
106,94.1,105.81696,99.95848159790039
178,155.33,159.92172,157.6258612060547
151,138.025,145.66623,141.84561462402343
111,144.245,128.30339,136.27419525146485
150,138.925,142.22412,140.574560546875
74,84.995,71.879715,78.43735748291016
103,92.405,101.76677,97.08588470458984
110,91.515,107.238174,99.37658721923827
148,115.11,131.15622,123.13310974121094
168,156.045,157.42966,156.73732849121092
120,110.735,112.05153,111.39326446533204
104,137.055,119.38255,128.21877655029297
131,124.445,135.87642,130.1607095336914
168,135.98,150.80527,143.3926336669922
23,51.89,38.981205,45.43560249328613
148,145.215,150.74924,147.98211853027345
114,113.95,109.847885,111.89894256591796
88,86.35,87.24946,86.79972915649414
152,124.775,128.81091,126.79295654296875
80,81.73,76.279884,79.00494216918946
93,103.61,98.72042,101.16521041870118
120,117.205,105.9832,111.59410003662109
143,141.1,139.69041,140.39520721435548
88,93.24,88.48464,90.8623210144043
99,103.33,100.287476,101.80873779296874
144,113.48,140.63516,127.05758117675782
97,105.385,112.401634,108.89331710815429
200,160.055,164.66496,162.35998138427735
149,134.6,134.84825,134.72412567138673
66,89.17,83.21814,86.19406982421876
278,166.485,199.67479,183.07989471435548
226,135.955,166.88686,151.4209280395508
115,112.14,123.200966,117.67048294067382
147,131.48,139.54327,135.51163696289063
180,183.85,169.08095,176.4654739379883
103,97.13,98.74168,97.9358381652832
120,114.155,120.49803,117.32651580810547
138,133.3,140.62056,136.9602798461914
118,115.74,117.756386,116.74819290161133
119,120.81,122.811134,121.81056716918945
248,190.13,210.52753,200.32876342773437
115,99.195,104.52729,101.86114517211914
191,158.435,166.06912,162.25206115722656
190,173.1,179.97397,176.5369842529297
75,90.155,82.03689,86.0959440612793
115,116.645,113.42088,115.03294158935546
133,137.755,138.47672,138.1158575439453
51,69.56,66.67851,68.1192562866211
55,70.71,66.175575,68.44278762817382
33,79.46,61.54667,70.50333450317382
134,86.81,102.18011,94.49505355834961
104,103.125,101.24713,102.18606567382812
138,149.635,146.67993,148.1574658203125
133,112.345,124.96383,118.65441452026367
110,86.89,96.030716,91.4603579711914
204,147.83,171.46405,159.6470251464844
114,127.465,114.97874,121.2218684387207
121,119.82,113.42507,116.6225358581543
111,129.97,127.01358,128.49179016113283
85,77.165,89.005066,83.08503295898439
118,118.88,123.37118,121.12558883666992
188,167.855,161.80049,164.82774566650392
129,115.165,119.308136,117.23656799316407
122,114.41,116.13961,115.27480514526367
146,144.79,149.52823,147.1591143798828
115,106.495,110.55791,108.5264535522461
126,113.205,130.86949,122.03724578857421
86,131.74,124.68039,128.21019470214844
113,122.23,136.1325,129.18125366210938
131,122.315,127.797646,125.05632278442383
105,104.445,108.35415,106.39957443237304
96,106.345,96.943,101.64400039672852
204,164.625,198.72032,181.67266082763672
144,129.615,137.01546,133.31522857666016
92,109.875,103.73406,106.80453109741211
114,145.89,128.95653,137.42326385498046
70,95.295,95.79019,95.54259582519532
133,133.55,130.85457,132.20228424072266
165,158.435,165.59656,162.01577880859375
150,141.635,156.41408,149.02453887939453
76,92.635,89.73307,91.18403518676757
103,106.6,107.66767,107.13383560180664
52,65.55,65.18689,65.36844482421876
101,94.345,92.52188,93.43344055175781
69,61.955,60.189857,61.07242874145508
117,98.615,116.57627,107.59563552856446
132,162.435,154.81596,158.6254818725586
68,76.71,65.70717,71.20858428955077
56,62.22,55.101723,58.66086135864258
52,71.355,58.85803,65.10651420593263
134,87.53,108.14032,97.83515991210938
103,101.18,92.25645,96.71822341918946
69,101.515,84.47302,92.99401123046874
41,61.93,41.903446,51.916723098754886
35,38.235,42.86031,40.54765480041504
159,114.43,128.94142,121.68571075439453
77,86.13,69.248856,77.68942779541015
63,74.78,78.398994,76.58949722290039
96,88.59,85.30028,86.94513885498047
64,61.145,69.43035,65.28767562866211
139,110.68,120.50955,115.59477600097657
56,65.225,62.202007,63.71350364685058
108,84.25,89.337715,86.79385757446289
67,70.42,70.42019,70.4200944519043
102,86.65,88.719765,87.68488235473633
113,105.275,108.85634,107.06566925048828
135,121.495,132.22243,126.85871368408203
60,92.81,71.74541,82.2777035522461
104,98.895,101.10745,100.00122619628905
118,86.805,99.134735,92.96986755371094
68,71.535,68.203026,69.86901290893555
46,66.89,63.486164,65.18808204650878
91,110.305,109.8587,110.08185180664063
132,136.05,124.28134,130.1656707763672
190,128.57,164.01038,146.29018798828125
61,86.915,74.54389,80.72944595336915
148,142.245,134.50003,138.37251525878906
102,92.365,101.64604,97.0055209350586
156,129.86,132.43858,131.14929168701173
133,112.895,127.48694,120.19096923828124
96,93.145,98.769295,95.95714736938476
101,119.6,116.44177,118.02088623046875
129,149.895,140.61484,145.25491882324218
122,131.19,145.89397,138.54198333740234
93,85.555,94.35977,89.95738586425782
123,131.555,121.13559,126.34529479980469
99,105.375,106.59222,105.98360824584961
158,154.54,147.70848,151.12424041748045
133,129.65,126.75466,128.20233078002929
27,51.31,58.51017,54.91008499145508
114,110.64,116.352234,113.49611694335937
95,78.58,99.09146,88.8357305908203
158,135.865,142.68257,139.2737857055664
148,118.395,130.36798,124.38149047851562
107,110.555,114.462715,112.5088575744629
108,112.81,106.67835,109.74417617797852
190,168.82,181.44283,175.1314126586914
156,137.6,159.7701,148.68504791259767
153,137.79,131.06438,134.42718841552733
92,99.92,95.803246,97.8616227722168
122,136.51,141.67836,139.09417999267578
109,121.095,120.636765,120.8658822631836
73,98.02,83.59863,90.80931640624999
156,111.08,142.43564,126.75781921386718
105,102.95,101.72182,102.33590850830078
122,115.395,119.74563,117.57031417846679
99,119.075,102.44266,110.75882873535156
67,74.965,79.200714,77.08285705566406
61,82.255,71.122734,76.6888670349121
126,107.95,110.43032,109.19016036987304
97,108.55,98.68218,103.61609115600587
107,105.735,111.33237,108.5336834716797
134,121.66,118.078705,119.86935241699219
94,102.495,100.33991,101.4174562072754
120,103.48,104.367546,103.9237730407715
50,70.42,63.948338,67.18416877746583
68,65.73,70.09973,67.91486572265626
70,100.745,71.59287,86.16893630981446
98,113.065,95.11111,104.0880534362793
92,118.445,121.02257,119.73378387451172
52,70.35,57.72008,64.03504066467285
71,60.68,58.098656,59.3893278503418
105,96.845,85.691345,91.26817260742187
72,67.035,75.252785,71.14389236450195
86,100.78,90.3335,95.55675186157227
52,56.645,56.18113,56.41306472778321
123,95.705,104.48124,100.09311965942382
87,78.215,85.78214,81.99857131958008
109,87.68,91.99445,89.8372267150879
77,99.73,83.28184,91.50591873168946
103,93.965,86.89274,90.42886917114258
88,100.86,105.59981,103.22990386962891
79,66.73,79.86319,73.29659484863282
129,106.635,110.86681,108.75090682983398
70,70.665,61.29305,65.9790244293213
94,90.1,83.146904,86.6234519958496
89,79.33,75.34344,77.3367185974121
105,100.45,96.733795,98.5918975830078
60,70.27,56.769566,63.51978279113769
90,99.55,100.16921,99.8596061706543
119,108.73,100.1518,104.44090103149415
52,64.07,55.721367,59.895683441162106
95,77.385,79.517,78.45099914550781
143,108.305,112.5758,110.44039901733399
52,78.1,67.37083,72.7354133605957
80,78.305,77.62647,77.96573623657227
108,120.83,115.54022,118.18511108398437
135,91.03,124.51125,107.7706266784668
94,103.465,105.16872,104.31685821533203
179,136.815,156.0185,146.41674682617187
169,138.7,161.30186,150.0009323120117
61,85.235,80.13079,82.68289535522462
159,139.125,154.50702,146.81600952148438
107,131.445,120.12613,125.78556457519531
184,165.175,184.44873,174.811865234375
119,115.67,115.60712,115.63855834960938
122,109.955,116.37389,113.16444686889648
190,151.535,150.48308,151.00903900146483
109,91.095,106.19344,98.64422164916992
153,139.885,141.27164,140.5783184814453
135,122.88,128.28403,125.58201354980469
157,138.895,142.47778,140.6863916015625
123,114.185,120.81785,117.5014241027832
96,92.95,105.470825,99.21041259765624
110,121.035,120.555824,120.79541213989258
147,140.045,149.22118,144.63308807373045
115,116.475,121.79422,119.13460998535156
165,131.355,157.05751,144.2062551879883
227,171.675,201.66942,186.67220916748047
108,114.545,132.29591,123.42045684814454
128,128.85,130.87637,129.86318664550782
145,156.075,153.72005,154.89752349853515
126,137.665,151.7832,144.72410156249998
120,123.915,125.05652,124.48575927734376
110,118.01,119.17722,118.5936116027832
192,149.795,162.69347,156.2442330932617
115,101.155,110.5328,105.84389938354492
234,169.21,198.07936,183.64468048095705
270,238.775,243.557,241.16600341796874
182,135.06,168.47806,151.76902893066406
169,164.155,173.51315,168.83407653808592
76,86.015,88.47538,87.24518997192382
76,87.815,67.90595,77.86047622680664
49,57.65,56.3748,57.0124008178711
161,140.975,155.10706,148.04102783203126
57,83.6,66.541046,75.07052307128906
181,117.155,146.63515,131.89507354736327
105,95.015,104.98691,100.00095397949218
162,168.685,161.50215,165.0935757446289
109,116.17,102.18501,109.17750640869141
48,50.56,46.999523,48.7797615814209
178,146.745,164.62671,155.6858544921875
100,100.695,109.34507,105.02003494262695
104,121.385,116.93272,119.15885818481445
133,129.69,142.60284,136.14642211914062
183,157.13,164.73813,160.93406433105469
88,88.67,90.76804,89.71902175903321
123,129.855,122.91546,126.3852293395996
130,130.96,135.3397,133.14985321044924
123,119.31,119.256226,119.28311279296875
101,89.55,89.35967,89.45483627319337
125,114.305,110.35001,112.32750686645508
103,130.715,108.70225,119.70862380981445
98,89.735,94.64589,92.19044464111329
81,80.025,88.92382,84.47441024780274
51,65.395,58.66208,62.028539428710936
35,44.955,37.40467,41.179835357666015
127,140.645,127.262924,133.95396209716796
93,93.65,101.384834,97.5174171447754
81,87.255,77.3542,82.3046011352539
100,89.325,103.540985,96.43299255371093
93,96.825,94.77362,95.79931030273437
207,182.01,196.1373,189.07364929199218
150,143.565,129.78636,136.67568084716797
86,65.54,80.6623,73.10115005493165
142,131.72,141.23595,136.47797332763673
158,128.74,141.78926,135.2646304321289
102,91.755,89.05661,90.40580505371094
193,187.075,194.99432,191.03466186523437
125,123.175,116.24323,119.7091163635254
71,60.665,68.72405,64.6945262145996
83,87.62,89.83301,88.72650390625
110,115.81,114.72835,115.26917388916016
159,138.55,145.59662,142.07330932617188
83,88.44,87.055115,87.74755737304687
128,121.705,115.72121,118.71310333251952
85,97.29,83.636505,90.46325256347657
42,55.47,41.751183,48.61059127807617
46,57.35,47.39731,52.373654174804685
184,169.865,174.78639,172.32569610595704
87,86.175,82.66737,84.42118682861329
225,147.145,197.62198,172.3834893798828
93,76.725,85.86426,81.29462890625
126,124.31,124.28957,124.2997868347168
54,66.065,73.061104,69.56305191040039
110,126.685,117.09476,121.88987854003906
118,119.61,133.26282,126.43640869140626
105,131.96,112.09486,122.02742813110352
113,135.27,126.07951,130.67475677490233
96,97.65,93.11007,95.38003463745117
177,160.295,167.94379,164.11939331054685
54,40.43,61.174778,50.802388992309574
62,78.075,61.025,69.55000076293945
99,99.85,95.93025,97.89012603759765
113,92.83,106.3664,99.59820083618163
79,91.125,91.52857,91.32678604125977
94,95.87,91.99152,93.9307618713379
105,104.74,103.7992,104.26960098266602
106,101.8,110.836586,106.31829299926758
159,138.43,156.21205,147.32102569580078
89,104.635,101.691475,103.16323745727539
115,94.195,106.321754,100.2583772277832
165,155.665,157.74342,156.704211730957
74,53.045,63.15044,58.09772010803223
141,122.25,136.54701,129.39850616455078
133,139.81,134.3866,137.09829833984375
81,86.97,75.816124,81.39306198120117
77,70.525,70.46901,70.49700469970703
57,51.46,51.742046,51.60102317810059
121,156.68,145.30913,150.9945639038086
52,71.21,72.89487,72.05243347167968
224,170.35,186.18033,178.26516418457032
152,130.055,124.802956,127.4289778137207
140,128.46,131.15863,129.8093151855469
88,96.24,96.74811,96.49405395507813
94,84.43,78.76525,81.59762557983399
64,93.39,62.200283,77.79514152526855
58,51.48,44.007904,47.74395202636718
49,61.43,48.6934,55.061700668334964
37,47.775,30.08785,38.93142528533936
63,49.375,53.644264,51.5096321105957
62,77.74,65.94037,71.84018432617188
56,66.435,60.832977,63.63398864746094
58,56.61,49.530533,53.07026641845703
66,46.2,49.223217,47.711608505249025
43,48.56,44.79232,46.67616012573242
49,70.555,61.434654,65.99482711791993
21,34.365,17.670149,26.017574424743653
74,85.67,83.914536,84.79226776123048
56,49.89,60.104862,54.99743110656738
27,32.205,27.586737,29.895868339538573
44,41.52,41.15554,41.3377702331543
68,45.6,54.929413,50.264706420898435
31,40.005,40.38164,40.193320693969724
40,38.225,41.746204,39.98560218811035
64,72.64,68.71255,70.67627365112304
53,53.81,53.68285,53.7464249420166
45,42.765,44.865044,43.81502182006836
54,39.755,51.385017,45.57000869750976
69,82.695,71.2788,76.98690048217773
9,38.14,19.138763,28.639381713867188
93,45.75,60.34356,53.04677963256836
51,63.115,39.759113,51.437056655883794
37,54.77,41.728245,48.249122390747075
57,81.11,69.53991,75.32495468139649
65,40.37,52.61625,46.49312454223633
59,86.225,54.35395,70.28947525024414
51,59.465,52.259262,55.86213104248047
69,72.7,75.08627,73.89313659667968
164,158.93,166.84853,162.88926300048828
94,101.82,100.64485,101.23242584228515
76,69.99,85.752174,77.87108718872071
102,86.72,96.12108,91.42053924560547
95,83.58,98.053116,90.81655792236327
77,90.325,74.17208,82.24854049682617
161,168.405,180.6971,174.55104888916014
161,189.605,174.1806,181.89280151367188
154,139.055,128.9061,133.9805487060547
112,111.62,119.63638,115.62819152832031
127,123.99,127.67514,125.83257019042969
60,63.025,62.895752,62.9603759765625
174,169.875,170.54791,170.21145629882812
184,164.17,157.5357,160.8528527832031
186,140.7,157.78424,149.24212036132812
118,142.29,132.66267,137.47633697509764
94,80.655,85.767845,83.2114225769043
148,181.85,162.63965,172.24482421875
115,105.215,123.97799,114.59649459838867
93,107.18,110.22076,108.70037826538086
31,49.705,32.31188,41.00843910217285
76,93.82,90.311935,92.06596771240234
72,81.65,90.41382,86.0319091796875
76,77.975,74.19359,76.08429412841797
130,132.01,129.7728,130.89139831542968
143,93.945,115.955505,104.95025268554687
146,120.755,141.84038,131.2976889038086
103,92.67,95.352806,94.0114030456543
93,104.355,91.47907,97.9170362854004
52,66.61,70.07676,68.34337966918946
79,83.925,84.049255,83.98712768554688
121,152.74,131.31769,142.02884399414063
148,130.585,141.87497,136.22998474121096
65,84.845,62.939846,73.89242301940918
51,58.62,53.5585,56.08924919128418
58,48.92,47.43783,48.178915939331056
73,68.66,61.642223,65.15111167907715
75,118.865,90.237404,104.55120193481446
50,60.46,57.785076,59.122538070678715
54,70.525,49.577545,60.051272583007815
43,54.585,40.526104,47.55555198669434
42,39.79,41.24043,40.51521446228027
52,45.155,48.058807,46.60690368652344
34,53.935,44.440056,49.187527923583986
41,38.355,41.53665,39.94582580566406
45,66.815,54.021503,60.41825172424316
61,46.025,56.4185,51.221749496459964
64,72.47,57.3212,64.89560066223144
91,57.83,80.306175,69.06808761596679
57,47.795,37.96704,42.8810205078125
54,44.0,50.44087,47.22043418884277
63,82.07,63.553123,72.81156173706054
48,55.39,48.919445,52.1547225189209
31,51.625,37.535755,44.58037757873535
78,77.635,70.05825,73.84662521362304
24,46.99,34.889603,40.93980133056641
76,52.995,71.828445,62.41172271728516
57,60.905,55.67211,58.288555755615235
47,46.54,38.253307,42.396653671264644
115,116.13,123.49565,119.81282562255859
123,147.68,141.14258,144.4112890625
118,93.23,99.06979,96.14989685058595
117,83.97,100.88833,92.42916427612305
101,97.34,98.16147,97.75073425292969
114,102.08,114.04308,108.06154159545898
103,92.83,98.14423,95.48711685180663
111,116.0,116.11565,116.05782318115234
78,87.695,72.42111,80.05805603027343
159,139.69,147.7496,143.7198016357422
108,116.74,110.170105,113.45505249023438
63,80.24,75.9574,78.09869873046875
92,92.48,101.61365,97.04682373046876
102,99.255,101.48668,100.37083953857422
121,112.335,110.534225,111.43461273193358
80,89.98,88.800156,89.39007781982423
51,57.385,61.826454,59.605727081298824
85,87.8,91.895325,89.84766235351563
111,100.405,100.00625,100.20562423706055
174,167.04,165.49828,166.26913787841795
124,110.99,127.392944,119.19147216796875
63,91.975,71.93479,81.9548957824707
128,121.095,115.79352,118.44425903320312
87,91.41,78.77153,85.09076507568359
120,110.595,116.434616,113.5148080444336
102,93.7,100.77242,97.23621139526367
103,106.625,111.62656,109.12577819824219
161,151.1,156.72089,153.9104431152344
60,79.695,74.48215,77.08857360839843
112,104.2,102.657364,103.42868194580078
87,74.875,83.01389,78.9444465637207
141,153.06,157.21127,155.1356365966797
55,71.77,65.63971,68.70485473632812
184,160.595,187.01074,173.80287109375
106,104.2,95.84818,100.02409133911132
122,110.285,110.827354,110.55617721557617
4,37.75,12.265504,25.007751941680908
65,91.47,87.28496,89.3774789428711
113,88.435,105.043335,96.73916748046875
200,162.055,175.9865,169.02074798583985
151,166.65,168.51085,167.5804244995117
181,177.325,156.17911,166.7520538330078
121,105.885,107.526855,106.705927734375
108,106.51,110.43981,108.47490585327148
106,111.925,117.68425,114.80462493896485
83,83.675,83.840454,83.75772705078126
141,159.04,153.24503,156.1425128173828
135,111.245,118.278046,114.76152282714844
156,165.855,160.96082,163.40790771484376
74,59.29,73.781815,66.53590728759765
114,120.12,115.90977,118.01488357543946
114,96.985,100.63767,98.81133621215821
43,65.485,62.293674,63.88933723449707
86,90.005,82.97754,86.49126953125
98,105.41,102.17106,103.79052932739258
88,96.805,91.62009,94.21254333496094
85,76.465,80.07784,78.27142135620117
59,74.885,68.40316,71.64408004760742
115,123.435,117.52832,120.48166015625
66,66.415,76.652504,71.53375198364259
125,110.015,112.01916,111.01707870483398
177,133.485,154.71153,144.09826629638673
82,91.84,99.75934,95.79966918945313
179,148.605,157.56592,153.085458984375
93,87.285,98.84419,93.0645962524414
81,94.35,86.69295,90.52147369384765
86,74.795,78.13747,76.46623321533204
125,131.095,126.08909,128.59204421997072
60,60.88,78.51112,69.69556182861328
108,101.08,106.06077,103.5703840637207
116,158.875,138.15073,148.5128631591797
87,95.75,93.53539,94.64269638061523
57,54.68,62.26541,58.472705688476566
109,110.865,100.70456,105.78477966308594
85,89.065,94.42188,91.74344131469726
173,148.35,161.25723,154.80361633300782
85,81.16,81.55912,81.35956008911133
87,88.655,83.84119,86.24809326171875
96,103.745,102.24938,102.99719100952149
115,123.35,107.67451,115.51225357055664
69,66.285,64.294586,65.28979309082031
169,152.4,153.42128,152.91063995361327
119,113.09,115.47294,114.28146926879883
67,75.595,75.08261,75.33880554199219
95,99.625,90.11551,94.87025451660156
121,115.905,123.32616,119.61557830810547
96,87.985,84.32992,86.15745895385743
86,102.88,88.77516,95.82758087158203
107,108.735,99.775604,104.25530212402344
116,110.465,103.0678,106.76640121459961
144,127.94,145.72403,136.8320147705078
44,74.315,49.03575,61.67537567138672
90,93.335,92.30523,92.82011459350585
74,89.285,83.54637,86.41568572998047
84,92.57,87.63577,90.10288635253906
153,153.79,169.9418,161.8659014892578
83,81.715,84.1715,82.94325057983399
81,89.14,90.56993,89.85496551513671
102,93.315,100.36667,96.84083435058594
122,127.875,119.63997,123.75748443603516
113,113.915,104.12908,109.02204086303712
91,76.985,85.974434,81.4797169494629
123,131.04,131.54506,131.29252960205076
161,144.395,158.10986,151.252431640625
131,122.305,131.62196,126.96348175048828
126,127.44,127.74714,127.59356948852539
102,96.51,103.739624,100.12481201171875
154,154.925,161.3647,158.1448501586914
61,71.98,62.388817,67.18440841674806
86,122.345,101.82941,112.08720336914062
117,123.69,126.967026,125.32851287841797
182,158.085,156.88864,157.48682067871096
102,100.74,86.697296,93.71864807128907
55,76.24,72.603455,74.42172729492188
139,111.95,126.334,119.14199981689453
115,106.065,116.417595,111.24129745483398
105,126.8,105.50274,116.15136947631837
97,102.265,106.35306,104.30902893066406
74,83.915,74.3317,79.12335159301759
50,75.82,59.878937,67.84946838378906
73,96.205,83.540344,89.87267211914062
129,138.525,140.58255,139.55377502441405
132,100.345,124.979095,112.66204772949219
102,103.455,92.82532,98.14015869140624
67,60.77,62.216236,61.49311805725098
107,101.045,102.2643,101.65464874267579
71,71.85,67.12723,69.48861389160156
32,56.38,55.04116,55.710580291748045
91,110.5,111.40102,110.95050811767578
69,98.515,91.50187,95.00843460083007
66,69.705,61.40996,65.55748085021972
104,105.985,104.668526,105.3267628479004
144,163.47,142.06375,152.76687561035158
153,122.065,145.27536,133.67018005371094
103,113.825,100.29101,107.05800399780273
151,131.455,135.61554,133.53526977539065
120,94.27,105.685455,99.9777276611328
49,68.435,62.419643,65.4273217010498
149,154.995,143.70715,149.35107666015625
99,106.26,97.053825,101.65691268920898
110,94.47,97.17708,95.82353912353516
101,94.11,105.6429,99.87644927978516
88,92.435,96.52064,94.47781875610352
125,114.375,119.99779,117.18639373779297
178,171.38,173.96036,172.6701788330078
87,99.525,112.26018,105.89258880615235
181,128.775,160.10072,144.43786163330077
57,54.72,61.24478,57.98239074707031
68,92.96,86.634346,89.79717300415038
75,91.645,75.339874,83.49243713378905
65,62.99,63.695232,63.342616195678715
67,79.775,75.84616,77.81058044433594
155,140.28,150.32573,145.30286468505858
87,90.115,89.99299,90.0539942932129
100,90.98,92.62541,91.80270599365235
86,73.33,75.97503,74.6525144958496
159,137.625,154.4654,146.04519653320312
59,73.335,63.991238,68.66311882019042
92,92.385,91.836174,92.11058700561523
106,99.855,99.5223,99.68865036010743
52,50.23,55.092335,52.66116737365722
119,114.615,119.62875,117.12187683105469
85,86.005,86.883255,86.4441275024414
84,110.58,91.3896,100.9848013305664
78,78.145,84.077965,81.11148239135741
70,76.19,73.6639,74.92695114135742
88,80.615,95.11433,87.8646632385254
85,92.75,93.657036,93.20351791381836
122,127.135,131.56145,129.34822357177734
121,121.12,138.419,129.76950317382813
196,156.935,164.48344,160.7092221069336
80,93.815,89.45312,91.63405868530273
93,81.56,86.03979,83.79989364624024
74,84.53,79.7492,82.13959945678711
103,96.44,94.37994,95.40996810913086
128,117.54,130.69376,124.11687805175782
177,156.28,161.53362,158.90680755615233
109,87.96,99.14164,93.55081985473632
65,83.55,79.317345,81.43367233276368
161,134.585,149.38814,141.98656890869142
110,111.1,108.08324,109.59161834716797
119,117.765,120.44502,119.1050112915039
66,73.4,77.01014,75.20506973266602
90,85.985,82.75778,84.37139099121094
185,164.695,176.56532,170.63016143798828
95,85.505,88.3495,86.92725128173828
93,106.445,94.73966,100.59233108520507
80,70.115,72.676346,71.39567291259766
41,56.96,41.4129,49.186449508666996
49,50.025,42.15447,46.08973426818848
22,41.515,25.269999,33.39249927520752
35,32.58,28.411997,30.49599842071533
87,98.365,94.49906,96.43203079223633
53,61.405,56.717083,59.06104148864746
27,34.19,33.825813,34.007906646728514
59,50.03,52.4383,51.23415054321289
47,41.46,50.051964,45.755981903076176
91,76.69,81.99932,79.34466049194336
37,48.9,48.631657,48.76582832336426
69,68.95,60.36195,64.65597496032714
49,42.935,41.910076,42.42253807067871
67,47.55,58.219437,52.884718322753905
52,64.25,54.791527,59.5207633972168
68,77.98,77.06919,77.52459548950196
87,68.55,67.08322,67.81661071777344
65,77.73,64.2499,70.98995040893556
18,42.165,34.315784,38.24039222717285
77,79.885,82.49194,81.1884716796875
47,59.19,47.065964,53.12798187255859
48,57.99,48.970528,53.480263824462895
69,81.765,72.29279,77.02889663696288
36,46.71,40.976105,43.84305236816407
82,47.63,60.41651,54.02325576782226
69,58.87,57.256454,58.06322723388672
68,93.785,59.097347,76.44117362976074
75,57.845,69.578445,63.711722717285156
40,50.52,44.786903,47.65345169067383
52,44.64,44.773247,44.70662338256836
54,58.83,57.791836,58.310917892456054
102,112.245,100.192665,106.21883255004883
36,67.115,67.61745,67.36622344970704
182,138.99,157.96515,148.47757446289063
145,117.775,145.7812,131.7781021118164
79,80.82,84.04416,82.43207946777343
85,75.96,87.727165,81.84358261108397
120,127.68,116.51614,122.09807189941407
114,98.885,98.56805,98.7265232849121
221,189.725,202.85143,196.28821258544923
112,128.405,109.93152,119.16825927734375
59,66.985,61.78574,64.38536994934083
106,119.52,116.82976,118.17487884521483
105,110.18,102.66697,106.4234846496582
58,59.45,57.201046,58.32552299499512
198,171.835,180.15756,175.9962811279297
101,123.66,111.992424,117.82621200561523
75,93.265,81.04234,87.15367156982421
40,52.09,53.260185,52.67509262084961
131,97.085,117.40535,107.24517486572265
60,58.32,65.62142,61.97071090698242
84,99.535,89.76751,94.65125473022461
150,139.635,141.3234,140.4791973876953
79,87.49,85.96445,86.72722351074219
97,84.31,88.9187,86.6143505859375
128,120.325,126.91543,123.62021408081054
123,157.655,131.71649,144.68574584960936
43,67.35,53.105755,60.22787742614746
101,100.225,94.00795,97.11647491455078
78,82.555,75.85231,79.20365509033203
130,99.305,111.31744,105.31121810913086
120,127.895,125.70793,126.80146575927733
93,99.245,101.829475,100.53723770141602
158,151.835,153.75586,152.79542968750002
90,119.145,107.83828,113.49163986206054
48,66.045,49.01006,57.52752967834473
20,39.535,24.801369,32.16818435668945
80,92.375,82.937614,87.65630722045898
114,104.61,108.076035,106.34301727294923
152,111.115,130.60179,120.85839569091797
97,91.37,88.05546,89.71272903442383
103,107.84,112.32476,110.08238021850586
117,115.505,131.7457,123.62534851074219
41,78.78,45.30978,62.044890060424805
61,77.75,56.709488,67.22974395751953
60,72.77,60.471416,66.62070823669433
47,52.775,45.968357,49.37167854309082
90,102.995,93.87492,98.43496185302735
58,55.515,44.066154,49.790577239990235
55,68.775,56.538628,62.65681381225586
48,56.125,51.059128,53.592063903808594
30,51.28,41.33937,46.30968536376953
48,43.59,41.53746,42.56373016357422
83,85.56,77.28871,81.42435577392578
42,51.77,52.506905,52.138452301025396
53,40.31,44.552475,42.43123748779297
51,44.02,48.849224,46.43461204528809
35,37.195,31.911158,34.55307880401611
66,41.55,52.550518,47.050259017944335
46,37.66,48.858578,43.25928886413574
48,72.18,53.87128,63.02564033508301
46,44.735,48.4776,46.606300048828125
52,40.2,42.210117,41.20505867004395
82,85.28,82.44748,83.86373962402344
24,45.355,32.281002,38.81800102233886
88,53.445,71.19725,62.321125183105465
112,94.2,95.992096,95.0960479736328
109,89.505,105.136894,97.3209471130371
49,69.255,51.51894,60.38696998596191
63,64.23,63.24224,63.73612045288086
54,55.525,52.334614,53.92980690002442
46,47.07,45.49841,46.284204635620114
81,106.445,94.935356,100.69017807006836
77,67.83,69.91943,68.87471679687499
101,85.39,104.863335,95.12666732788085
134,120.155,129.10121,124.62810577392578
151,122.37,136.83365,129.60182434082031
107,98.98,108.061806,103.52090286254884
93,97.635,88.30892,92.97196090698242
97,118.915,99.37714,109.14606811523439
85,82.36,80.02026,81.1901318359375
55,75.965,65.25031,70.60765640258789
110,145.475,125.92757,135.70128326416017
177,167.93,169.78668,168.85834106445313
95,84.9,93.99239,89.44619674682617
157,135.87,150.08247,142.9762368774414
102,99.425,104.444305,101.93465270996094
179,150.67,156.48904,153.57952209472654
57,59.965,62.592163,61.27858154296875
139,120.82,126.49418,123.65708938598632
106,113.08,114.51585,113.7979231262207
110,108.485,110.0803,109.28264968872071
102,89.575,91.46678,90.52089080810546
76,91.745,82.1642,86.95459991455078
89,85.215,92.03859,88.62679473876953
106,124.015,112.39508,118.20504028320312
165,181.945,166.52151,174.23325744628906
116,111.655,113.73429,112.69464553833008
126,127.545,135.60004,131.57251831054688
60,74.775,55.626163,65.20058174133301
23,40.495,31.389807,35.942403373718264
48,71.49,64.78441,68.13720428466797
106,93.095,99.60602,96.35050903320312
105,113.34,106.74965,110.04482452392578
57,64.735,67.54159,66.13829391479493
103,86.665,99.414764,93.03988220214845
130,128.265,134.86446,131.5647280883789
128,96.49,105.426125,100.95806228637696
108,90.81,99.86316,95.33657958984375
118,113.555,120.01116,116.78308090209961
114,120.9,125.03016,122.96507949829102
69,69.6,73.97598,71.78799133300781
84,84.57,83.56567,84.06783309936523
71,82.465,57.14123,69.80311576843262
79,92.345,77.63717,84.99108444213867
95,88.645,93.266335,90.9556672668457
90,95.425,96.599434,96.0122169494629
49,65.98,63.614567,64.79728340148927
104,115.875,116.89378,116.38439178466797
147,128.09,148.51971,138.3048571777344
144,153.95,154.9032,154.42659912109374
154,127.365,145.34613,136.35556518554688
80,80.51,81.64287,81.07643402099609
185,160.675,171.5414,166.1081985473633
72,91.245,89.47578,90.36038833618164
90,109.52,88.863815,99.19190765380858
117,129.97,121.89316,125.93157897949219
110,106.94,109.42317,108.18158599853516
117,109.98,113.9222,111.95110153198243
86,101.875,88.04769,94.96134567260742
169,140.675,152.03004,146.35252227783204
104,129.355,120.85105,125.1030256652832
102,88.91,99.08504,93.99751861572265
102,103.49,105.99355,104.74177658081055
102,105.28,106.177185,105.72859252929688
98,87.53,94.452095,90.99104751586914
58,63.86,55.811447,59.83572357177734
80,94.535,78.88629,86.71064575195312
150,151.43,159.96358,155.6967886352539
83,95.965,86.97404,91.46951858520508
181,143.14,152.77678,147.95838958740234
92,102.55,96.24581,99.39790573120118
104,100.165,101.0262,100.59559967041017
96,88.735,87.297005,88.01600234985352
161,149.875,168.9161,159.3955535888672
105,67.9,89.23458,78.56729049682617
177,163.055,171.98996,167.52247985839844
173,167.265,171.75742,169.51120788574218
217,184.15,197.46239,190.80619354248046
158,177.73,170.57628,174.15313934326173
130,129.755,127.44311,128.59905380249023
164,165.66,157.98056,161.82028015136717
180,149.81,164.36266,157.08632781982422
201,177.81,192.57066,185.19033172607422
140,144.515,143.05208,143.78353912353515
124,132.165,124.31968,128.24233963012693
99,86.455,89.78769,88.12134460449218
109,108.905,109.7794,109.34220184326172
135,143.345,132.28336,137.81417785644533
200,208.29,208.18135,208.2356753540039
231,228.665,234.6368,231.65089752197264
126,138.61,125.748566,132.17928283691407
143,137.465,129.3531,133.40905181884767
32,50.58,51.533226,51.056613006591796
122,130.225,130.75127,130.4881332397461
132,139.885,148.0611,143.97304809570312
117,144.725,125.50722,135.1161087036133
100,134.075,105.196075,119.63553771972656
95,105.55,100.627716,103.08885803222657
87,84.865,86.22714,85.54607116699219
88,95.17,96.09452,95.63226028442384
125,124.585,120.54895,122.56697509765624
111,105.355,115.92095,110.63797592163087
159,176.195,171.5951,173.89504638671875
158,167.04,164.59178,165.81589080810545
132,127.425,118.32941,122.87720336914063
130,125.235,118.07907,121.65703552246094
192,165.33,182.33292,173.83145812988283
170,167.78,168.20589,167.99294342041014
151,145.38,145.31163,145.34581512451172
96,108.77,104.609055,106.68952728271483
103,107.07,99.35921,103.21460357666015
199,175.195,189.39398,182.29449096679687
104,120.6,108.13595,114.36797409057617
118,134.325,119.46214,126.89357147216796
140,139.385,141.14539,140.26519287109375
114,127.55,111.21836,119.38418045043946
92,92.265,93.37247,92.8187335205078
140,154.06,148.61723,151.3386166381836
97,85.055,97.78969,91.42234405517578
99,104.72,103.84544,104.28272186279297
142,158.905,145.2037,152.05435241699217
94,91.215,88.523964,89.86948196411133
36,65.69,42.144554,53.917277069091796
25,35.48,15.853457,25.666728725433348
22,43.235,35.66127,39.44813507080078
27,24.6,22.825882,23.712940979003907
63,47.26,52.709274,49.98463714599609
39,38.685,36.446682,37.56584098815918
11,19.98,23.791203,21.88560127258301
34,35.875,33.914375,34.89468765258789
45,33.06,33.881676,33.47083786010742
25,28.19,24.752811,26.47140571594238
34,35.745,34.98954,35.36727005004883
21,25.87,14.147659,20.00882965087891
60,64.77,51.280453,58.02522636413574
24,29.06,28.047901,28.553950576782228
23,30.09,25.791983,27.94099132537842
31,26.595,23.627491,25.111245498657226
52,58.69,52.712418,55.70120880126953
17,22.0,16.547508,19.273754119873047
27,36.055,29.571783,32.81339153289795
37,25.97,34.3385,30.15425048828125
62,57.915,62.0514,59.98319961547851
71,65.285,59.0689,62.17695053100586
76,64.505,64.08749,64.29624313354492
35,28.435,29.13161,28.783305435180665
57,60.715,56.19241,58.45370475769043
15,23.11,19.322872,21.216436080932617
32,31.465,30.1284,30.796700401306154
65,58.75,60.4915,59.620750427246094
33,32.02,36.027916,34.02395797729493
18,31.325,22.842424,27.0837121963501
60,54.385,51.76133,53.07316482543945
38,33.075,34.807083,33.94104156494141
13,25.56,20.61915,23.089575080871583
90,85.0,89.431076,87.21553802490234
112,105.02,114.57472,109.79736114501952
121,105.97,125.025116,115.49755798339844
109,103.365,112.242355,107.80367767333985
187,149.47,181.70749,165.58874450683595
114,127.76,121.292694,124.52634704589843
102,97.925,106.216545,102.07077255249024
72,76.155,80.4191,78.28704895019531
48,57.58,56.680355,57.13017753601074
139,154.92,128.50179,141.71089263916014
112,104.245,103.67037,103.95768600463867
101,107.435,103.16888,105.30193832397461
72,84.465,76.01569,80.24034683227539
75,93.62,85.19869,89.40934616088867
139,144.5,146.89615,145.6980743408203
189,185.055,183.89264,184.47381958007813
128,119.635,120.91325,120.27412689208984
91,99.07,93.707085,96.38854232788086
110,112.24,110.839935,111.53996765136719
88,102.69,91.44568,97.06783935546875
71,72.06,67.85507,69.95753601074219
127,118.47,126.017624,122.2438119506836
116,105.44,109.505684,107.47284194946289
97,105.68,106.96963,106.32481369018555
87,97.58,77.66738,87.62369064331054
115,108.845,106.93074,107.88787017822266
107,98.63,94.49688,96.56343978881836
80,79.245,87.06151,83.15325408935547
122,130.455,130.05685,130.25592712402346
68,75.3,64.20147,69.75073471069337
84,74.595,78.176346,76.38567291259766
158,163.14,162.14287,162.6414340209961
115,107.455,106.01986,106.73742965698241
119,111.18,123.78092,117.48046096801758
28,50.465,24.89475,37.67987529754639
65,91.985,59.43403,75.70951431274415
31,42.56,30.854254,36.70712688446045
11,18.535,10.857663,14.696331577301025
46,37.075,45.50755,41.29127464294434
26,24.88,26.534788,25.70739406585693
21,26.725,22.454962,24.5899808883667
22,21.86,24.57349,23.216745071411133
17,27.21,24.259298,25.73464916229248
68,50.85,54.12803,52.48901443481445
59,56.295,41.548412,48.921706161499024
29,37.305,33.821613,35.56330665588379
29,33.075,30.804855,31.939927673339845
53,34.165,42.590282,38.37764122009277
8,23.16,19.163778,21.161889152526854
16,20.245,21.489902,20.867451248168948
40,38.91,37.268635,38.08931739807129
69,59.445,68.80695,64.12597671508789
49,57.03,48.779224,52.90461219787598
18,19.3,16.295208,17.79760398864746
59,56.005,57.809906,56.907453002929685
12,24.465,25.947462,25.20623104095459
22,32.175,29.023148,30.599073791503905
50,52.72,55.82887,54.2744344329834
72,64.34,63.394627,63.86731330871582
27,27.005,22.748774,24.87688678741455
133,127.335,136.73123,132.03311584472655
112,122.21,116.2825,119.24625061035155
102,81.675,97.52034,89.59766998291016
91,92.835,91.827065,92.33103225708007
86,86.045,81.74985,83.8974237060547
78,86.08,80.23825,83.15912536621093
92,90.375,85.85896,88.11698150634766
96,84.99,95.18342,90.0867091369629
138,123.985,130.02364,127.00431793212891
70,74.625,72.240105,73.43255233764648
96,96.425,97.154655,96.78982772827149
103,120.955,105.67754,113.31627182006835
47,51.36,51.412537,51.386268310546875
86,80.355,95.76969,88.06234573364259
82,87.74,84.45149,86.09574615478516
114,114.895,131.71112,123.30306030273437
102,95.87,103.96938,99.91969161987305
104,94.0,91.48075,92.74037551879883
88,83.855,92.315155,88.08507751464845
21,70.8,47.1932,58.99659957885742
97,87.195,113.47995,100.33747497558593
77,82.24,86.222855,84.23142730712891
115,135.61,112.95682,124.28340881347657
102,104.26,97.52934,100.89467132568359
90,85.445,86.86434,86.15467086791992
64,58.17,58.197666,58.183833084106446
102,97.215,104.32268,100.76883880615235
92,94.305,106.11007,100.20753463745118
109,117.98,114.906525,116.44326232910157
105,101.265,106.72501,103.99500686645507
80,82.22,89.76676,85.99338088989258
89,87.7,93.66011,90.6800552368164
127,136.575,139.19731,137.8861557006836
187,165.925,174.26634,170.09567108154297
128,142.405,139.20229,140.80364288330077
118,117.755,111.87796,114.81648010253906
160,145.68,154.13657,149.9082830810547
137,123.6,136.10298,129.85149078369142
16,49.21,30.117325,39.663662414550785
228,207.38,210.29549,208.83774322509765
146,150.425,163.49242,156.95870819091797
148,147.64,152.73898,150.18949157714843
120,118.545,119.127686,118.83634277343751
99,92.12,101.05596,96.58798080444336
52,58.46,55.24996,56.854980926513676
101,112.74,104.19159,108.46579467773438
122,147.165,117.332726,132.24886276245115
97,71.005,96.367,83.68599838256836
125,117.395,119.91077,118.65288330078124
86,96.665,89.84344,93.25421859741212
83,97.285,84.74331,91.01415451049805
57,59.835,63.1696,61.50230072021485
92,93.97,93.41662,93.69330917358398
85,79.56,86.09731,82.82865646362305
108,108.06,108.94326,108.50163009643555
67,81.795,77.03702,79.41600891113282
67,76.56,63.78461,70.17230537414551
101,89.385,94.38073,91.88286483764648
100,111.305,114.623665,112.96433242797852
47,54.2,47.12758,50.66378936767578
144,150.835,157.74059,154.28779266357424
112,107.945,111.164116,109.55455795288086
94,89.085,84.58548,86.83523986816405
130,106.045,125.24953,115.64726348876954
131,129.47,128.70644,129.0882180786133
30,60.415,42.137108,51.27605392456054
64,90.495,64.71416,77.6045785522461
79,76.55,71.23956,73.89478149414063
176,174.685,168.42073,171.55286529541016
125,122.07,135.52216,128.79607788085937
123,114.035,113.791466,113.91323287963867
91,94.045,94.48126,94.26313110351563
126,110.67,124.35593,117.51296325683595
66,76.01,74.1493,75.07964981079101
151,123.255,138.09871,130.67685455322265
138,119.74,122.532394,121.13619720458985
78,88.56,84.58344,86.57172134399414
90,82.72,80.62974,81.67486892700195
90,94.28,80.85498,87.567490234375
93,94.425,86.16194,90.29347076416016
136,141.5,142.80106,142.15052795410156
86,86.63,89.71261,88.17130416870117
205,172.6,186.5411,179.5705535888672
81,107.935,84.547874,96.2414372253418
158,137.16,148.52504,142.84251983642577
117,134.54,113.77778,124.15888931274414
91,89.34,82.456314,85.89815704345703
65,73.94,72.62909,73.28454467773437
79,89.74,79.97446,84.85722839355469
172,164.59,178.26175,171.42587463378908
91,103.42,102.94153,103.18076416015626
37,72.35,60.40032,66.37515907287597
151,122.74,127.179016,124.95950805664063
60,83.21,67.86332,75.53665969848632
96,91.775,95.215706,93.49535293579102
207,186.945,208.32483,197.63491455078125
106,125.92,112.85342,119.38670822143555
125,117.76,114.915,116.33750045776367
97,95.885,88.37864,92.1318196105957
146,150.055,141.73447,145.8947332763672
79,75.94,74.381424,75.16071197509766
76,86.845,74.08155,80.46327529907227
207,201.175,205.97403,203.57451477050782
68,114.96,95.97181,105.4659046936035
45,100.255,64.47178,82.36338943481445
45,55.835,46.531113,51.18305633544922
120,127.71,124.018105,125.86405227661132
131,131.335,126.44236,128.88867996215822
88,80.91,79.47146,80.1907292175293
63,65.81,64.29781,65.05390670776367
140,142.355,151.8527,147.10385345458985
83,85.27,75.15034,80.21016860961913
116,109.345,104.355385,106.85019241333008
179,158.965,171.0173,164.99115173339845
103,101.025,109.76755,105.39627380371094
76,68.48,67.171936,67.82596801757813
102,113.72,110.83304,112.27651916503906
59,64.21,61.505253,62.85762641906738
87,94.77,88.47464,91.62231994628905
84,97.76,82.20473,89.98236358642578
153,118.46,135.26268,126.86134002685546
72,94.74,85.92408,90.33203994750977
130,129.155,128.91656,129.0357824707031
76,83.47,76.82662,80.14831100463867
127,113.65,125.241104,119.44555206298828
110,100.48,108.99886,104.73943161010743
68,82.455,77.36967,79.91233352661132
144,139.18,140.70847,139.94423278808594
43,67.415,46.627056,57.02102806091309
91,85.255,87.92765,86.59132522583008
103,121.22,113.43625,117.32812438964844
95,94.945,97.800896,96.37294784545898
132,122.975,122.870544,122.92277221679687
165,166.305,180.3022,173.3036001586914
109,117.81,111.985504,114.89775207519531
85,75.085,87.26103,81.17301605224608
87,96.585,85.19883,90.89191482543944
106,102.75,107.791534,105.27076721191406
83,87.83,90.68995,89.25997451782226
73,73.145,79.895706,76.5203530883789
104,100.76,109.954506,105.35725296020507
70,98.015,77.415726,87.7153628540039
195,154.25,164.0162,159.1331024169922
126,131.95,127.04707,129.4985366821289
55,71.345,63.209625,67.27731262207031
147,123.6,127.2408,125.42039947509765
126,132.17,131.41946,131.79473205566404
68,81.585,76.67408,79.12953994750976
87,88.415,82.25223,85.33361389160157
115,123.62,112.838524,118.22926193237305
96,88.0,94.022896,91.01144790649414
87,82.81,84.71973,83.76486328125
120,118.04,114.2087,116.12435104370118
69,65.04,59.244522,62.142261047363284
144,125.6,146.67099,136.1354949951172
98,113.715,102.64038,108.1776904296875
81,91.465,91.02555,91.24527542114258
129,116.395,123.206085,119.80054260253905
125,132.18,134.57767,133.37883361816407
97,106.365,104.82689,105.59594451904297
134,124.535,125.67968,125.10733993530273
177,163.415,171.51091,167.46295501708983
118,81.785,93.67934,87.73216827392578
73,79.605,83.234764,81.41988204956056
94,110.145,94.52242,102.33371139526366
116,112.005,113.73709,112.87104553222656
63,78.095,74.243996,76.16949783325195
85,97.41,93.310555,95.36027725219726
76,81.33,81.984024,81.65701202392577
143,136.155,144.5382,140.3465963745117
157,164.81,162.66035,163.7351773071289
102,97.715,98.15477,97.93488494873047
89,91.21,83.87452,87.54225967407226
116,97.59,107.4813,102.53565017700195
185,163.665,168.0956,165.88029815673826
146,152.27,148.73662,150.50330902099608
85,105.95,94.78248,100.36623916625976
110,122.88,118.93963,120.9098143005371
119,132.125,123.06856,127.5967788696289
92,101.57,99.001755,100.28587738037109
89,84.59,87.646545,86.11827270507813
144,147.495,135.87057,141.68278747558594
95,103.39,97.424736,100.4073680114746
115,120.95,115.11137,118.03068313598632
139,126.745,138.43806,132.59153228759766
83,106.98,95.797935,101.38896774291993
143,123.34,127.14274,125.24136917114258
149,161.35,153.61325,157.48162536621095
44,71.055,46.016033,58.535516586303714
31,44.555,21.389776,32.9723881149292
25,40.975,24.27868,32.6268404006958
25,30.715,19.48138,25.098190231323244
18,33.765,19.008053,26.386526412963867
33,46.49,34.90527,40.69763481140137
19,24.775,17.985561,21.380280685424804
7,27.045,22.190826,24.617913208007813
22,29.28,28.944555,29.112277641296387
7,19.635,15.298373,17.46668661117554
37,26.45,35.137157,30.793578720092775
11,24.435,18.314173,21.37458637237549
44,24.68,36.63133,30.655664291381836
14,20.49,20.532013,20.51100646972656
31,43.53,38.7775,41.153750076293946
52,39.865,46.725388,43.2951937866211
36,30.05,31.429113,30.73955669403076
28,28.17,26.089718,27.129858932495118
31,35.22,32.936787,34.07839332580566
29,20.765,23.327099,22.046049423217774
60,53.02,61.738365,57.37918258666993
11,21.97,21.274181,21.622090682983398
31,31.225,32.180923,31.702961730957032
17,23.19,20.664566,21.92728302001953
37,32.57,32.75738,32.66369071960449
8,21.32,17.46563,19.39281478881836
13,20.15,22.41947,21.28473491668701
22,28.995,25.364069,27.179534492492678
27,23.96,25.179026,24.569512825012207
27,38.7,28.086933,33.393466567993165
55,30.725,49.004032,39.86451606750488
98,95.295,113.634155,104.46457763671876
120,133.525,125.495094,129.5100471496582
150,129.045,133.60092,131.32296081542967
140,145.46,145.43297,145.44648406982424
129,134.795,140.11098,137.45298858642576
186,145.675,157.30933,151.4921630859375
88,113.05,101.623116,107.3365577697754
129,127.325,117.08302,122.20401153564453
187,174.08,188.72238,181.40119079589846
170,191.9,185.78632,188.84315795898436
108,117.835,108.08014,112.95756958007811
90,82.04,84.7447,83.3923487854004
100,94.75,94.43279,94.59139633178711
73,90.65,80.83707,85.74353332519532
175,153.855,151.11562,152.4853079223633
133,135.41,127.47059,131.440294342041
129,132.635,122.59475,127.61487472534179
145,135.405,149.3111,142.3580480957031
53,91.075,76.25957,83.66728363037109
143,117.39,127.116936,122.25346786499023
116,103.03,110.44038,106.73518814086914
132,126.985,123.529724,125.25736206054688
141,142.89,138.43634,140.66317016601562
12,47.205,15.05358,31.129290142059325
151,140.145,155.34235,147.74367309570312
95,69.26,79.9953,74.62765014648437
73,74.615,73.837395,74.22619735717774
137,130.89,140.66759,135.7787936401367
87,91.54,97.20236,94.37118103027345
145,133.535,139.57153,136.55326660156248
115,114.215,106.15837,110.18668548583985
95,93.87,92.7007,93.28534942626953
121,130.36,126.21629,128.28814666748048
101,87.665,97.396255,92.53062774658204
158,137.065,150.67473,143.86986419677734
113,105.075,103.14954,104.11227188110351
63,73.125,69.80594,71.46546936035156
138,154.355,143.94104,149.14802001953126
92,107.305,95.67876,101.4918783569336
237,195.16,220.96606,208.06303222656248
161,140.98,154.76881,147.87440704345704
104,116.765,99.4738,108.11940032958984
54,55.09,37.69783,46.39391510009766
24,36.02,20.612617,28.316308746337892
22,34.97,17.147903,26.058951721191406
60,86.545,54.795895,70.67044731140138
17,41.855,14.254633,28.05481647491455
26,35.955,28.98075,32.46787456512451
18,18.245,24.922924,21.583962020874026
26,35.41,28.448742,31.929370956420897
14,17.09,18.141867,17.615933341979982
52,33.23,45.58467,39.4073355102539
58,56.245,58.32263,57.28381591796875
63,63.945,55.74336,59.84417930603027
14,24.54,22.740562,23.64028121948242
14,27.69,23.68742,25.68870994567871
17,20.09,21.567791,20.828895492553713
62,59.96,61.137054,60.54852722167969
52,44.13,38.326538,41.22826904296875
16,25.195,24.663872,24.92943588256836
48,35.725,40.4196,38.07230072021484
33,43.82,32.39668,38.10833946228027
32,20.64,26.900723,23.770361251831055
66,53.3,55.650497,54.47524871826172
20,23.585,26.637112,25.11105583190918
35,37.755,37.048912,37.40195602416992
22,38.12,29.196213,33.658106384277346
31,42.585,44.228455,43.40672729492188
55,60.05,55.25067,57.650335693359374
21,22.455,23.754515,23.104757347106933
67,51.91,61.552475,56.73123748779297
17,33.51,16.41358,24.96178997039795
18,36.495,28.05385,32.2744250869751
98,95.415,110.65758,103.03628875732423
59,77.12,73.83311,75.47655349731446
101,109.805,118.79889,114.30194458007813
187,171.7,173.88062,172.7903076171875
134,117.565,136.76268,127.16384002685547
96,78.78,82.926445,80.85322250366211
162,168.12,155.58186,161.85093170166016
121,133.45,120.22637,126.83818588256835
132,141.765,127.44249,134.6037448120117
183,153.155,161.35614,157.25557006835936
189,174.57,182.04019,178.3050958251953
209,175.945,195.72899,185.83699432373047
145,153.175,147.68408,150.429541015625
124,114.795,119.0509,116.92295166015626
70,93.77,76.366776,85.06838775634765
162,132.595,158.1156,145.35530029296876
138,150.105,149.26273,149.68386291503907
135,140.325,133.51271,136.91885528564453
82,69.51,72.54135,71.02567565917968
69,80.99,72.862564,76.92628204345704
62,66.945,70.41162,68.678310546875
58,63.42,66.56149,64.99074645996095
51,61.86,64.841545,63.350772552490234
117,121.01,117.007675,119.00883758544921
80,86.06,71.952805,79.00640228271484
106,98.715,103.32408,101.01954071044922
161,132.36,145.6385,138.99925201416016
175,166.52,185.51035,176.01517272949218
57,77.855,65.91408,71.88453887939454
75,82.36,80.952995,81.65649765014649
80,100.29,78.48237,89.38618423461915
99,94.755,94.27181,94.51340621948242
115,123.66,122.51751,123.08875473022461
68,76.59,77.9723,77.28114883422852
143,131.765,137.45593,134.61046630859374
90,97.41,83.90966,90.65983016967773
129,138.975,129.07625,134.02562408447267
82,103.95,88.97893,96.46446380615234
132,105.02,99.44768,102.23383880615233
110,118.875,108.424164,113.64958190917969
125,131.185,125.130394,128.1576969909668
109,100.025,104.38541,102.20520324707032
154,122.505,119.323875,120.91443771362304
184,153.95,160.5253,157.2376495361328
139,148.97,130.07193,139.52096496582033
88,91.935,84.574265,88.2546322631836
144,126.905,129.71254,128.30876983642577
119,127.86,112.11893,119.98946350097657
243,180.305,200.1373,190.2211492919922
202,165.805,172.56955,169.18727478027344
36,93.15,83.73862,88.44430847167969
115,113.17,99.67784,106.42392059326173
64,73.775,70.42306,72.09902877807617
89,87.14,92.03421,89.58710510253906
111,96.06,93.60002,94.83001068115234
92,84.57,93.42416,88.99707809448242
31,68.05,63.12964,65.5898193359375
145,144.025,127.6493,135.837149810791
41,91.0,83.47221,87.2361068725586
34,57.08,43.636208,50.3581037902832
149,104.79,113.512085,109.15104248046876
132,138.345,132.21712,135.28105865478517
82,90.045,85.6341,87.8395509338379
125,99.705,94.80467,97.25483612060546
213,178.01,184.6504,181.33020294189453
66,95.745,88.33319,92.03909545898438
104,81.865,89.05236,85.45868026733399
113,117.63,106.13349,111.88174575805664
128,122.06,116.26968,119.16483810424805
121,127.065,122.83274,124.9488703918457
193,158.265,154.41139,156.33819610595702
62,99.45,83.09134,91.27066955566406
189,140.445,143.7357,142.09035125732422
87,111.66,87.55611,99.6080532836914
163,123.405,129.08485,126.24492706298828
171,150.725,154.47006,152.5975311279297
121,131.89,128.58641,130.23820526123046
271,192.945,197.35805,195.15152374267578
268,233.05,235.22606,234.13802947998047
93,112.88,117.04696,114.96347946166992
142,124.29,118.97168,121.63083984375001
208,179.445,169.92818,174.6865884399414
74,119.835,97.30422,108.56961105346679
148,135.245,129.49571,132.37035614013672
137,105.46,111.32003,108.39001510620116
73,103.615,83.551956,93.58347808837891
101,104.95,96.50008,100.72503814697265
111,132.36,113.89912,123.12955825805665
193,173.81,161.1776,167.49379852294922
157,158.445,130.58966,144.51733032226562
54,77.98,88.664894,83.32244705200196
202,116.04,131.28078,123.66038848876954
141,131.91,125.55416,128.73208053588866
151,136.435,121.40732,128.9211590576172
115,104.62,102.03524,103.32762008666992
134,123.35,122.33306,122.84153060913086
88,104.33,103.38,103.85499862670898
161,148.78,145.92676,147.35337890625
101,114.265,96.33483,105.29991561889648
86,103.265,85.23888,94.25193817138671
122,116.535,112.38616,114.46058090209961
159,156.97,154.23141,155.60070739746095
193,172.37,173.24937,172.80968719482422
37,82.69,91.70778,87.19888946533203
228,150.885,160.90189,155.89344299316406
131,151.54,123.07995,137.30997421264647
97,106.085,96.32115,101.20307586669921
159,154.55,146.39058,150.4702896118164
155,135.665,131.53679,133.60089447021483
114,115.35,117.84875,116.59937362670898
69,85.48,83.81201,84.64600585937501
151,109.545,125.73868,117.64183898925782
90,101.955,84.75803,93.3565168762207
28,87.61,88.88975,88.24987380981446
170,153.025,133.70601,143.3655044555664
139,134.645,123.79767,129.22133422851562
99,102.23,97.662155,99.9460775756836
144,140.405,136.37726,138.3911291503906
75,96.91,87.953575,92.43178756713867
105,94.75,82.681145,88.71557235717773
77,86.595,90.126785,88.36089263916016
95,88.03,78.009926,83.01996292114258
67,76.51,63.965576,70.2377880859375
76,82.895,72.12593,77.5104653930664
65,88.865,88.34793,88.60646545410157
84,75.455,58.646862,67.05093101501464
51,67.65,56.088406,61.86920280456543
122,82.23,97.91036,90.07018112182618
51,76.315,70.064835,73.18991729736328
71,73.91,64.451775,69.18088729858398
114,112.685,114.01164,113.34832122802734
46,79.36,78.867165,79.11358230590821
97,82.65,78.57164,80.61082000732422
74,78.96,76.40543,77.68271682739257
86,76.27,61.528923,68.89946151733398
109,90.925,84.15271,87.53885498046876
118,106.58,99.30995,102.94497589111327
88,85.71,79.65584,82.68291900634765
121,137.59,117.564575,127.57728759765625
77,109.93,90.761826,100.34591278076172
146,113.995,102.58426,108.28962951660156
75,111.395,92.41072,101.90286041259765
94,99.145,85.77304,92.45902038574218
83,78.56,64.48197,71.52098587036133
79,96.655,78.6932,87.67409957885742
63,61.675,61.418335,61.54666748046875
117,107.875,100.95935,104.41717529296875
75,87.495,67.48709,77.49104553222656
61,70.78,66.176895,68.47844757080078
96,89.72,79.268715,84.49435745239258
59,78.95,64.47418,71.71209106445312
92,89.76,86.2261,87.99304855346679
93,98.85,87.83331,93.34165649414062
149,131.125,123.232574,127.17878723144531
163,126.465,123.585754,125.02537719726563
98,101.075,98.769684,99.9223419189453
88,97.52,86.729706,92.12485290527343
84,77.115,78.108925,77.61196243286133
176,149.96,173.03127,161.49563262939455
249,219.24,202.12296,210.68147766113282
165,136.305,148.50714,142.40607055664063
126,138.475,124.14436,131.30968170166017
100,104.625,90.39225,97.50862503051758
96,89.365,98.65069,94.00784408569336
141,112.955,126.61128,119.7831411743164
186,181.125,175.91034,178.51766967773438
215,213.48,190.43106,201.95553039550782
189,203.73,185.37556,194.55278228759767
213,225.9,193.22205,209.56102294921874
101,107.875,117.25162,112.56330871582031
135,127.365,110.74146,119.05323135375977
117,112.24,126.10327,119.1716357421875
177,145.68,154.295,149.98749908447266
137,125.77,127.414925,126.592462310791
144,142.375,127.05066,134.71282958984375
309,217.87,221.3797,219.62484985351563
183,133.69,141.90257,137.79628631591797
312,183.16,230.19868,206.6793423461914
197,171.795,157.80865,164.8018273925781
173,172.61,150.63838,161.6241909790039
185,174.58,161.76515,168.17257598876955
113,117.72,117.68824,117.70412002563477
159,125.06,130.62004,127.84002044677734
143,152.89,138.5213,145.70565063476562
185,184.99,167.42746,176.20872985839844
162,160.475,150.3589,155.41695098876954
50,83.445,77.14821,80.29660430908203
72,72.83,74.91306,73.8715315246582
82,115.225,91.12475,103.17487411499023
63,68.98,55.29481,62.13740562438965
131,111.135,108.756134,109.94556701660156
151,137.865,131.77686,134.820927734375
56,81.7,77.121185,79.41059265136718
78,69.245,63.029106,66.13705307006836
137,125.955,107.26116,116.6080809020996
98,102.835,94.07827,98.45663497924804
31,94.17,72.639824,83.40491195678712
93,90.06,72.01501,81.03750350952149
153,144.805,125.81237,135.3086851501465
177,138.755,138.54936,138.6521810913086
67,95.855,76.748375,86.30168746948243
130,97.185,115.051254,106.11812713623047
96,105.595,98.58482,102.08991180419922
64,82.64,70.73871,76.68935424804687
117,130.005,119.55012,124.77755874633789
32,69.855,39.111507,54.483253707885744
105,69.225,83.03481,76.12990646362304
66,81.285,71.47607,76.38053329467773
72,76.055,61.676926,68.86596282958985
53,72.205,68.583694,70.3943472290039
95,91.44,89.62736,90.53367874145508
73,86.71,84.55746,85.63372848510741
117,98.44,98.45853,98.44926330566406
171,156.38,145.78976,151.08488220214844
90,94.635,104.93236,99.78367889404296
169,121.13,119.301895,120.21594757080078
135,132.395,118.65937,125.52718521118165
172,156.12,146.03847,151.07923370361328
178,158.305,155.12529,156.7151449584961
183,131.99,133.00734,132.49866973876954
128,131.03,116.993164,124.01158203125
96,105.715,97.80548,101.76024047851563
78,106.74,94.57686,100.65842926025391
155,105.975,120.14963,113.06231384277343
173,193.47,188.40442,190.93720947265626
198,182.635,171.60376,177.1193798828125
135,144.575,137.75005,141.1625228881836
158,155.265,140.40854,147.83676940917968
184,180.415,177.16174,178.78837158203123
207,169.545,179.41124,174.4781198120117
129,137.64,133.35458,135.49729187011718
184,144.01,145.6101,144.8100537109375
101,123.98,114.16849,119.07424377441407
249,150.09,156.30428,153.19713775634767
152,118.95,127.96206,123.45602951049804
165,144.14,128.23291,136.186455078125
267,224.03,232.80493,228.4174658203125
133,114.425,135.09302,124.7590087890625
183,145.62,151.39807,148.50903564453125
315,228.76,245.69928,237.22963989257812
122,111.115,107.40628,109.26064025878907
151,135.63,145.19044,140.41022247314453
111,128.67,125.28187,126.97593399047851
152,137.715,139.49887,138.6069354248047
131,136.865,125.86566,131.36533081054688
202,160.635,169.09204,164.8635205078125
140,164.645,136.27444,150.45972229003905
136,149.67,128.05272,138.86135955810545
79,85.875,89.92879,87.90189361572266
105,90.91,99.56124,95.23562057495117
113,113.695,105.5783,109.6366502380371
142,126.87,119.11194,122.99096923828125
116,128.785,109.2396,119.01230056762695
63,88.97,70.16024,79.56512008666992
95,97.23,94.29089,95.76044677734376
186,130.4,138.97365,134.68682403564452
155,156.98,135.73357,146.35678314208985
142,110.01,117.791725,113.9008625793457
86,118.035,99.16897,108.6019841003418
93,84.29,85.29918,84.79458953857423
157,155.305,144.79527,150.05013641357422
153,151.255,131.31125,141.28312438964844
126,131.1,114.71493,122.90746383666992
74,93.295,104.61802,98.95650955200196
120,111.98,101.675255,106.82762741088868
102,119.865,119.577484,119.72124206542969
115,118.335,114.69083,116.5129132080078
102,87.22,100.92262,94.07131134033203
144,127.42,124.98336,126.20168014526368
88,95.49,90.55722,93.02361022949219
116,127.965,111.73854,119.85177032470703
111,117.48,110.311066,113.89553283691407
169,152.77,165.35841,159.06420684814452
104,109.015,110.734024,109.87451202392577
92,93.035,79.55832,86.29665954589844
207,160.965,163.89722,162.43110839843752
94,100.045,94.54224,97.29361816406251
155,141.62,143.12169,142.37084442138672
117,129.67,112.722496,121.19624801635742
82,87.25,83.77759,85.5137939453125
128,94.965,103.69093,99.32796661376953
85,124.725,116.38644,120.55571823120117
112,88.485,83.58259,86.0337940979004
78,92.825,84.63449,88.72974548339843
154,107.745,133.87961,120.81230407714844
108,128.285,113.90342,121.09420974731445
214,144.24,165.84668,155.04333984375
137,127.56,135.00839,131.2841961669922
199,151.525,149.18135,150.3531753540039
122,168.49,128.39728,148.44363891601563
123,126.08,121.27423,123.67711547851562
116,123.27,120.10232,121.68615890502929
145,151.79,154.88663,153.3383135986328
93,103.92,91.45524,97.68761917114259
172,141.43,142.92128,142.17563995361328
78,83.54,72.0377,77.78884841918946
159,113.32,123.41643,118.36821380615234
125,132.6,134.84761,133.72380523681642
149,166.85,153.90909,160.37954406738282
142,123.205,137.0704,130.13770202636718
125,115.18,104.84033,110.010166015625
138,140.48,136.18323,138.33161376953126
131,152.82,132.85329,142.83664337158203
142,137.99,132.81412,135.40205871582032
87,90.965,93.17582,92.07040969848633
61,77.37,74.65008,76.01003890991211
127,129.755,114.26021,122.0076040649414
111,114.95,105.714485,110.33224258422851
173,129.325,130.96082,130.14290771484374
109,135.995,104.72256,120.35877853393555
125,116.95,103.607666,110.2788330078125
148,126.58,119.3157,122.94784835815429
170,152.05,145.428,148.73899688720704
20,89.115,66.20818,77.66159164428711
202,113.03,122.18789,117.60894454956055
168,150.995,153.99223,152.4936166381836
71,102.04,95.378815,98.70940734863282
128,104.175,116.37916,110.27707901000977
128,137.335,121.50836,129.42168090820314
116,106.21,100.310036,103.26001785278319
108,134.29,120.300835,127.29541732788086
107,112.0,98.58518,105.2925910949707
221,171.645,172.58223,172.1136148071289
101,102.59,123.41615,113.00307647705078
163,139.97,123.884964,131.92748199462892
116,124.92,109.04518,116.98259063720704
100,98.24,89.32109,93.7805453491211
67,79.18,93.1638,86.17190155029297
153,138.8,130.41748,134.608740234375
102,130.665,106.60295,118.63397552490234
103,117.1,119.72709,118.41354446411133
115,93.06,92.40511,92.73255661010742
41,72.925,77.41775,75.1713737487793
56,77.41,56.258804,66.83440216064453
96,78.835,73.847725,76.34136245727538
97,114.005,112.45418,113.22958892822265
86,90.02,79.463875,84.74193740844726
119,98.335,115.87068,107.10284088134765
124,114.615,127.24146,120.92823135375977
139,117.665,115.89817,116.78158523559571
130,124.965,118.42339,121.69419662475586
141,137.53,124.82172,131.17585815429686
69,93.48,85.86146,89.67072891235352
140,97.735,124.1015,110.91825073242188
69,95.32,83.83664,89.57831970214843
74,84.505,76.055016,80.28000778198242
148,111.1,122.6636,116.8817985534668
134,149.84,122.82152,136.33075897216798
75,76.125,75.056206,75.59060287475586
114,107.585,97.23149,102.40824554443358
215,169.7,173.07365,171.38682708740234
112,95.83,107.49207,101.66103652954101
141,120.055,125.39965,122.72732528686524
44,79.49,75.12593,77.30796539306641
189,107.305,125.33713,116.32106384277344
113,136.345,129.5694,132.95719848632814
80,95.79,76.63525,86.21262313842774
167,155.425,163.01991,159.2224563598633
129,137.39,128.99904,133.19451934814452
94,106.285,92.16278,99.22389038085937
138,121.9,118.37889,120.13944549560547
108,130.355,113.81218,122.08358978271484
124,134.965,129.84807,132.40653411865236
143,130.055,115.0282,122.54159912109375
177,155.87,146.02689,150.94844299316406
25,106.4,84.106155,95.25307769775391
98,108.53,100.767395,104.64869750976563
153,139.195,121.12383,130.15941635131836
114,128.145,114.09789,121.12144638061524
129,92.685,107.90069,100.29284408569336
171,145.765,149.03276,147.3988803100586
133,150.63,135.25456,142.94228118896484
88,97.19,89.139694,93.16484710693359
158,125.855,131.84628,128.8506414794922
220,194.76,175.99028,185.3751400756836
110,123.945,110.76129,117.35314575195312
96,88.825,90.46749,89.64624557495117
93,87.675,84.53814,86.10656967163087
84,109.545,90.567726,100.05636306762696
137,113.885,119.91524,116.9001187133789
148,127.48,124.137566,125.8087828063965
213,179.785,173.92192,176.85346038818358
136,136.505,125.28154,130.8932699584961
68,102.25,100.72475,101.48737335205078
133,109.53,123.732376,116.6311880493164
102,105.585,87.138306,96.36165283203124
141,139.275,137.30322,138.289111328125
117,134.445,111.56557,123.00528350830078
96,94.205,87.71437,90.95968536376952
79,72.515,70.895386,71.70519287109374
132,129.17,116.87925,123.02462478637695
215,189.95,168.17987,179.06493530273437
128,123.845,124.669655,124.2573274230957
158,134.28,127.945305,131.11265243530272
132,127.155,110.5224,118.83869995117188
55,94.03,85.30504,89.66751922607422
138,112.775,118.661995,115.71849746704102
130,134.135,134.6279,134.38144958496093
53,85.33,75.0476,80.18879989624023
140,97.07,116.48879,106.7793962097168
30,71.72,64.80644,68.2632211303711
73,60.685,57.021725,58.85336235046387
84,83.64,78.55782,81.09891159057617
53,72.065,60.36202,66.21350929260254
74,70.085,61.285576,65.6852879333496
57,66.8,50.377853,58.58892669677734
74,82.35,70.965034,76.65751724243164
115,106.35,97.845245,102.09762268066406
92,94.91,96.55265,95.73132522583008
80,94.645,75.524956,85.08497787475585
99,94.13,89.70729,91.91864532470703
80,89.525,94.70773,92.11636657714844
148,102.845,90.20262,96.52381072998047
94,100.52,89.837395,95.17869735717773
67,82.32,61.70498,72.01248947143554
27,49.14,40.730793,44.93539649963379
88,73.14,71.58943,72.36471588134765
106,97.5,95.66729,96.58364486694336
83,93.18,76.326,84.7529981994629
86,88.41,82.858734,85.63436706542969
109,95.06,90.4493,92.75465133666992
99,93.295,94.801216,94.04810806274415
89,97.615,92.674934,95.14496719360352
72,81.835,73.75523,77.79511688232421
59,68.42,59.853733,64.13686653137208
68,68.765,74.99555,71.88027603149413
100,86.065,99.84132,92.95315811157226
110,85.075,89.548004,87.3115020751953
76,80.77,84.28518,82.52758956909179
68,72.815,63.978115,68.39655754089355
142,107.32,118.384026,112.85201278686523
127,114.805,118.23577,116.52038558959961
158,139.585,137.36952,138.4772610473633
127,136.825,125.889885,131.35744247436523
146,128.045,135.37386,131.70942779541014
128,107.735,120.28387,114.00943344116212
200,152.25,148.7762,150.51309967041016
179,176.165,170.42168,173.29333831787108
90,87.07,76.49159,81.78079620361328
169,159.935,147.55057,153.74278381347656
216,165.425,181.75212,173.58856048583985
88,100.35,106.553986,103.45199279785156
110,98.25,87.26749,92.75874328613281
123,105.105,115.6785,110.39174865722657
194,176.66,177.57063,177.11531646728514
137,141.635,127.581314,134.60815704345703
129,126.7,116.59522,121.64761123657226
116,132.925,119.77814,126.35156860351563
170,133.035,116.199005,124.61700256347656
115,111.32,93.80638,102.56319061279297
52,79.415,83.36378,81.38938858032228
123,103.775,98.286736,101.03086776733399
190,190.26,185.43463,187.84731567382812
148,150.555,158.64891,154.60195526123047
64,107.265,102.130745,104.69787246704101
228,115.035,140.64583,127.84041412353515
113,105.94,128.42203,117.18101379394531
79,97.435,81.43722,89.43610885620117
86,78.565,84.99819,81.78159591674805
178,130.73,144.50845,137.61922668457032
77,106.405,91.47077,98.93788589477539
114,101.305,101.80418,101.5545881652832
72,87.35,73.216194,80.28309707641601
85,93.925,87.937744,90.9313720703125
168,159.15,147.68303,153.41651458740233
81,106.15,99.36545,102.75772399902344
65,79.365,74.14349,76.75424682617188
124,99.2,90.72081,94.96040496826171
71,77.785,87.9276,82.85629852294922
136,105.55,99.770706,102.66035308837891
123,134.24,118.00991,126.12495529174805
179,160.875,157.19447,159.03473663330078
59,84.37,77.74906,81.05953079223633
95,86.285,74.430115,80.35755737304687
99,97.59,95.11473,96.35236541748047
71,74.4,67.36701,70.8835060119629
99,111.79,95.76982,103.7799105834961
156,133.095,132.29526,132.6951287841797
128,129.615,127.86228,128.7386408996582
57,85.38,90.223366,87.8016828918457
81,77.885,61.232876,69.5589379119873
111,99.54,93.84346,96.69173004150392
63,105.17,88.2213,96.69564910888673
82,71.915,61.132435,66.52371742248536
53,58.72,56.73222,57.72610984802246
67,67.24,52.24,59.740000839233396
22,61.31,63.99696,62.65347984313965
73,58.845,53.795135,56.32006774902344
21,47.295,42.417404,44.856202087402345
81,71.61,66.54603,69.07801406860352
53,65.47,58.59256,62.03127990722656
118,88.41,86.809875,87.60993774414062
114,103.655,99.66906,101.66202987670898
33,77.54,70.18785,73.86392547607423
89,77.31,85.22828,81.26913955688477
78,77.695,60.245277,68.97013870239257
84,84.735,78.697815,81.71640747070313
88,93.68,86.05866,89.8693312072754
78,78.37,71.70936,75.03967910766602
70,77.285,75.65283,76.468916015625
79,86.37,78.36514,82.36757141113281
70,71.025,58.89162,64.95831031799317
87,87.365,92.11394,89.73946868896485
81,66.98,63.50223,65.2411157989502
109,113.06,119.860115,116.46005752563477
126,115.085,113.88877,114.48688552856444
195,148.335,154.5322,151.43359802246096
112,135.385,109.90331,122.64415634155273
151,129.955,126.241585,128.09829238891604
198,165.215,161.3663,163.2906512451172
125,152.465,119.98241,136.22370330810548
73,83.92,92.04863,87.9843148803711
101,100.93,95.870926,98.40046295166016
53,97.605,85.18127,91.393133392334
188,117.565,127.889336,122.72716781616211
129,122.015,128.0665,125.04074890136718
73,95.68,69.86228,82.7711408996582
144,101.235,125.362724,113.29886215209962
175,139.9,132.53537,136.21768493652343
122,148.075,124.747574,136.41128692626953
97,103.435,100.83177,102.13338592529297
106,109.875,90.533875,100.20443725585938
97,87.87,93.610825,90.74041229248047
146,105.945,123.53388,114.73944107055664
144,132.025,128.82166,130.42332763671874
153,150.54,138.50594,144.52296783447264
106,125.425,115.24265,120.33382644653321
185,129.505,145.9662,137.73560089111328
170,168.65,167.72758,168.18879241943358
216,219.825,216.7817,218.3033462524414
176,169.95,153.99457,161.97228393554687
94,105.715,106.380486,106.04774276733399
128,116.965,105.701965,111.33348266601563
196,151.665,153.90921,152.78710510253904
87,108.595,110.77736,109.68617950439453
264,189.365,196.90424,193.13461791992188
223,184.34,207.56163,195.95081512451173
210,199.27,197.29721,198.28360534667968
125,133.385,132.90358,133.14428985595703
135,119.06,133.11191,126.08595397949219
81,97.065,78.77734,87.921171875
81,73.955,78.62816,76.29157928466796
99,93.575,99.16626,96.3706298828125
79,92.92,92.22309,92.57154556274415
83,92.8,96.02083,94.41041412353516
62,79.045,81.7979,80.4214486694336
141,116.015,120.0649,118.03995162963867
144,152.985,153.05788,153.02143829345704
98,94.06,91.38615,92.72307327270508
146,126.785,131.18346,128.9842282104492
130,143.405,136.73494,140.06996978759764
170,147.095,152.24725,149.6711267089844
68,60.785,70.03707,65.41103561401367
129,115.2,132.53337,123.86668548583984
130,151.61,142.20181,146.90590637207032
213,198.545,203.03317,200.78908630371092
132,107.485,125.31881,116.40190475463868
203,174.79,199.75955,187.27477600097654
133,116.655,135.93922,126.29711212158203
91,94.215,102.91309,98.56404678344727
173,141.875,160.23756,151.05628204345703
167,138.35,153.16737,145.7586868286133
128,125.96,130.26813,128.11406372070311
188,159.01,158.893,158.95150268554687
94,117.805,100.83264,109.31882080078125
74,73.525,76.39023,74.95761413574219
167,159.47,162.98247,161.2262338256836
66,85.26,77.384476,81.3222378540039
160,142.14,152.49254,147.3162692260742
101,89.595,101.376976,95.4859880065918
182,161.885,161.00302,161.44401062011718
151,132.695,143.43063,138.06281677246093
132,141.67,132.57262,137.1213082885742
103,101.535,98.47615,100.00557525634765
192,154.855,167.16238,161.00869201660157
33,62.73,45.904438,54.31721900939941
107,98.13,107.199684,102.6648420715332
86,107.32,94.69326,101.00663009643554
59,101.485,81.72993,91.60746353149415
91,98.635,95.23239,96.93369567871093
78,115.715,106.56128,111.1381396484375
113,131.765,127.563805,129.66440231323242
89,84.095,96.459435,90.27721725463867
68,60.755,70.29338,65.52419036865234
63,68.13,65.8009,66.96545166015625
70,95.815,95.69115,95.75307342529297
140,128.71,122.21011,125.46005676269532
104,81.805,109.27235,95.53867324829102
99,95.1,97.01532,96.05765991210937
174,120.01,136.98154,128.49576843261718
179,139.86,152.73923,146.29961364746094
131,137.09,133.22987,135.1599368286133
102,99.595,108.70119,104.14809356689453
128,147.39,130.20012,138.79505950927734
130,150.95,140.3895,145.66974792480468
211,190.225,203.12381,196.67440490722657
168,150.08,165.50859,157.79429534912111
95,105.655,99.24979,102.45239318847656
116,92.01,98.62213,95.31606567382812
144,127.135,143.26375,135.19937408447265
165,145.075,154.33467,149.7048355102539
92,95.945,100.02096,97.98297897338867
154,136.055,143.90485,139.97992309570313
214,207.06,217.37444,212.21721771240234
71,87.86,80.81863,84.3393132019043
125,99.88,111.656715,105.7683576965332
64,73.545,75.79551,74.67025466918946
156,135.57,150.96033,143.26516357421875
97,134.825,114.51523,124.67011413574218
93,105.07,101.49829,103.2841455078125
99,115.665,103.82311,109.7440562438965
152,134.985,139.09253,137.0387646484375
106,105.125,110.08348,107.60424041748047
84,78.85,86.70456,82.77727966308593
83,98.94,97.310745,98.1253726196289
110,102.95,114.84473,108.89736328125
112,131.37,114.10206,122.73602920532227
136,134.72,134.33617,134.52808319091798
156,148.16,148.37152,148.26576049804686
130,119.455,129.59148,124.52323822021484
157,132.09,141.13573,136.61286346435548
45,68.2,51.2776,59.7387996673584
200,161.92,187.55106,174.73552795410154
54,98.73,86.09145,92.41072677612306
109,139.59,125.28351,132.43675415039064
93,91.965,76.7026,84.33379928588867
69,67.205,70.13231,68.66865447998046
95,91.02,97.09489,94.05744338989257
69,86.385,76.93098,81.65798843383789
51,59.07,49.313046,54.19152275085449
62,63.05,64.75814,63.90407028198242
66,66.415,75.85163,71.1333155822754
32,59.255,43.932007,51.59350341796875
106,92.185,88.59141,90.38820388793945
105,119.805,118.74992,119.27746185302735
121,96.75,98.75727,97.75363540649414
96,93.71,102.74289,98.22644470214843
58,64.115,68.32711,66.22105514526368
98,99.45,96.91904,98.18451843261718
48,60.31,45.39431,52.8521549987793
127,112.535,112.46821,112.50160415649414
100,97.625,96.315475,96.9702377319336
58,67.23,63.135075,65.18253730773927
81,90.43,74.68001,82.55500396728516
78,96.09,84.57212,90.33106033325195
33,47.505,45.3227,46.41385025024414
60,66.435,68.69131,67.56315353393555
84,89.705,92.905464,91.30523208618163
89,82.585,84.9282,83.75659988403319
56,56.96,61.76411,59.36205528259278
54,84.4,67.133804,75.76690216064453
78,95.385,84.738014,90.0615071105957
82,102.64,97.32786,99.9839289855957
27,60.2,50.532288,55.366143798828126
92,65.025,70.702446,67.86372299194336
96,88.0,95.70241,91.85120391845703
114,97.815,112.06029,104.93764373779297
159,122.015,148.17326,135.09413177490234
157,120.83,135.11992,127.97495941162109
107,97.43,94.590225,96.01011260986328
117,118.91,115.43119,117.17059524536133
110,95.895,108.3271,102.1110513305664
81,95.045,92.56276,93.80387969970704
108,123.825,127.72309,125.77404556274413
197,171.495,188.3081,179.901552734375
172,150.65,166.88524,158.76761932373046
122,107.95,111.569534,109.7597671508789
99,90.235,93.55652,91.89575927734376
82,83.9,84.480995,84.19049758911133
126,142.74,135.68846,139.21423065185547
125,157.985,147.74037,152.8626858520508
93,115.345,103.758766,109.5518830871582
260,184.08,216.62714,200.3535681152344
110,87.94,117.68337,102.8116862487793
164,148.78,156.55357,152.6667868041992
200,159.48,169.51643,164.49821685791017
124,124.645,131.68304,128.16402221679687
158,153.71,160.51392,157.11195800781252
172,156.765,151.79187,154.27843505859374
194,216.725,216.84178,216.78339080810548
90,114.6,112.08657,113.34328536987304
156,127.855,143.80214,135.8285696411133
106,109.225,115.94063,112.5828140258789
202,171.805,185.4377,178.6213491821289
52,66.835,62.185593,64.51029632568358
183,146.26,166.54762,156.40381134033203
90,69.34,95.06782,82.20390884399414
125,126.405,131.57014,128.98757232666014
146,118.225,137.61597,127.9204833984375
63,81.845,73.0179,77.43144927978516
86,104.56,105.69411,105.12705352783203
132,127.17,131.3937,129.28185363769532
27,53.665,44.20861,48.93680526733398
82,76.055,81.58568,78.82033905029297
97,88.55,91.41338,89.98169174194337
102,117.83,98.98652,108.40825942993163
69,68.24,62.594234,65.41711723327637
125,106.025,107.07731,106.55115432739258
84,69.015,74.34326,71.679130859375
90,92.885,86.46118,89.6730908203125
103,98.41,89.83152,94.1207600402832
79,85.87,80.50753,83.18876510620117
141,104.625,111.5922,108.10860061645508
141,105.12,121.59276,113.35637908935547
109,104.33,97.565704,100.94785217285155
97,120.19,109.2642,114.72709915161133
96,91.215,90.09837,90.65668670654297
136,133.06,137.18855,135.12427642822266
148,103.78,120.264595,112.02229751586914
83,92.595,79.67821,86.13660369873047
84,107.285,86.16172,96.72336013793945
160,137.305,143.91287,140.60893615722657
85,109.2,91.46825,100.33412322998046
98,93.51,93.21293,93.36146438598632
89,106.895,104.847015,105.87100769042968
64,64.48,65.74181,65.110906829834
102,105.89,102.285706,104.08785278320312
195,172.24,186.92738,179.5836917114258
212,179.305,198.45576,188.8803823852539
118,116.92,101.07164,108.99582000732423
96,121.98,116.71013,119.34506439208985
118,115.345,121.26061,118.30280624389648
153,141.18,145.08366,143.13183197021485
139,108.345,122.94473,115.64486633300781
280,203.805,231.7726,217.78879913330078
113,90.46,113.94933,102.20466659545897
62,87.08,79.935776,83.50788787841796
154,135.45,152.84778,144.14888916015624
121,147.45,133.0305,140.24025115966796
140,112.4,127.229126,119.81456298828125
44,77.105,58.27021,67.68760513305665
216,132.365,186.87628,159.62064086914063
86,87.295,89.45123,88.37311645507813
103,114.445,115.08245,114.7637254333496
126,121.655,125.65983,123.65741409301758
189,157.505,170.97217,164.238583984375
155,107.445,145.68048,126.56274047851562
148,148.165,146.28423,147.22461273193358
50,82.5,72.48753,77.49376678466797
216,171.915,182.51865,177.21682312011717
219,173.97,199.13113,186.55056701660158
204,168.355,191.2307,179.79284881591798
176,185.31,169.1044,177.2072003173828
219,182.685,197.75961,190.2223065185547
137,110.15,121.26406,115.70703048706055
153,148.485,141.29752,144.89125793457032
114,112.37,115.01448,113.69224029541016
347,228.79,275.99396,252.3919787597656
117,140.88,116.13233,128.50616592407226
145,151.495,149.42184,150.45842224121094
217,197.425,219.13474,208.27986755371094
34,87.15,60.73114,73.94057006835938
67,108.99,102.129715,105.55985748291016
120,112.905,116.536156,114.7205778503418
144,160.34,158.2147,159.27735321044923
95,98.73,95.312706,97.02135299682618
123,127.43,127.626755,127.5283773803711
122,94.53,108.52767,101.52883590698242
81,118.94,99.617165,109.2785823059082
88,93.455,90.23269,91.84384445190429
139,131.045,126.24236,128.6436814880371
107,116.105,117.80097,116.95298599243165
52,66.04,51.371124,58.705562133789066
153,126.445,146.32074,136.38286987304687
121,108.785,111.61635,110.20067413330078
65,73.945,70.82693,72.3859635925293
75,104.385,96.063416,100.22420776367187
49,65.645,60.20343,62.92421508789062
164,128.565,129.3665,128.9657504272461
73,86.52,80.099625,83.30981231689452
172,148.175,151.11504,149.6450180053711
56,90.61,93.55261,92.08130615234376
168,115.645,139.31973,127.4823663330078
58,76.53,63.575672,70.0528360748291
64,68.57,64.97934,66.77466979980468
81,92.32,92.06741,92.19370666503906
99,91.015,97.27505,94.14502365112304
156,140.88,144.79361,142.8368048095703
189,192.79,176.24554,184.51777221679686
227,175.895,195.64479,185.76989532470702
65,98.05,79.30879,88.67939605712891
80,122.96,124.352036,123.65601776123046
93,96.795,92.26669,94.5308465576172
86,90.075,88.042595,89.05879745483398
82,96.06,96.830124,96.4450619506836
169,128.125,162.92258,145.52378845214844
68,81.615,75.05247,78.33373367309571
119,89.715,98.61989,94.16744415283203
107,102.03,108.51141,105.27070678710938
43,63.66,54.7202,59.19009979248047
146,141.97,149.98499,145.97749267578126
112,109.415,118.334435,113.87471725463868
117,109.205,115.789024,112.49701217651366
80,85.175,87.95049,86.56274642944337
73,92.725,93.67705,93.20102386474609
80,91.705,92.77055,92.23777679443359
112,112.19,117.36126,114.77562973022461
150,159.12,152.19655,155.65827423095703
90,92.105,95.300644,93.70282196044923
107,111.29,106.7723,109.03115036010743
97,86.61,87.1029,86.85644882202149
113,108.98,112.25362,110.61680816650392
62,82.625,79.09589,80.86044311523438
142,114.095,126.308075,120.20153747558594
112,114.87,111.01368,112.94183975219727
118,101.43,106.69276,104.06137832641602
131,154.29,139.53828,146.9141421508789
199,164.71,175.78044,170.24522064208986
96,85.69,90.307396,87.9986979675293
63,65.085,71.32844,68.20671890258788
206,163.88,177.30109,170.59054321289062
132,114.545,135.43045,124.98772521972657
143,142.485,141.28767,141.88633697509766
102,110.905,111.87374,111.38937057495117
170,137.715,152.83304,145.27401916503908
98,112.45,105.3893,108.91964874267578
110,114.885,110.6603,112.77265060424804
123,116.585,114.65404,115.61951873779296
116,127.31,123.390015,125.35000732421875
199,170.745,195.50685,183.12592559814453
86,96.72,98.37227,97.5461343383789
107,105.81,111.436905,108.62345245361328
165,130.07,139.6297,134.84984985351562
138,135.165,127.62794,131.39646865844725
107,108.58,112.30912,110.44456008911132
78,85.66,76.1075,80.88374908447265
273,185.02,234.29424,209.65711761474608
66,112.215,71.70239,91.9586962890625
88,115.045,100.42457,107.73478408813477
127,117.11,119.28045,118.19522445678712
121,138.47,131.75,135.11
28,63.825,54.929604,59.37730178833008
100,110.045,104.87104,107.45802017211915
188,147.81,160.64742,154.2287075805664
99,90.155,106.33946,98.24723114013672
116,110.635,111.60257,111.11878479003906
147,128.81,141.19829,135.0041439819336
134,153.21,140.914,147.0620007324219
186,156.245,177.61382,166.9294076538086
125,104.5,114.1448,109.3223991394043
146,143.335,148.30875,145.82187316894533
81,85.92,91.37035,88.64517684936524
126,117.975,128.15036,123.06268005371093
116,109.215,115.93374,112.57436935424805
135,119.68,128.88057,124.28028472900391
146,135.82,133.49286,134.65642944335937
90,96.1,87.43635,91.76817398071289
33,47.99,38.26584,43.12791931152344
95,98.6,95.91242,97.25621109008789
232,188.57,208.95096,198.76047912597656
131,103.77,127.259575,115.51478744506835
91,100.03,102.22127,101.12563385009766
137,127.665,140.0722,133.86860229492189
135,140.375,137.47945,138.9272232055664
204,151.175,185.89044,168.53272094726563
157,122.86,154.36832,138.61415832519532
166,167.195,153.14362,160.16930786132812
185,185.67,193.08789,189.37894531249998
80,89.4,91.32885,90.36442489624024
136,111.775,139.63524,125.70511932373047
141,136.63,142.5197,139.57484954833984
94,98.94,96.72978,97.83489105224609
180,164.155,160.79765,162.47632659912108
144,127.11,145.77977,136.44488494873048
115,121.295,104.29802,112.79650970458985
129,136.715,130.62537,133.67018310546877
132,154.785,143.73892,149.2619610595703
82,74.07,81.225494,77.64774719238281
104,95.07,101.906525,98.48826232910156
217,167.035,180.35074,173.6928692626953
138,114.695,122.65161,118.6733056640625
79,83.78,76.45912,80.11956085205078
181,129.935,156.61238,143.27369049072266
115,94.355,109.58625,101.9706251525879
94,82.32,96.49735,89.40867630004882
201,142.54,172.76663,157.65331604003904
175,138.64,169.43549,154.03774291992187
163,158.475,171.24664,164.86082153320314
32,58.565,47.480526,53.02276298522949
33,41.075,44.21421,42.644605255126955
161,128.18,151.79266,139.98633178710938
115,130.655,116.34529,123.50014556884766
94,98.025,97.37966,97.7023307800293
80,93.98,93.200005,93.59000228881837
130,137.83,126.85695,132.34347442626955
145,164.695,158.53365,161.6143228149414
176,127.28,147.26352,137.27175964355467
58,73.975,68.71422,71.34460906982422
236,169.38,189.73633,179.5581640625
131,100.325,113.13382,106.72940979003906
113,123.235,119.88665,121.56082504272462
195,156.45,170.95378,163.70189056396484
134,106.825,129.7,118.26249847412109
120,123.26,121.70431,122.48215377807617
262,204.485,226.98145,215.73322265625
162,106.485,139.48424,122.98461883544923
176,133.25,151.55458,142.40229034423828
132,148.35,131.92807,140.1390350341797
167,148.245,152.24615,150.24557739257813
111,110.46,123.17645,116.81822631835936
142,133.7,151.63113,142.66556701660156
82,98.725,102.58528,100.65514068603515
163,126.655,136.39993,131.52746643066405
129,126.045,132.82451,129.4347543334961
100,97.07,87.27135,92.17067352294922
61,76.59,65.848465,71.21923248291016
72,90.98,90.79886,90.88942932128907
54,70.63,61.369087,65.99954360961914
80,81.015,84.06419,82.53959686279296
45,53.48,47.190582,50.33529113769531
58,83.72,68.0316,75.87580047607422
72,74.88,69.673065,72.27653259277344
72,83.725,71.15021,77.43760375976562
74,87.42,80.480865,83.95043273925782
42,64.76,50.002605,57.38130271911621
131,102.215,116.27716,109.24608032226563
102,84.99,90.24097,87.6154833984375
52,60.84,58.72541,59.78270523071289
63,62.81,69.29624,66.05312088012695
85,102.09,90.21665,96.15332595825195
61,62.745,71.2232,66.98409896850586
67,86.845,74.99504,80.92002044677734
158,112.21,123.826904,118.01845214843749
71,72.605,68.03734,70.32116912841798
31,45.77,45.17123,45.47061515808106
101,69.585,80.27196,74.92847869873046
172,119.49,129.05035,124.27017700195313
88,85.245,88.052124,86.64856201171875
96,103.42,98.779816,101.09990783691407
110,109.735,106.50631,108.12065475463868
87,88.22,87.68239,87.95119415283203
138,131.715,131.62927,131.67213623046877
107,101.805,101.49974,101.65237030029297
100,83.53,84.01282,83.77140869140625
43,66.21,46.60509,56.40754554748535
168,154.935,154.27216,154.60357788085938
140,116.14,134.36322,125.25161010742187
181,142.865,170.65355,156.75927459716797
165,144.63,168.7665,156.69824737548828
177,176.51,166.70178,171.60589111328125
168,144.735,151.29819,148.0165936279297
202,160.465,172.06685,166.26592437744142
175,140.965,136.2275,138.59624664306642
141,142.73,142.93979,142.8348944091797
176,168.195,177.19965,172.69732299804687
85,101.635,110.547134,106.09106719970703
114,123.905,112.14909,118.02704681396484
219,192.565,181.05766,186.8113314819336
152,113.785,126.69592,120.24046142578125
105,114.825,107.00432,110.91465911865234
68,68.97,66.08565,67.5278237915039
113,115.855,113.25226,114.55362915039063
72,69.64,71.70078,70.67039138793945
154,119.08,141.21895,130.1494741821289
94,94.395,99.052376,96.7236878967285
168,142.095,151.4645,146.7797463989258
163,130.695,159.11789,144.90644470214843
246,183.49,211.66948,197.5797396850586
96,99.2,94.26107,96.73053512573242
123,116.15,127.174904,121.66245193481446
122,120.215,117.20495,118.70997421264649
111,105.81,114.570595,110.19029739379883
167,149.09,158.34549,153.71774475097658
86,96.955,99.358055,98.15652755737304
54,56.24,72.45011,64.34505569458008
125,121.45,120.6879,121.0689483642578
114,102.055,108.81422,105.43460830688477
106,115.26,117.24708,116.25353897094726
42,67.14,60.071365,63.60568267822266
150,118.835,141.19157,130.01328704833983
129,135.835,137.13725,136.4861264038086
133,118.84,124.093216,121.46660797119141
110,133.35,116.381714,124.86585693359375
56,63.695,71.07541,67.38520446777343
86,83.495,90.76399,87.12949615478516
117,112.165,112.82994,112.49747039794923
147,149.565,152.96974,151.26737091064453
56,65.54,55.134068,60.3370337677002
68,71.88,68.24135,70.06067413330078
57,59.885,53.94973,56.91736495971679
77,82.19,81.86144,82.02572128295898
100,101.945,93.77805,97.8615266418457
53,73.585,54.66466,64.12483070373534
65,48.63,56.40008,52.51504081726074
93,91.255,88.939896,90.0974478149414
133,106.725,119.01372,112.86935882568359
68,65.545,70.64845,68.09672637939454
41,41.52,45.65758,43.58879066467286
158,109.775,141.58817,125.68158264160157
96,94.4,89.27539,91.8376953125
83,99.1,97.42185,98.2609260559082
94,96.22,89.33962,92.7798112487793
123,114.12,109.1832,111.65159851074219
117,119.475,109.04188,114.25843887329101
51,58.55,55.361446,56.955723190307616
83,80.4,84.44006,82.42003173828125
56,71.225,62.192974,66.70898704528808
106,94.34,88.59764,91.46882049560547
42,60.21,50.627712,55.418856124877934
96,100.135,90.17335,95.15417373657226
61,61.505,64.87658,63.19078964233398
75,93.135,84.96323,89.04911315917968
68,73.95,78.11559,76.03279647827148
140,110.96,112.73434,111.84716842651366
73,86.65,78.583786,82.6168930053711
83,74.31,72.384865,73.34743240356445
116,104.995,103.732994,104.36399703979492
70,73.205,78.99587,76.10043624877929
128,105.22,115.13114,110.17557083129883
145,130.12,138.89384,134.5069223022461
92,93.785,89.49846,91.64172943115234
135,118.08,124.474144,121.27707199096679
7,45.505,40.421707,42.963353576660154
153,119.64,139.3672,129.50360137939452
138,118.445,145.81664,132.13081756591797
78,82.985,79.11882,81.05191009521485
104,113.47,114.25893,113.86446319580078
141,131.025,143.17662,137.1008102416992
207,173.225,185.01245,179.1187255859375
161,168.125,151.94731,160.0361557006836
53,59.765,54.9688,57.36689979553223
74,74.67,80.51012,77.59005828857423
187,157.405,172.59685,165.00092376708983
159,168.375,170.58473,169.47986602783203
163,172.755,164.03174,168.393369140625
105,102.81,100.49613,101.65306594848633
65,73.07,72.65226,72.86112991333007
86,95.52,98.03314,96.77657104492187
129,119.725,141.37363,130.5493133544922
218,185.7,197.58936,191.644677734375
120,148.155,148.91634,148.53566802978514
256,189.07,222.85883,205.96441284179687
165,103.89,128.06187,115.97593719482421
110,101.795,115.82674,108.81086822509766
111,121.39,115.4935,118.44174987792968
142,119.495,133.23215,126.36357360839844
145,146.2,144.68262,145.44130859375
149,138.48,143.71075,141.09537719726563
220,198.02,190.5243,194.27215362548827
144,115.135,127.284935,121.20996749877929
196,172.315,183.19484,177.75491973876953
79,97.61,88.02176,92.81587951660157
120,126.885,124.236565,125.56078231811523
104,112.2,106.24817,109.22408447265624
58,60.49,63.213856,61.851927871704106
113,117.555,121.06996,119.31248077392578
67,83.91,71.89134,77.90067108154297
99,95.945,103.84574,99.89537063598632
270,221.045,237.07005,229.05752655029295
109,95.42,102.524895,98.97244735717774
122,128.18,128.19614,128.1880682373047
169,150.29,167.33371,158.81185485839842
58,75.85,60.315014,68.08250694274902
110,126.745,126.1174,126.43120056152344
156,151.48,160.2448,155.86239837646485
174,188.57,191.1074,189.83870330810547
130,128.765,122.89638,125.83068878173827
107,114.4,115.357834,114.87891693115235
47,61.52,52.083687,56.801843414306646
91,101.845,94.4982,98.17159973144531
180,161.175,180.86125,171.01812591552735
177,154.295,170.79369,162.54434295654295
183,160.74,168.77994,164.75996887207032
140,131.0,132.5101,131.7550506591797
86,91.635,85.64038,88.6376904296875
136,130.27,134.02618,132.14809204101562
73,86.97,74.970314,80.97015701293945
137,175.92,149.59756,162.7587823486328
264,255.815,270.71994,263.26747009277346
129,154.27,147.08841,150.67920471191405
106,110.17,121.49231,115.83115478515626
146,131.845,148.33112,140.08805786132814
208,183.945,216.03342,199.98920837402343
147,145.41,147.36263,146.38631256103514
106,116.765,114.27416,115.51958114624023
69,68.315,61.60867,64.96183464050293
108,85.955,98.690865,92.32293228149413
231,171.78,202.96506,187.37252868652342
222,216.515,225.8862,221.20059997558593
119,110.855,113.065865,111.96043228149415
171,167.345,167.37721,167.36110626220704
131,112.615,121.25361,116.93430435180665
160,151.385,149.54607,150.46553314208984
133,129.05,136.25555,132.65277709960938
161,143.635,153.04114,148.33806884765625
253,248.62,260.50333,254.56166320800781
114,97.16,98.19004,97.67502029418945
62,63.135,68.99982,66.06740844726562
140,124.345,132.77008,128.55754028320314
116,110.655,104.90661,107.78080429077148
139,123.695,129.57053,126.63276306152343
169,178.2,180.80302,179.5015121459961
70,94.9,75.08371,84.99185485839844
161,196.67,183.62317,190.14658447265623
70,73.34,62.52448,67.93223945617676
103,96.015,105.04822,100.53160888671874
207,173.305,195.20044,184.2527197265625
173,165.32,188.7197,177.01984802246093
136,131.78,132.09822,131.93911041259764
91,98.795,92.02314,95.40906997680665
204,225.445,217.13335,221.2891732788086
161,158.005,169.96698,163.98598999023437
136,123.54,130.9478,127.2438998413086
82,92.61,90.39243,91.50121658325196
115,117.225,113.48428,115.35464172363281
106,107.18,104.578316,105.87915786743164
113,134.625,125.610535,130.11776733398438
72,87.445,80.31321,83.8791047668457
66,79.745,73.90444,76.82472091674805
148,184.87,161.4632,173.16659790039063
136,137.295,131.27039,134.28269287109373
132,111.935,125.39941,118.66720321655274
102,97.15,98.13015,97.6400749206543
107,117.83,113.615074,115.72253707885741
210,212.2,211.4231,211.8115478515625
176,132.93,159.28026,146.10512908935547
207,189.835,202.0831,195.9590496826172
175,153.64,182.5679,168.10395080566406
149,143.57,146.14503,144.85751739501953
89,86.03,83.36359,84.69679321289063
95,83.705,86.266594,84.98579696655273
139,187.375,158.19641,172.78570556640625
91,91.91,88.96907,90.43953521728515
51,44.94,55.104385,50.02219268798828
116,110.555,125.266914,117.9109571838379
74,81.36,75.83236,78.59617965698243
144,162.31,159.21815,160.76407745361328
81,76.555,69.13236,72.84368118286133
76,77.465,68.19454,72.82977096557617
74,75.24,79.954315,77.59715759277344
75,56.285,57.992878,57.13893898010254
74,78.57,80.03707,79.30353561401367
62,75.095,68.50077,71.79788528442383
92,75.685,81.400375,78.54268768310547
91,85.225,87.581856,86.40342788696289
17,39.63,23.868866,31.74943298339844
56,61.4,61.900455,61.65022773742676
75,87.205,84.19136,85.6981802368164
106,130.925,116.721504,123.8232521057129
126,118.195,113.200386,115.69769302368164
64,76.725,58.023262,67.37413101196289
33,39.86,45.88785,42.873925857543945
68,78.895,86.39583,82.64541412353515
76,77.28,81.38801,79.33400405883789
45,58.73,46.633377,52.68168853759765
68,65.57,65.37733,65.47366348266601
73,90.395,72.47144,81.43322158813476
184,183.605,185.3469,184.47594665527345
95,107.585,95.99616,101.79058120727538
105,84.595,93.53512,89.06505905151367
97,84.585,85.557816,85.0714077758789
102,105.455,103.93965,104.6973257446289
127,137.05,138.75172,137.90086212158204
145,131.18,123.81678,127.49839004516602
95,108.56,102.117256,105.33862808227539
63,66.035,52.38777,59.211385803222655
122,133.235,133.3518,133.2934033203125
74,61.905,67.248184,64.57659210205078
58,71.34,62.39239,66.866195602417
43,38.655,42.761234,40.70811714172363
89,85.655,95.19725,90.42612518310547
84,80.365,85.959625,83.16231262207032
98,85.76,94.78344,90.27171981811523
49,56.025,53.11644,54.57071990966797
75,68.28,75.99535,72.13767684936523
58,50.32,55.37812,52.84906021118164
46,66.44,68.81185,67.62592575073242
71,85.4,89.41114,87.40557022094727
47,51.735,61.394127,56.56456344604492
149,168.18,173.8251,171.00255187988282
196,144.08,190.86827,167.47413543701174
151,101.435,124.67855,113.05677536010742
98,97.285,97.32384,97.30441864013672
212,185.455,207.63696,196.54598144531252
87,85.725,100.11611,92.92055587768554
120,122.685,136.02466,129.3548291015625
205,186.36,208.06474,197.2123715209961
118,137.335,120.30172,128.8183598327637
233,233.045,244.88164,238.96331878662107
227,192.885,230.8026,211.8437985229492
104,111.725,119.18285,115.45392684936523
106,108.23,111.29363,109.76181625366212
290,293.19,292.4277,292.80885192871096
89,80.675,102.870155,91.77257766723633
174,182.135,186.33542,184.23520935058593
60,71.405,75.157166,73.28108276367188
131,131.83,138.01369,134.92184356689455
218,177.19,197.86977,187.52988311767578
239,169.335,201.99724,185.66611907958986
91,96.89,104.491684,100.69084197998046
135,141.905,143.09572,142.50035919189452
99,109.465,101.15302,105.30901138305664
107,115.92,121.573456,118.74672790527345
158,140.465,160.14444,150.30471984863283
104,111.155,96.28013,103.71756423950195
78,72.47,70.0991,71.2845491027832
87,81.79,78.190834,79.99041702270509
93,102.58,97.03661,99.80830673217773
144,154.165,145.75922,149.96210815429686
128,126.745,134.13048,130.43773895263672
65,60.205,59.993652,60.099326171875
135,132.24,133.77985,133.00992309570313
88,99.785,91.50525,95.64512451171875
67,70.86,69.36706,70.11352890014649
110,94.26,102.41671,98.33835494995117
62,75.36,59.172523,67.26626174926758
72,75.195,71.242584,73.21879211425781
89,102.585,94.408134,98.4965672302246
44,64.055,57.700394,60.87769683837891
143,136.51,144.28775,140.3988751220703
84,68.685,74.106735,71.3958676147461
89,78.325,80.70416,79.51458129882812
125,114.265,115.71816,114.99158126831054
78,93.54,79.05643,86.29821350097657
123,89.155,106.19244,97.67371810913086
76,92.475,76.158066,84.31653289794922
70,68.375,64.83926,66.60712814331055
121,124.55,126.73663,125.64331665039063
118,111.1,111.96617,111.53308563232422
118,116.475,104.75978,110.61739044189453
210,205.23,206.16208,205.69603942871095
156,157.235,163.93495,160.5849758911133
117,104.515,114.11015,109.31257659912109
227,231.855,235.76988,233.81244110107423
135,125.9,141.79688,133.8484375
100,99.595,108.19143,103.8932145690918
211,172.28,195.9332,184.10659851074217
167,140.89,162.00053,151.4452670288086
96,98.275,92.01007,95.14253540039063
182,170.6,181.76192,176.18095855712892
241,246.785,264.25943,255.5222149658203
85,106.25,98.25094,102.25046920776367
147,143.49,154.59702,149.0435076904297
373,294.74,304.2698,299.50490295410157
136,90.035,94.64453,92.339765625
154,199.165,154.60632,176.88566162109373
72,70.81,66.10324,68.45662048339844
96,100.135,99.58579,99.86039627075195
133,138.64,136.1148,137.37740356445312
129,136.64,139.48984,138.06491882324218
169,158.385,174.57903,166.48201263427734
99,106.51,102.63192,104.57095993041992
146,130.965,152.33585,141.65042297363283
147,124.64,130.12848,127.38423950195312
119,110.88,122.85913,116.8695654296875
75,79.765,83.10937,81.43718368530273
104,88.035,98.06037,93.04768569946289
199,179.89,200.04868,189.96933776855468
131,114.49,121.0429,117.76645004272461
111,132.705,128.56265,130.63382629394533
148,135.475,146.86444,141.1697204589844
91,100.07,96.10298,98.0864907836914
206,224.295,216.15166,220.22332855224607
56,68.165,69.72179,68.94339324951173
171,159.435,170.07823,164.75661590576172
125,109.66,117.721115,113.69055755615234
141,152.555,152.28627,152.42063507080078
182,157.52,174.0473,165.78365112304687
47,73.635,55.89993,64.76746452331543
159,212.765,191.37666,202.0708316040039
98,93.07,91.425835,92.24791732788086
158,154.66,159.55008,157.10503967285155
176,142.795,164.87575,153.835373840332
197,235.11,236.0817,235.59584777832032
114,105.175,108.7819,106.97844924926758
77,83.75,85.548004,84.64900207519531
76,97.34,88.20234,92.77116958618164
133,132.36,137.3291,134.84455078125
65,65.665,63.243755,64.4543776702881
85,111.045,95.4132,103.22910018920899
99,86.755,93.116554,89.93577713012695
148,121.69,130.20671,125.94835540771484
171,177.645,186.49452,182.06976104736327
88,77.34,76.87909,77.10954467773438
186,152.18,179.48009,165.83004364013672
52,73.795,49.37518,61.58508964538574
176,149.825,169.59514,159.71006927490234
67,90.415,80.736084,85.57554199218751
58,60.6,67.86618,64.23309020996093
186,210.37,192.49501,201.43250518798828
187,158.41,177.57372,167.99185760498045
126,132.2,123.673515,127.9367576599121
115,95.875,110.57908,103.2270393371582
161,172.01,164.5632,168.28660095214843
104,102.43,97.93219,100.18109497070313
102,106.975,105.33542,106.15520935058593
78,81.39,76.94334,79.1666682434082
121,143.79,131.77303,137.78151275634764
29,39.765,35.229065,37.497032470703125
167,145.925,159.76408,152.84454193115235
85,81.285,79.08426,80.18462951660156
146,135.265,135.41516,135.34008056640624
74,80.2,81.48668,80.84333953857421
137,137.375,136.07439,136.72469329833984
187,160.59,167.90425,164.24712554931642
204,213.15,209.76422,211.4571105957031
144,139.745,145.29388,142.51944213867188
159,138.505,152.32983,145.4174169921875
87,97.45,80.2053,88.8276496887207
151,146.755,157.75188,152.25343841552734
216,192.375,205.2195,198.79724884033203
154,159.51,150.92064,155.21531951904296
192,186.8,187.9582,187.3791030883789
141,131.48,130.95671,131.21835540771485
129,122.63,119.91541,121.27270645141601
93,90.6,83.32677,86.96338348388672
143,132.605,133.42287,133.01393341064454
130,134.755,130.51398,132.63448852539062
89,93.685,94.02421,93.85460403442383
133,151.32,142.16956,146.74477783203125
108,123.965,127.53415,125.74957458496094
178,198.16,191.23746,194.6987286376953
116,101.38,115.50414,108.44207138061523
145,126.89,137.46725,132.17862731933593
118,124.005,125.29701,124.65100616455078
100,96.46,100.2446,98.35229919433593
106,97.395,98.21015,97.80257583618163
95,89.59,90.46903,90.02951614379883
45,57.42,50.407734,53.913866958618165
160,162.07,162.9333,162.5016519165039
78,87.69,76.10791,81.898955078125
130,113.47,135.11339,124.29169403076172
134,137.32,141.7502,139.5350991821289
202,173.53,193.29794,183.41397155761717
94,88.705,90.56419,89.63459686279296
190,167.07,190.2485,178.65925231933593
216,181.675,218.14575,199.9103759765625
149,139.965,157.69217,148.82858459472658
85,114.77,103.366806,109.06840301513671
108,103.265,107.80923,105.53711349487304
143,145.41,151.28275,148.34637268066405
110,131.7,115.26621,123.48310623168945
160,124.325,143.82657,134.0757843017578
129,164.0,150.38005,157.19002532958984
130,113.885,117.37036,115.6276806640625
171,151.13,164.90858,158.01929229736328
121,121.49,119.3836,120.43679916381836
71,83.71,75.64923,79.67961547851561
111,127.07,120.325005,123.69750228881836
136,195.995,168.32962,182.16231018066406
28,42.83,45.49141,44.160704650878905
130,135.915,130.76949,133.3422427368164
190,209.865,214.13254,211.99876892089844
104,112.545,100.21459,106.37979598999024
117,109.58,110.99606,110.28803161621093
95,80.23,86.611145,83.42057250976563
90,82.115,79.16579,80.64039337158204
105,103.08,108.74649,105.9132452392578
141,132.265,144.45787,138.3614352416992
165,171.54,169.62381,170.58190490722654
136,129.55,133.48657,131.5182861328125
81,91.58,81.18964,86.38481811523437
133,143.61,134.82309,139.2165447998047
123,116.755,123.927124,120.34106201171875
55,62.925,50.90529,56.91514434814453
85,87.305,92.27278,89.78889068603516
154,178.545,168.22704,173.38601776123045
145,141.76,147.87605,144.81802642822265
153,132.79,141.73357,137.26178314208983
112,117.64,119.94869,118.79434616088867
72,73.79,75.00483,74.39741470336915
117,121.29,123.87557,122.58278610229493
170,176.91,171.50812,174.2090588378906
169,172.715,171.67584,172.19542114257814
106,94.215,104.121,99.16800109863281
99,87.17,103.597626,95.38381286621095
234,255.43,260.36728,257.8986395263672
54,69.865,62.29562,66.08030998229981
107,135.155,117.73231,126.44365371704102
154,144.395,162.4514,153.42320037841796
107,124.66,118.59444,121.6272183227539
132,123.705,130.8659,127.28545288085937
110,119.38,113.82027,116.6001333618164
46,60.35,46.166737,53.2583683013916
141,126.24,144.11073,135.1753665161133
87,82.945,84.87976,83.91238037109375
67,80.425,84.375336,82.4001678466797
71,77.205,71.54297,74.37398437499999
195,216.21,213.02182,214.6159100341797
145,123.0,132.49132,127.74565887451172
182,165.975,172.03333,169.00416259765626
153,131.665,129.2273,130.44614746093748
198,174.745,187.37576,181.06038146972656
163,130.29,148.60916,139.44958068847654
195,233.735,223.9797,228.85735290527344
171,147.19,158.54747,152.86873504638672
144,142.94,139.8541,141.3970477294922
120,131.56,124.893745,128.22687271118164
149,130.555,131.0398,130.7973974609375
162,190.555,180.18808,185.3715399169922
146,137.555,144.13417,140.84458526611328
67,87.105,78.22035,82.66267608642579
93,96.755,97.48206,97.11853164672851
51,62.455,52.063545,57.25927261352539
62,58.495,56.746025,57.62051254272461
151,125.94,148.71527,137.32763549804687
120,106.005,117.31395,111.65947479248047
157,174.865,172.77043,173.81771575927735
207,191.46,207.9051,199.68255279541017
176,176.325,195.18605,185.75552520751953
175,152.07,171.3485,161.70924774169922
133,146.275,138.59344,142.43422241210936
136,164.24,145.7447,154.99235260009766
117,117.465,117.78968,117.62734024047852
125,134.67,134.01646,134.3432321166992
115,113.535,119.79483,116.66491516113281
129,110.42,116.85225,113.63612457275391
84,86.135,84.24057,85.18778503417968
68,68.49,64.18287,66.33643447875977
130,174.325,144.45575,159.39037475585937
129,129.25,123.55804,126.40401840209961
64,64.555,55.940666,60.24783309936524
75,82.325,70.43671,76.38085327148437
132,131.165,124.74955,127.95727493286132
46,65.84,47.534054,56.68702690124512
117,92.01,102.73073,97.37036407470703
136,156.845,158.74474,157.79486785888673
85,92.765,81.371605,87.06830245971679
135,122.52,126.26325,124.39162612915038
90,104.87,89.65363,97.2618165588379
150,122.82,129.38928,126.10464111328125
120,156.925,140.56631,148.74565734863282
64,82.605,67.059135,74.83206771850587
132,139.69,128.3057,133.99784729003906
86,68.82,72.1439,70.48194900512695
75,72.1,63.800117,67.95005874633789
126,160.755,139.5462,150.15060180664062
54,75.34,59.798195,67.56909744262695
66,70.255,68.63598,69.44548934936523
91,81.53,81.90422,81.71711029052734
134,92.925,116.51417,104.71958389282227
167,205.195,194.74893,199.9719659423828
142,141.815,130.35388,136.08444091796875
105,107.075,100.04915,103.56207427978515
119,123.85,117.632904,120.74145202636718
72,65.86,63.758244,64.80912178039551
74,62.515,65.59859,64.0567935180664
100,95.39,100.20096,97.79547912597656
71,82.4,74.771454,78.58572692871094
66,64.07,69.87629,66.97314468383789
192,213.525,211.52829,212.52664489746093
116,111.51,98.57703,105.04351318359375
92,99.31,98.566734,98.93836715698242
109,101.275,107.28142,104.27820892333985
78,77.5,70.436356,73.96817779541016
142,128.85,139.07591,133.96295623779298
68,70.245,66.749535,68.4972673034668
96,102.975,108.627014,105.80100708007812
131,137.07,140.16017,138.61508575439453
124,109.24,123.27814,116.25906860351563
133,107.195,117.24671,112.22085586547851
155,175.365,169.93938,172.65218841552735
109,92.69,97.681145,95.18557235717773
133,104.0,127.56593,115.78296661376953
109,124.115,111.922554,118.01877700805665
158,120.46,135.12193,127.79096649169921
177,144.84,174.97337,159.90668670654298
72,82.095,77.17937,79.63718353271484
115,127.75,130.97212,129.3610610961914
106,96.46,99.808014,98.1340069580078
128,140.85,139.14798,139.99898986816407
142,117.325,131.15894,124.2419677734375
147,144.81,154.03377,149.42188385009766
152,174.55,176.72377,175.6368850708008
83,96.445,97.215935,96.83046737670898
103,103.75,106.79483,105.27241516113281
121,130.25,130.31459,130.28229522705078
73,67.185,72.49865,69.84182479858399
153,133.065,145.55814,139.31156799316406
139,133.99,138.02684,136.00842010498047
125,151.57,132.29175,141.9308740234375
170,148.33,161.93968,155.134841003418
185,209.745,204.10892,206.92695861816406
79,79.13,81.66798,80.39898818969726
38,48.25,32.057194,40.15359687805176
165,142.505,160.64899,151.57699340820312
71,61.94,63.306194,62.62309715270996
125,121.79,128.83669,125.31334259033204
108,99.505,110.45659,104.98079437255859
184,147.905,172.91862,160.41181243896483
83,82.72,83.10222,82.91110931396484
50,50.395,47.669395,49.03219772338868
82,71.77,67.80938,69.78968978881835
72,72.415,67.934074,70.17453720092774
106,128.445,105.86798,117.15649047851562
110,103.98,100.1758,102.07789825439454
72,76.635,70.96964,73.80232131958007
39,49.83,46.089066,47.959532775878905
57,56.045,57.653038,56.84901901245117
102,102.515,91.91084,97.2129214477539
53,63.395,56.047466,59.72123313903809
104,123.815,113.9278,118.87140151977539
78,69.52,71.70244,70.61121917724608
75,77.785,68.23622,73.01061065673828
77,73.455,81.163,77.30900100708007
99,85.255,84.58179,84.9183935546875
55,55.81,51.39687,53.603434829711915
66,45.735,53.494938,49.61496894836426
67,70.415,75.392006,72.90350296020509
72,97.285,80.56625,88.92562683105469
58,56.55,61.58021,59.06510581970215
100,108.05,100.01668,104.03333892822266
61,64.815,66.768036,65.79151794433594
116,102.115,105.21606,103.66552841186524
138,160.965,146.02473,153.49486724853517
125,102.83,113.38831,108.10915664672851
126,112.25,115.06992,113.65996170043945
50,58.455,46.635147,52.54507354736328
53,57.35,48.260654,52.80532722473144
117,126.175,118.072975,122.12398757934571
76,78.27,62.056267,70.16313339233398
143,191.1,156.74455,173.92227630615236
93,103.305,94.842224,99.07361206054688
137,122.065,128.74924,125.40711853027344
121,119.93,120.25572,120.09286102294922
131,154.585,147.08487,150.83493469238283
106,109.035,110.73653,109.8857632446289
65,71.36,67.47115,69.41557662963868
60,91.54,78.90127,85.22063400268556
162,150.655,159.92087,155.28793395996092
127,123.595,127.374435,125.48471771240234
128,117.07,127.29681,122.1834031677246
120,151.935,146.56595,149.25047424316406
67,70.885,70.19327,70.53913391113281
147,115.265,131.13365,123.19932586669921
218,233.455,247.31229,240.38364318847658
142,124.545,132.18082,128.36290832519532
124,122.81,118.88331,120.84665420532227
140,138.91,144.49988,141.70493896484373
120,108.825,111.377075,110.10103759765624
73,79.6,75.13397,77.36698608398437
80,68.11,76.11075,72.11037414550782
218,232.29,245.03307,238.6615328979492
153,156.085,149.90189,152.99344299316408
224,179.615,217.61589,198.61544525146485
145,123.94,128.58493,126.26246520996094
200,176.165,187.86884,182.01691772460936
195,187.045,206.17395,196.60947509765623
111,100.24,104.617424,102.42871200561524
241,275.49,277.71622,276.6031085205078
68,78.51,74.50628,76.5081394958496
226,183.615,220.7219,202.16844665527344
141,116.565,135.95001,126.25750610351562
180,168.905,193.04121,180.9731069946289
23,47.93,42.09543,45.01271423339844
195,161.165,168.59894,164.8819689941406
164,161.41,162.12581,161.76790435791014
96,101.8,106.06732,103.93366088867188
194,180.35,191.52719,185.9385955810547
123,116.89,123.295135,120.09256774902343
106,105.555,103.32485,104.43992599487305
194,189.195,185.26181,187.22840515136718
120,134.23,122.80642,128.5182096862793
68,59.13,68.827095,63.97854751586914
61,68.83,64.20665,66.51832489013671
132,127.71,143.88487,135.7974362182617
118,140.665,127.612045,134.13852264404295
123,133.275,131.35756,132.31627960205077
171,155.875,160.59555,158.2352752685547
108,89.82,99.61671,94.71835342407226
122,117.9,123.904,120.90199966430664
290,206.475,253.4829,229.97894744873048
125,143.715,115.75575,129.7353762817383
229,191.23,221.07188,206.15094207763673
88,125.69,110.8026,118.24629852294922
175,164.18,166.60237,165.39118560791016
134,137.43,133.54422,135.48710998535157
162,151.915,156.37375,154.14437438964842
133,122.41,128.94823,125.67911346435547
125,155.14,126.605865,140.8729327392578
111,101.81,105.439926,103.62496307373047
155,135.48,146.13799,140.8089926147461
176,142.32,165.64145,153.98072448730468
49,63.585,59.966484,61.77574203491211
92,110.195,97.38849,103.79174438476562
93,107.02,93.67224,100.34612060546874
174,141.79,164.51814,153.15407135009764
143,165.045,155.95476,160.49987884521482
163,140.995,147.01607,144.0055337524414
122,100.98,116.98434,108.98216842651368
161,157.965,161.25253,159.6087664794922
108,112.38,116.17105,114.27552551269531
192,187.29,191.01886,189.1544299316406
95,87.765,99.12928,93.44714004516601
141,150.89,146.04585,148.4679263305664
168,151.17,161.83505,156.50252624511717
137,120.84,128.55443,124.69721405029297
130,135.165,118.334755,126.74987747192382
157,142.78,141.50204,142.14102233886717
189,226.025,208.11446,217.0697280883789
49,55.505,47.073986,51.289493026733396
106,132.66,125.015785,128.83789260864256
54,59.785,52.573673,56.179336624145506
104,88.76,99.52833,94.14416397094726
89,92.095,87.87243,89.98371444702148
134,123.515,132.25354,127.88427001953124
88,87.95,90.50168,89.22583923339843
324,187.77,241.6094,214.68970275878905
190,128.505,144.87541,136.69020599365234
98,99.445,87.72293,93.58396545410156
172,144.75,171.88382,158.31690979003906
104,121.495,112.2267,116.86084991455078
121,143.96,127.188385,135.57419250488283
139,143.32,149.4673,146.39365020751953
154,145.765,149.1573,147.46115142822265
123,119.825,122.43576,121.13038024902343
119,135.305,125.2527,130.27885040283203
100,85.685,94.272865,89.97893264770508
92,119.65,100.5137,110.08185119628907
102,113.46,118.7285,116.09425018310546
96,101.65,100.43353,101.04176635742188
110,107.24,108.01456,107.62727844238282
143,163.46,156.60449,160.03224609375002
157,135.975,145.1868,140.58089904785157
171,190.89,183.46584,187.17791778564452
76,95.18,87.59108,91.38553985595703
134,130.055,145.17505,137.6150244140625
70,77.145,85.71476,81.42987991333007
116,142.875,118.912926,130.89396286010742
141,135.45,152.13498,143.79248962402343
192,165.085,184.53975,174.81237457275392
94,108.785,95.2096,101.99730117797851
100,106.285,103.36141,104.82320602416992
168,167.595,183.39215,175.49357543945314
158,133.495,150.62656,142.0607781982422
100,108.165,105.44113,106.80306579589845
130,106.02,123.22846,114.62423110961913
106,153.6,127.09247,140.3462341308594
162,151.19,160.84407,156.01703521728516
89,108.295,95.83039,102.0626954650879
67,62.685,64.22327,63.45413330078125
91,72.11,74.101074,73.105537109375
95,111.405,104.98912,108.19706024169922
108,126.915,111.76334,119.33917190551759
81,80.99,73.01814,77.00407135009766
100,112.055,99.954666,106.00483306884766
24,41.41,34.9436,38.176799850463865
94,98.425,100.29745,99.36122360229493
130,120.655,133.17017,126.9125830078125
106,95.155,107.16742,101.16120971679688
100,117.755,98.82675,108.29087585449219
91,110.07,91.150375,100.61018768310547
104,124.05,124.163925,124.10696258544922
100,84.995,91.95037,88.47268539428711
29,52.345,32.2183,42.28164993286133
80,85.45,84.869995,85.15999755859374
144,122.44,117.798515,120.11925765991211
92,85.59,81.389885,83.48994247436524
90,71.095,80.964325,76.02966247558594
95,122.685,98.196724,110.44086196899414
47,63.355,50.402267,56.87863372802734
69,77.965,78.01011,77.98755447387695
56,54.055,55.584152,54.81957611083985
38,49.66,37.595917,43.627958374023436
69,77.83,76.70263,77.26631454467773
68,79.58,77.43153,78.50576690673827
31,40.46,35.90619,38.18309448242188
54,37.07,53.754513,45.412256393432614
37,54.695,54.13146,54.41322914123535
55,79.51,73.27745,76.39372528076171
84,78.995,88.9016,83.94830184936524
51,44.7,45.689713,45.19485626220703
128,86.975,103.412415,95.19370727539062
126,111.56,115.737724,113.64886215209961
44,48.92,41.840286,45.38014312744141
121,104.23,118.49289,111.36144470214845
94,116.91,100.738434,108.82421691894531
29,43.775,41.670788,42.72289390563965
101,85.745,104.88668,95.31584030151367
111,110.575,107.108665,108.84183273315429
228,167.32,216.25531,191.78765502929687
190,162.555,190.2407,176.39785369873047
175,165.8,168.34502,167.0725082397461
103,108.735,106.45526,107.59513061523438
115,140.245,127.63753,133.94126373291016
175,140.345,161.37474,150.85987030029298
118,105.03,118.71596,111.87297882080078
240,215.915,232.72066,224.3178286743164
104,92.075,106.764565,99.41978225708007
131,123.835,135.76785,129.80142639160155
148,157.525,154.17703,155.85101623535155
135,144.495,128.04805,136.2715249633789
108,108.215,104.41442,106.31471054077149
111,98.535,105.88658,102.21079071044922
141,137.11,137.88127,137.49563568115235
105,110.585,107.72129,109.15314529418944
108,107.22,108.49774,107.85887084960937
105,124.585,113.35294,118.96897171020507
203,202.545,205.67685,204.11092468261717
78,84.815,87.294464,86.05473205566406
275,214.065,239.44011,226.75255462646484
197,183.775,198.20705,190.99102325439452
100,76.9,102.87423,89.88711471557617
52,62.805,58.306538,60.55576881408692
65,88.565,85.68668,87.12584182739258
106,106.64,102.5007,104.57035095214843
162,193.17,167.11963,180.14481445312498
134,156.61,153.0073,154.80864685058594
46,52.475,42.217457,47.346228408813474
52,69.07,65.387375,67.22868743896484
71,72.825,79.86088,76.34293899536132
79,56.19,69.494835,62.84241744995117
72,110.045,85.951996,97.9984979248047
127,132.025,131.44131,131.7331573486328
153,94.64,127.77112,111.20555908203124
91,85.315,87.72509,86.52004501342773
120,117.77,109.22586,113.49793029785155
78,83.775,85.58868,84.68183822631836
165,161.235,149.46277,155.34888427734376
122,100.985,102.78629,101.88564651489258
127,121.555,117.87319,119.71409591674805
111,104.77,98.927315,101.84865737915038
105,116.41,111.824814,114.11740692138672
87,78.975,69.87051,74.42275314331054
47,57.185,49.93974,53.56236961364746
108,133.405,112.84766,123.126328125
158,148.855,156.20992,152.53245758056642
42,47.3,42.99685,45.148424530029295
136,128.18,126.58072,127.38035949707032
94,96.81,91.562744,94.1863720703125
100,122.35,102.2935,112.32175140380859
80,81.135,70.222595,75.67879760742187
93,130.505,101.67564,116.09031814575195
74,67.93,67.83271,67.88135513305664
186,156.255,162.16382,159.2094091796875
49,45.305,57.429966,51.3674829864502
130,110.95,130.75981,120.85490570068359
211,181.39,201.86064,191.6253207397461
144,144.8,131.93398,138.3669876098633
137,119.995,136.00378,127.99939208984375
106,123.715,119.357315,121.53615753173828
174,156.975,156.53726,156.75613098144532
165,142.125,166.90327,154.5141372680664
196,184.77,194.54144,189.65572143554687
177,145.59,167.15498,156.37249176025392
138,144.415,143.84793,144.13146545410154
140,123.785,133.49445,128.6397229003906
198,189.125,205.97269,197.54884338378906
138,140.26,134.88333,137.57166564941406
190,167.29,182.54826,174.91913177490233
170,157.83,167.91693,162.8734655761719
119,137.315,121.988976,129.65198776245117
134,139.28,143.4202,141.35009826660155
172,134.055,153.97874,144.01687225341797
221,185.865,198.5869,192.22594940185547
224,184.715,219.25795,201.9864749145508
104,139.2,119.52769,129.36384353637695
117,120.545,123.96143,122.25321670532227
149,164.62,160.7855,162.70275360107422
186,159.81,181.90903,170.8595135498047
174,169.375,163.68404,166.5295181274414
123,143.405,136.60197,140.00348724365233
142,180.845,162.74284,171.79392181396486
123,156.74,125.85876,141.2993785095215
182,184.205,193.88168,189.0433416748047
108,92.985,106.98086,99.98292892456055
126,127.855,133.04272,130.4488623046875
210,196.86,203.42067,200.14033477783204
77,76.415,89.216354,82.8156771850586
192,162.75,186.25905,174.50452423095703
179,169.05,161.49779,165.27389373779297
148,144.005,141.99817,143.00158447265625
91,67.825,88.367386,78.0961929321289
182,197.735,195.44763,196.59131591796876
97,84.975,95.42509,90.20004348754883
170,181.815,174.46587,178.1404330444336
145,133.425,147.42114,140.4230712890625
52,54.135,54.240597,54.18779838562011
73,145.545,98.1488,121.84690185546874
119,118.155,121.65852,119.90676177978516
99,106.35,107.19336,106.7716796875
131,148.325,143.98987,146.15743408203124
129,134.42,125.0179,129.71894927978514
112,103.465,102.50913,102.98706619262695
138,121.485,135.83958,128.66229217529298
132,133.64,129.5036,131.57180053710937
157,162.365,164.12144,163.24322235107422
154,125.16,144.72997,134.94498260498045
137,152.495,144.84526,148.6701303100586
168,156.795,166.48152,161.63826080322264
72,96.79,74.58438,85.68719055175782
102,132.095,113.73178,122.91339050292969
83,90.13,91.22105,90.67552322387695
159,175.6,165.88835,170.74417572021486
166,150.8,168.05946,159.4297317504883
127,111.65,115.234184,113.44209213256836
77,68.7,77.14547,72.92273483276367
81,114.805,96.77038,105.78768905639649
98,111.565,113.7546,112.65980026245117
85,79.485,81.92978,80.7073895263672
39,49.085,42.919006,46.00200317382813
135,127.26,126.17227,126.71613586425781
158,142.605,159.1886,150.89679931640626
105,114.115,107.47844,110.79671966552735
102,98.81,96.5686,97.6893017578125
41,54.39,48.7881,51.58905059814453
63,82.34,75.01364,78.67682067871094
149,137.125,141.41942,139.27220916748047
109,107.055,113.78567,110.4203337097168
205,177.025,198.77017,187.8975860595703
105,88.485,96.29547,92.39023559570313
87,89.845,89.32186,89.58343063354492
136,152.135,141.31218,146.72358978271484
115,137.655,126.406044,132.03052200317381
154,144.44,154.82571,149.63285705566406
100,142.425,128.91716,135.67108001708985
37,61.06,35.912746,48.48637321472168
110,117.46,117.09537,117.2776837158203
116,112.775,111.51538,112.1451904296875
174,175.65,181.34845,178.4992248535156
100,110.67,104.29504,107.48251815795899
106,110.5,112.4518,111.47589874267578
21,50.015,31.239944,40.62747222900391
93,91.15,104.23733,97.6936637878418
199,167.91,187.95993,177.93496520996092
76,86.38,81.6764,84.02819961547851
130,142.9,119.67109,131.28554458618163
47,58.14,61.565636,59.85281784057617
8,74.695,33.4632,54.079099807739254
227,166.145,199.15414,182.64957214355468
104,112.89,114.92901,113.90950424194335
134,129.37,129.12167,129.2458367919922
134,124.05,127.58984,125.819921875
72,79.225,77.9962,78.61060028076172
137,129.335,133.67403,131.50451324462892
122,108.27,117.55643,112.91321350097655
119,121.185,122.74746,121.96622970581055
130,122.215,126.66265,124.43882553100586
112,123.32,117.08332,120.20166030883789
108,109.105,108.20894,108.65696929931642
82,100.23,86.169754,93.19987701416017
93,110.465,104.6629,107.56395141601563
135,136.54,134.75232,135.64615966796873
142,168.235,159.64374,163.93936889648438
111,106.385,115.87577,111.13038528442382
140,122.92,127.15605,125.0380258178711
111,118.795,118.95173,118.8733644104004
98,106.07,103.395775,104.7328874206543
235,196.09,221.7033,208.89664642333986
111,109.185,105.42916,107.30708053588867
75,77.345,80.700005,79.02250228881836
104,108.445,112.66962,110.55730834960937
102,92.43,98.15204,95.29101928710938
198,192.13,197.07326,194.60162872314453
132,131.22,118.96757,125.09378372192383
116,115.835,110.15781,112.99640319824218
121,122.12,128.08588,125.10293823242188
114,107.555,119.53804,113.54652008056641
154,172.635,155.73848,164.1867398071289
113,120.225,122.75441,121.48970489501953
95,96.29,92.911316,94.60065795898439
86,117.47,95.18037,106.32518325805664
175,142.79,162.4151,152.6025500488281
46,62.145,56.360275,59.25263763427735
98,94.4,104.10709,99.25354690551758
123,125.08,121.66387,123.37193588256835
159,147.99,150.24806,149.11903106689454
182,158.27,165.07997,161.67498565673827
135,94.955,127.08618,111.02059082031249
106,125.6,108.25884,116.92942123413086
53,57.895,54.966736,56.43086791992188
187,200.795,206.50612,203.650559387207
138,113.285,133.77007,123.52753265380859
81,104.13,89.95708,97.04353851318359
84,94.435,84.76445,89.5997250366211
126,136.465,129.2588,132.86190216064455
179,166.565,177.54065,172.05282470703125
121,126.595,124.344406,125.46970306396484
123,130.76,128.61417,129.6870831298828
114,101.885,111.415276,106.65013778686523
150,174.88,163.73985,169.30992645263672
137,157.31,144.26973,150.7898648071289
187,167.035,172.62177,169.82838256835936
142,153.83,147.93846,150.8842306518555
89,89.675,85.31877,87.49688568115235
148,146.71,158.46829,152.58914611816408
174,193.095,177.5353,185.3151467895508
134,122.665,121.33969,122.0023455810547
120,128.48,120.36395,124.42197631835937
132,129.355,122.99994,126.17746948242187
150,145.85,145.72375,145.78687744140626
126,112.765,115.97253,114.36876327514648
134,128.165,131.22513,129.69506408691404
139,117.84,128.93341,123.38670532226563
113,119.455,113.94507,116.70003417968749
86,145.545,107.70938,126.6271905517578
172,162.94,172.99362,167.96681091308594
153,174.885,174.09012,174.48755920410156
90,93.0,91.918884,92.45944213867188
79,84.57,81.187805,82.87890258789062
106,102.365,107.7991,105.08205139160157
75,81.105,81.47437,81.28968643188477
132,138.73,131.9234,135.32670043945313
68,74.81,70.90866,72.85933044433594
163,161.225,161.96361,161.59430389404298
232,186.06,221.43729,203.74864318847656
140,108.22,123.580536,115.90026794433594
106,132.475,114.526924,123.50096206665039
86,120.415,94.748535,107.58176757812501
108,114.625,114.16435,114.3946762084961
183,155.685,174.9509,165.31794860839844
83,90.91,80.92895,85.91947372436523
84,64.32,79.011696,71.6658479309082
170,177.425,179.26242,178.34371032714844
172,169.95,170.51405,170.23202667236328
106,102.66,101.21929,101.93964584350586
105,122.625,105.79733,114.21116638183594
122,139.12,123.54194,131.33096939086914
144,138.71,149.67444,144.19221923828127
154,158.01,149.80666,153.90832794189453
128,118.85,122.3268,120.58839874267578
140,149.59,151.36687,150.47843353271486
48,54.53,40.984364,47.7571817779541
107,119.205,103.98528,111.5951414489746
76,82.53,71.099976,76.81498779296875
107,110.135,109.33897,109.73698318481445
95,114.58,92.787346,103.68367294311523
87,73.82,81.19735,77.50867477416992
80,96.175,87.910706,92.04285278320313
136,138.8,137.2782,138.03909912109376
138,130.355,126.65253,128.50376342773438
19,51.035,30.475666,40.75533302307129
80,81.13,89.09104,85.1105207824707
16,41.55,22.066957,31.80847873687744
89,106.345,95.95054,101.14776931762695
84,86.855,81.201744,84.02837203979493
40,42.095,42.640263,42.36763130187988
105,117.555,113.34396,115.44948181152344
77,66.805,67.86165,67.33332427978516
56,70.68,64.656204,67.66810211181641
109,93.175,95.548355,94.36167755126954
83,73.855,80.98192,77.41845916748048
124,105.015,107.62292,106.31895858764648
126,123.035,113.94236,118.4886799621582
85,85.515,77.67756,81.59627944946288
130,115.57,119.72364,117.64682022094726
84,78.04,79.618034,78.8290171813965
110,107.51,104.26786,105.88893020629882
86,87.42,84.77236,86.09618087768555
47,50.68,60.58485,55.63242515563965
84,104.72,87.45084,96.08542190551758
90,117.3,104.019485,110.65974273681641
73,69.365,69.110054,69.23752700805665
80,90.95,91.32963,91.13981399536132
113,110.235,112.02695,111.1309735107422
84,74.435,83.08334,78.75917175292969
143,119.51,123.049866,121.27993286132812
36,43.505,36.2967,39.90084976196289
119,101.97,114.21279,108.09139572143555
152,120.745,141.96632,131.35566192626953
175,163.805,168.08456,165.9447821044922
173,149.915,159.61229,154.76364471435545
177,140.3,169.91585,155.10792388916016
68,71.71,79.264496,75.48724792480468
217,204.18,208.54332,206.36165985107422
99,109.615,97.983826,103.79941284179688
42,52.57,45.398174,48.98408714294433
234,233.325,215.3777,224.35135040283203
92,120.805,100.49465,110.6498258972168
186,157.055,180.56177,168.8083837890625
141,120.4,137.76712,129.08356018066405
196,178.515,180.36995,179.44247467041015
96,100.415,91.56618,95.99058868408204
129,123.755,124.9877,124.37135070800781
161,143.52,164.46132,153.99065948486327
32,70.26,57.71674,63.98836982727051
239,235.005,220.56305,227.78402465820312
137,124.125,147.50621,135.81560516357422
53,51.63,53.98248,52.80623954772949
93,114.29,100.28419,107.28709365844728
160,139.975,147.75227,143.86363677978517
147,166.675,158.5008,162.58789672851563
109,101.94,102.71507,102.32753631591797
206,168.635,194.19626,181.41562927246093
118,95.73,107.914635,101.82231735229493
139,134.705,133.14854,133.92677215576174
145,142.585,149.1412,145.8631024169922
97,93.95,89.47084,91.71042022705078
160,173.635,166.82462,170.2298077392578
87,108.885,95.03567,101.96033370971679
160,148.295,154.24355,151.26927276611326
89,105.505,94.20035,99.85267395019531
71,66.935,66.291824,66.61341217041016
99,104.04,105.03507,104.53753616333009
137,126.34,131.17741,128.75870697021486
65,71.085,67.70682,69.39590881347655
100,126.09,104.432625,115.26131240844727
63,69.605,56.153816,62.87940811157227
78,72.92,77.22126,75.0706300354004
51,47.92,51.334995,49.627497634887696
44,72.635,66.39769,69.51634490966796
94,127.445,110.82824,119.13661972045898
89,92.81,83.94738,88.37869003295899
123,98.32,108.360374,103.3401872253418
103,85.41,93.2462,89.32810028076172
68,64.78,69.321106,67.05055297851563
205,130.705,169.0879,149.89645294189455
83,76.6,79.52303,78.06151657104492
66,69.015,66.58696,67.80097991943359
81,103.42,88.27579,95.84789367675782
42,53.89,49.209503,51.54975158691406
74,124.05,93.84729,108.94864501953126
120,126.12,118.931465,122.5257325744629
42,55.555,51.00466,53.2798307800293
158,115.845,142.34532,129.09516082763673
89,83.54,92.82276,88.18138076782228
59,75.665,67.31814,71.49156906127931
98,80.805,88.804695,84.80484756469727
93,106.055,98.193474,102.12423690795899
67,61.375,64.53816,62.956581115722656
57,54.675,55.235516,54.95525779724121
89,90.575,95.75072,93.16285858154296
42,66.14,56.069775,61.104887313842774
71,71.3,72.931145,72.11557235717774
90,84.335,86.563805,85.44940231323241
112,124.305,114.8828,119.59389862060547
103,84.795,95.796906,90.29595275878907
127,115.555,117.73311,116.64405426025391
81,74.05,89.95786,82.00393142700196
159,131.26,143.78465,137.52232635498046
82,76.33,76.51083,76.42041687011718
140,152.085,148.39073,150.23786590576174
94,117.4,107.82084,112.61041946411133
158,155.11,160.84485,157.97742431640626
164,142.47,154.67566,148.57282958984376
96,79.745,90.193794,84.96939712524414
91,118.96,105.224396,112.09219787597655
198,161.2,186.78568,173.99283752441406
122,128.67,125.175385,126.92269226074218
164,156.09,159.6321,157.86104766845705
78,85.27,82.96035,84.11517501831054
135,145.75,148.23727,146.99363708496094
162,156.315,152.27498,154.29498931884766
110,103.3,111.35035,107.32517471313477
112,118.67,110.33283,114.5014161682129
70,82.98,75.10399,79.04199432373048
110,103.945,106.33503,105.14001480102539
118,147.95,136.1022,142.0261016845703
249,213.505,237.32898,225.41698974609375
239,180.5,216.86172,198.6808624267578
186,161.46,175.38931,168.42465637207033
95,108.25,101.89091,105.07045364379883
131,146.995,136.97073,141.98286682128906
134,150.855,135.65538,143.25519012451173
253,231.83,247.73636,239.78317932128908
258,214.38,236.52638,225.45319122314453
152,173.48,184.48337,178.98168395996095
133,112.77,126.62443,119.69721389770507
145,155.94,148.27888,152.10944244384766
182,183.72,180.9573,182.33865295410158
140,121.04,131.67401,126.35700561523439
95,95.355,93.71788,94.53644012451173
162,144.165,147.29239,145.7286944580078
86,90.015,84.74046,87.37773162841796
110,102.365,111.61297,106.98898422241211
96,104.615,102.5119,103.56345092773438
92,96.745,86.072754,91.408876953125
110,107.92,107.48119,107.70059677124024
118,116.46,118.68741,117.5737042236328
188,198.645,206.45636,202.55067993164062
121,107.62,111.16674,109.39337020874024
115,141.19,117.088974,129.13948699951172
130,132.09,125.68774,128.88886825561525
179,157.865,165.08972,161.47736083984375
118,101.88,111.39383,106.63691467285156
113,125.105,122.82806,123.96652816772462
52,48.145,55.683533,51.91426635742188
111,135.07,116.189224,125.62961212158203
93,104.85,96.50172,100.67585830688476
175,164.535,179.05467,171.79483612060545
130,130.58,135.34525,132.96262268066408
133,136.495,131.44102,133.96801239013672
137,136.75,139.10777,137.92888641357422
162,157.91,161.85284,159.8814221191406
110,108.44,112.664085,110.5520426940918
187,172.895,181.07397,176.9844873046875
178,168.53,173.96965,171.24982513427733
84,75.915,90.176956,83.04597808837892
141,128.96,138.41374,133.68687103271486
95,101.385,93.04404,97.21451843261718
57,93.6,76.789925,85.19496231079101
117,113.365,114.60194,113.98346817016602
117,134.93,121.639946,128.28497299194336
57,56.665,58.477825,57.57141258239746
138,132.875,129.08267,130.9788360595703
139,141.335,145.14268,143.23884246826174
114,98.085,111.20941,104.64720581054686
54,61.895,56.00473,58.94986511230469
56,84.045,70.32743,77.18621536254884
152,158.82,155.4826,157.15130249023437
114,133.115,125.920006,129.51750289916993
87,85.015,85.80969,85.41234619140624
134,125.84,127.05219,126.44609634399414
203,164.85,185.37878,175.11439208984376
63,73.205,79.39732,76.30116180419921
4,34.94,14.312368,24.626184196472167
146,148.625,155.93762,152.28131103515625
59,80.91,66.96061,73.93530471801758
99,129.51,114.10627,121.80813491821289
99,111.145,98.003685,104.57434249877929
123,97.73,111.31072,104.52036117553712
192,155.09,188.68394,171.88697235107423
134,134.87,136.71165,135.79082733154297
54,71.54,56.03428,63.787139434814456
87,73.04,76.99759,75.01879455566407
109,114.475,108.86543,111.6702163696289
67,75.615,77.2167,76.41584884643555
112,115.005,116.09676,115.55088180541992
82,75.67,80.60805,78.13902374267579
129,112.495,126.762,119.62850051879883
145,157.935,161.79332,159.86415985107422
72,67.655,73.77837,70.71668685913086
123,127.84,129.9845,128.91224853515627
160,142.25,154.31194,148.28096771240234
124,120.135,114.83012,117.48255813598632
42,51.665,52.93246,52.29873039245605
131,127.67,119.24523,123.45761581420899
137,143.545,135.8437,139.69435211181639
133,127.52,136.22537,131.87268615722655
153,151.695,152.24641,151.97070709228515
192,176.48,186.27826,181.37912963867188
59,77.405,60.904503,69.15475143432617
128,114.64,123.54765,119.09382659912109
144,164.95,155.78519,160.36759338378906
84,93.235,83.20675,88.22087448120118
102,101.125,110.46448,105.79473876953125
103,110.27,114.14559,112.20779586791991
145,138.565,142.80177,140.68338653564453
141,127.57,131.62303,129.59651580810547
150,142.775,147.88925,145.33212585449218
162,148.145,163.96538,156.05518890380858
251,225.55,238.09732,231.82366027832032
192,153.705,172.42293,163.06396392822268
144,139.735,142.04684,140.89092224121094
160,158.845,161.412,160.1285012817383
112,124.19,105.06621,114.62810394287109
123,115.36,108.653336,112.00666778564454
204,183.965,205.84074,194.90287200927736
50,70.99,44.549343,57.76967155456543
191,215.225,182.45836,198.84167938232423
107,113.32,98.24152,105.78076187133789
45,59.685,42.777176,51.23108795166016
54,76.4,62.73671,69.56835479736328
28,53.93,38.85311,46.391555633544925
77,89.57,79.68963,84.6298143005371
69,67.035,63.89985,65.46742446899414
93,103.755,94.6431,99.19904846191406
96,71.055,74.93065,72.99282440185547
64,67.255,64.75174,66.00336975097656
109,107.675,111.16483,109.41991653442383
64,76.44,67.70724,72.07361862182617
120,119.69,120.547195,120.11859771728516
47,69.655,54.453003,62.05400146484375
110,104.53,102.31394,103.4219709777832
107,99.16,91.62924,95.39462097167969
35,61.035,42.668007,51.851503448486326
94,98.025,87.24576,92.63537902832032
126,121.04,121.089554,121.06477691650392
51,62.565,51.403084,56.984041900634764
84,79.21,86.645355,82.92767761230468
92,90.8,85.02883,87.9144157409668
73,78.105,75.39721,76.75110458374024
138,146.985,143.26842,145.12670867919923
114,102.195,97.82845,100.01172653198242
116,120.45,107.818085,114.13404235839843
78,89.54,79.19145,84.3657260131836
65,75.395,64.785774,70.0903871154785
66,77.185,70.52632,73.85566070556641
94,112.83,108.85132,110.84065917968749
191,171.435,193.7388,182.58690002441406
141,128.635,134.86371,131.74935424804687
182,143.385,162.22972,152.80736053466796
120,113.695,115.83873,114.76686492919922
162,135.565,156.46596,146.01547882080078
124,136.19,131.05348,133.62174102783203
241,207.225,227.25824,217.2416198730469
208,182.39,194.81905,188.6045230102539
115,88.99,121.42456,105.2072802734375
134,147.33,141.78528,144.55763916015627
76,81.02,84.3883,82.70414901733398
99,115.08,106.81912,110.94956115722655
130,117.165,132.3238,124.74440338134767
137,148.07,144.98892,146.5294610595703
221,188.815,201.26729,195.0411441040039
56,73.13,67.1346,70.13229888916015
165,134.83,150.66103,142.7455130004883
157,156.68,165.56987,161.1249349975586
133,137.425,143.53883,140.48191680908204
110,128.505,107.70699,118.10599655151367
123,115.895,121.92352,118.90926147460937
139,142.25,141.46976,141.85987854003906
136,136.455,137.45499,136.95499328613283
163,158.03,155.71176,156.87088073730467
224,196.69,215.86137,206.2756869506836
211,196.805,181.72388,189.2644384765625
196,166.62,170.8289,168.7244515991211
222,195.61,213.94751,204.7787548828125
68,102.285,86.511185,94.3980923461914
125,118.77,125.902954,122.33647705078124
244,211.3,216.82874,214.06436767578126
69,105.835,73.35835,89.5966763305664
227,223.72,226.9476,225.3338006591797
89,97.04,77.15291,87.09645416259767
73,70.83,61.68308,66.25653938293456
9,41.53,21.770477,31.650238647460938
173,148.455,170.87364,159.66432098388674
97,106.87,95.439514,101.15475708007813
166,155.995,169.14407,162.56953674316406
88,91.51,89.6341,90.57205093383789
52,62.32,56.173275,59.24663749694824
113,114.16,108.30739,111.23369415283203
90,78.725,81.85494,80.28997116088867
114,124.21,118.64251,121.4262547302246
77,79.16,77.24853,78.20426376342773
69,77.44,67.034836,72.23741790771484
89,94.665,78.53034,86.5976710510254
106,119.555,114.70727,117.13113388061524
96,93.18,89.83016,91.50508102416993
84,95.56,90.322945,92.94147232055664
103,98.8,95.675186,97.23759307861329
48,54.135,47.242184,50.68859184265136
78,74.57,75.406654,74.98832717895507
63,65.175,58.624523,61.8997615814209
86,95.66,91.86415,93.76207550048828
148,142.775,149.46109,146.1180450439453
96,86.075,99.57343,92.82421646118163
105,91.315,88.5865,89.95075103759766
95,84.315,89.19689,86.75594589233398
74,99.965,90.112625,95.03881256103516
119,134.5,123.635445,129.06772232055664
73,122.5,92.52791,107.51395416259766
156,130.655,155.63489,143.14494384765624
131,130.16,127.42994,128.79496963500975
130,119.535,125.415146,122.47507293701172
159,147.47,160.46233,153.96616302490236
170,142.25,155.81291,149.03145599365234
142,140.83,142.82707,141.82853607177736
207,193.945,199.86278,196.90388885498047
136,141.97,156.54701,149.2585061645508
152,132.255,151.32129,141.78814453125
344,259.945,295.57443,277.7597161865234
153,70.105,109.77594,89.94046997070313
165,160.37,151.44237,155.90618377685547
185,190.92,182.97266,186.94632812499998
126,123.14,140.65927,131.89963562011718
143,152.735,146.41353,149.5742642211914
125,145.8,130.05905,137.92952575683594
126,146.505,140.6463,143.57565063476562
223,229.65,225.5869,227.61844940185546
146,144.38,143.81299,144.096494140625
126,138.69,130.71652,134.70326110839844
183,167.335,188.46254,177.8987698364258
195,195.275,197.43106,196.3530303955078
109,112.6,120.14954,116.37477188110351
65,70.31,64.64614,67.47807052612305
141,157.01,147.20499,152.1074932861328
118,107.67,117.39081,112.53040405273438
159,169.36,160.20639,164.7831951904297
59,76.34,71.409836,73.87491790771485
196,198.285,200.81566,199.55032928466795
109,133.245,123.61107,128.42803436279297
159,137.36,145.38016,141.37007873535157
143,142.22,144.62834,143.42417083740236
74,87.705,67.65099,77.67799667358398
153,130.86,147.3252,139.09259765625
141,147.03,148.1659,147.59794677734374
115,104.595,104.48814,104.54156814575195
75,81.255,73.153366,77.20418304443359
171,158.575,169.33043,163.9527145385742
191,156.945,179.56439,168.25469604492187
64,74.995,73.35067,74.17283493041992
139,150.045,136.37758,143.21128936767576
172,187.675,174.99136,181.33318176269532
79,93.185,80.3858,86.78540161132813
90,90.995,94.148254,92.57162719726563
43,45.89,52.22932,49.059660263061524
114,123.225,111.95291,117.58895568847656
102,97.41,100.55302,98.98150833129883
121,130.955,121.3892,126.17209915161133
137,135.5,136.64763,136.07381439208984
133,145.365,133.55022,139.45760833740235
137,145.3,127.035645,136.167822265625
174,166.725,170.71379,168.71939544677736
84,74.2,80.21332,77.20665893554687
111,99.235,106.67576,102.95537918090821
124,131.57,130.72572,131.14786163330078
172,174.14,182.8082,178.47409851074218
205,185.17,206.34868,195.75933929443357
91,125.505,107.54427,116.52463668823242
112,95.25,101.51824,98.38412094116211
45,55.42,43.996784,49.70839210510254
105,102.46,118.22343,110.34171340942382
74,84.495,83.36166,83.92832809448242
120,122.75,120.90093,121.82546615600586
166,139.025,149.84813,144.43656463623046
29,54.445,44.579407,49.51220336914062
101,108.78,115.01619,111.89809478759766
158,146.91,147.654,147.2820034790039
123,133.89,128.305,131.09749633789062
124,125.37,128.0757,126.72284942626953
80,84.41,84.50299,84.45649536132812
102,106.79,109.91366,108.35182907104493
175,160.4,180.41939,170.4096939086914
218,197.285,207.6569,202.47095306396483
97,91.085,102.87991,96.98245666503905
49,71.915,67.566086,69.74054290771485
134,153.37,141.29897,147.33448272705078
53,76.555,53.740845,65.14792236328125
123,135.405,129.99686,132.70092834472655
119,136.615,127.48371,132.0493556213379
155,138.19,140.63335,139.4116732788086
45,59.645,55.629078,57.63703895568848
155,136.96,147.11525,142.03762481689455
118,119.7,112.13147,115.91573486328124
228,206.545,230.46312,218.50405975341795
122,104.755,112.71177,108.73338455200195
57,58.505,46.26312,52.38405937194824
136,129.02,123.06496,126.04247833251954
174,171.215,170.4814,170.84819976806642
122,134.885,123.24402,129.06450927734375
81,86.55,79.316414,82.93320693969727
99,114.94,104.751526,109.84576293945312
49,60.09,57.223385,58.65669242858887
129,122.83,130.7582,126.79409698486327
141,135.085,139.46878,137.27689025878908
111,98.16,108.58497,103.37248428344726
97,97.98,105.96458,101.97228836059571
134,124.53,135.6281,130.07904876708983
136,145.81,139.08234,142.44616821289063
105,110.215,112.16708,111.19104187011719
210,219.625,217.3689,218.4969482421875
137,138.05,135.20183,136.62591400146485
101,130.155,111.473274,120.81413711547852
170,181.035,179.18288,180.10893829345702
118,121.66,112.89373,117.27686508178711
93,107.87,97.72482,102.79741149902344
128,127.035,120.44887,123.74193389892578
91,85.025,83.345695,84.18534774780274
80,88.895,83.47328,86.18414093017577
153,167.64,158.50543,163.07271606445312
91,103.58,96.4272,100.0036001586914
181,171.505,174.37177,172.93838256835937
130,110.61,117.10387,113.85693328857423
106,107.465,101.89029,104.67764465332031
100,91.765,95.68801,93.72650558471679
92,101.64,90.84468,96.2423403930664
114,113.41,111.728714,112.5693569946289
139,138.42,149.0127,143.71634765624998
95,104.635,101.15067,102.89283645629882
133,122.775,128.03485,125.40492553710938
154,157.5,158.10396,157.8019790649414
124,128.7,133.13943,130.91971740722656
160,136.415,145.22002,140.81750823974608
58,57.9,57.825367,57.86268348693848
147,154.485,152.39941,153.44220703125
139,136.0,137.85188,136.92594146728516
132,122.8,125.365654,124.08282699584962
69,84.125,70.92474,77.52487182617188
133,153.605,141.17404,147.38952087402345
202,170.79,186.15607,178.4730334472656
103,112.38,100.75299,106.56649536132812
93,107.065,99.89683,103.48091384887695
202,202.16,212.00545,207.08272369384764
108,124.92,111.814705,118.36735244750977
162,146.4,161.22293,153.81146545410155
163,160.81,153.88722,157.34861114501953
82,95.055,85.75128,90.40314086914063
77,74.41,74.35796,74.38398178100586
134,130.96,123.38063,127.17031524658204
103,101.115,99.31864,100.21682083129883
126,125.48,125.71645,125.59822677612306
131,119.945,127.469475,123.70723739624023
122,127.815,132.39886,130.10693237304687
139,138.305,141.74965,140.02732452392578
202,202.25,210.95552,206.6027603149414
78,99.575,76.0298,87.80240020751953
108,110.23,115.212234,112.72111724853517
119,119.08,117.13503,118.10751632690429
120,131.56,113.18902,122.37450912475586
104,94.765,100.265915,97.51545745849609
143,133.62,136.44904,135.03451782226563
114,126.08,114.4789,120.27944854736327
203,212.605,222.98053,217.79276489257813
22,54.665,38.50383,46.58441497802734
147,129.785,145.38925,137.58712585449217
155,132.365,142.93138,137.64819061279297
74,81.055,78.83785,79.94642623901368
68,103.325,92.27192,97.79845962524413
146,135.965,139.67134,137.81817047119142
115,127.98,130.91133,129.44566558837892
117,118.77,123.369545,121.06977249145507
129,139.485,136.60207,138.04353302001954
98,128.885,107.89846,118.39173019409179
167,145.23,162.21207,153.72103332519532
47,50.135,56.8328,53.483900909423824
112,116.82,115.36975,116.09487548828125
165,158.415,175.68347,167.04923583984373
187,162.895,175.31783,169.1064126586914
129,125.455,120.21278,122.83389190673827
151,156.46,156.24487,156.35243652343752
192,217.265,211.05698,214.16098815917968
100,106.66,96.663666,101.66183288574219
92,97.995,96.42392,97.20945983886719
94,99.625,99.05274,99.33887100219727
98,102.65,99.73724,101.19362182617188
107,106.9,102.33515,104.61757583618164
147,160.3,144.23824,152.2691177368164
167,167.805,177.99857,172.90178283691407
108,126.94,118.25374,122.59686920166016
104,105.09,98.40833,101.74916641235352
93,90.3,84.259056,87.2795280456543
151,131.88,141.47466,136.6773275756836
66,76.615,71.25985,73.93742477416993
92,87.145,91.92298,89.5339906311035
108,115.92,114.30451,115.1122560119629
152,155.925,162.63199,159.27849426269532
109,100.52,102.24292,101.38145996093749
44,51.77,45.16648,48.46824050903321
79,79.11,74.66309,76.88654678344727
37,51.675,46.229084,48.95204200744629
37,50.905,43.97248,47.43874038696289
34,78.535,53.82165,66.17832572937012
58,78.6,63.419933,71.0099666595459
105,91.735,99.30504,95.52001922607423
96,94.485,102.1718,98.32839935302735
91,94.635,102.55599,98.59549606323242
51,56.695,58.079582,57.38729110717773
47,61.21,52.62384,56.91692016601563
61,75.64,60.716396,68.17819816589355
75,77.89,85.27658,81.58329040527343
76,72.895,70.31347,71.60423446655273
55,54.455,49.490963,51.972981491088866
66,73.66,68.739716,71.19985778808594
75,67.57,68.24482,67.90740982055664
56,53.48,58.682224,56.081112136840815
65,72.48,74.1454,73.31270050048829
95,90.14,96.46704,93.3035205078125
76,61.26,67.90131,64.58065689086914
206,163.25,187.39777,175.32388305664062
58,70.025,48.55448,59.28974075317383
119,88.415,116.36916,102.39208175659181
83,108.355,75.788185,92.07159255981446
93,92.08,91.954124,92.01706222534179
100,115.915,107.31616,111.61558105468751
96,82.555,88.23362,85.3943098449707
113,121.69,116.507576,119.09878799438476
89,89.205,81.75799,85.4814939880371
175,169.35,181.79938,175.57468872070314
91,94.965,94.40445,94.68472473144531
126,116.73,130.40552,123.56775878906251
132,110.505,131.69493,121.09996551513672
157,129.665,142.07845,135.87172271728514
126,123.645,128.01004,125.82752014160155
162,169.78,168.00891,168.89445556640624
79,86.465,82.646324,84.55566207885742
85,91.57,87.37991,89.47495666503906
41,57.575,48.68093,53.1279655456543
86,97.905,86.510704,92.20785202026367
67,77.195,70.38067,73.78783432006836
148,150.61,153.15921,151.88460510253907
111,100.2,103.52296,101.86147842407226
105,96.025,107.72959,101.87729568481446
117,105.5,116.12556,110.81277847290039
135,126.745,137.73454,132.23977142333985
171,162.86,176.82709,169.84354370117188
108,114.025,110.9837,112.50435180664063
70,68.07,67.378914,67.72445693969726
99,99.18,96.318275,97.74913772583008
137,132.805,131.19168,131.99834045410157
98,113.16,108.3477,110.75385101318359
123,120.16,129.14754,124.65376861572265
93,84.625,96.09522,90.36011123657227
169,184.515,184.96692,184.74095947265624
98,92.13,95.798935,93.96446746826172
149,139.03,141.80077,140.41538299560546
95,88.425,93.93053,91.17776336669922
162,139.315,161.621,150.4680010986328
143,159.115,157.33852,158.2267581176758
133,110.75,129.35304,120.05152130126953
178,190.125,177.15405,183.6395263671875
116,127.785,120.24746,124.01622970581055
245,214.825,240.59152,227.70826110839843
99,104.255,101.21969,102.73734420776367
103,111.315,102.59921,106.95710632324219
144,130.81,133.39394,132.10196807861328
185,165.97,176.83542,171.40270935058595
205,201.38,215.05762,208.21880859375
217,197.895,203.00125,200.44812561035155
111,119.64,109.005325,114.3226626586914
92,107.23,93.80018,100.51508926391602
94,118.045,95.04488,106.54494186401368
116,120.42,111.03225,115.7261247253418
88,95.22,79.809616,87.5148080444336
74,75.595,76.034966,75.81498275756836
105,97.01,105.5535,101.28174865722656
72,82.96,72.07588,77.5179409790039
41,42.85,38.41265,40.63132553100586
101,95.83,101.306465,98.56823257446288
79,74.11,75.91637,75.01318328857423
94,104.735,100.363655,102.54932754516602
86,78.57,79.12808,78.84904113769531
62,69.32,63.779827,66.54991355895996
48,65.595,53.861313,59.72815643310547
75,87.165,81.92045,84.54272415161134
42,54.325,43.86938,49.09719047546387
94,85.38,85.246574,85.31328720092773
73,75.8,75.81195,75.80597534179688
86,82.315,84.20903,83.26201507568359
78,79.785,80.52923,80.15711410522461
65,74.48,67.41794,70.94896911621095
79,103.035,94.38052,98.70776184082031
93,101.01,91.60627,96.30813491821289
57,58.13,52.106316,55.11815780639648
67,72.525,68.019966,70.27248306274414
66,64.01,59.71206,61.86102951049805
135,126.925,128.15341,127.5392059326172
52,49.68,51.491695,50.58584770202637
75,84.67,85.23743,84.95371337890626
69,70.99,59.795418,65.39270889282227
73,73.04,73.249084,73.14454223632814
171,171.09,168.75185,169.9209231567383
149,156.45,163.3138,159.88189849853515
114,121.025,115.242165,118.1335823059082
105,105.63,109.20947,107.419736328125
156,131.22,152.34663,141.78331695556642
162,134.565,152.99413,143.77956268310547
153,140.7,160.32214,150.51107177734374
110,88.96,99.20287,94.08143661499022
158,166.805,152.94423,159.87461456298828
134,121.14,128.61118,124.87558776855468
134,143.095,131.4565,137.27574859619142
129,133.735,137.4351,135.5850521850586
73,87.065,72.80627,79.93563339233398
140,119.45,132.48172,125.96585998535156
125,131.145,123.802635,127.47381759643555
77,91.19,80.50428,85.84714004516601
123,118.025,123.05553,120.54026336669922
127,121.005,130.56314,125.78407043457031
116,111.945,114.01112,112.97806182861328
130,134.835,135.05031,134.94265411376955
162,137.75,153.25117,145.5005874633789
147,127.07,141.65762,134.3638116455078
183,166.345,177.14949,171.74724517822267
68,71.295,73.124535,72.2097673034668
270,225.66,243.05376,234.35687835693358
288,242.365,246.09314,244.22906982421875
157,122.36,127.13309,124.74654357910157
164,146.76,158.27272,152.51636016845703
64,83.71,76.81339,80.26169631958007
201,186.35,205.41647,195.88323669433595
144,143.405,151.59003,147.49751342773436
184,172.095,175.75314,173.92407165527345
220,217.765,216.93509,217.35004455566406
97,91.395,83.49083,87.44291473388671
42,52.45,45.344757,48.897378540039064
98,93.45,105.762856,99.60642776489257
65,66.865,68.94748,67.90623962402344
104,111.52,103.865974,107.69298721313476
101,83.95,98.5111,91.23055038452148
92,86.95,92.905975,89.92798767089843
115,118.83,119.0199,118.92494873046874
41,53.755,56.24864,55.001819076538084
106,101.315,118.05844,109.68672058105469
118,109.78,117.22539,113.5026937866211
98,112.49,105.63325,109.06162368774415
142,133.715,134.94502,134.33001129150392
111,103.65,107.99263,105.82131500244141
80,75.455,83.06228,79.25863937377929
155,141.21,152.8951,147.05254791259767
104,112.765,107.08454,109.92477066040038
100,91.45,96.13851,93.79425582885742
131,120.65,133.30565,126.97782440185547
109,120.04,112.39444,116.21721984863282
214,195.78,208.45555,202.11777557373046
170,164.13,162.2174,163.17370361328125
120,117.485,118.247086,117.86604278564454
51,57.875,56.02154,56.94827079772949
211,184.365,192.85512,188.6100588989258
122,122.745,111.85322,117.29910903930664
107,107.005,105.3223,106.16365188598633
138,127.93,137.68286,132.8064306640625
93,122.7,104.55015,113.62507400512695
108,95.495,97.88006,96.68752914428711
123,121.465,129.08833,125.27666656494141
133,148.59,141.77573,145.1828631591797
103,103.695,105.548805,104.6219026184082
118,106.605,117.408806,112.006902923584
222,205.625,219.46881,212.54690551757812
103,118.18,102.62939,110.40469345092774
76,82.925,78.51558,80.72028961181641
190,152.205,186.00783,169.10641387939455
124,120.115,125.98116,123.04808151245118
83,75.595,79.56201,77.578505859375
145,172.41,153.1225,162.76624877929686
94,116.275,104.50755,110.39127655029297
153,152.8,151.65172,152.22585906982422
138,151.06,141.21635,146.1381771850586
86,73.395,83.146996,78.27099777221679
173,157.97,174.69962,166.33480773925783
127,130.7,128.12589,129.4129425048828
101,101.03,90.89161,95.96080459594727
89,86.355,87.463264,86.90913223266602
143,133.89,140.9176,137.40380126953124
152,132.49,142.97665,137.7333270263672
120,149.28,132.33739,140.80869354248046
180,148.8,165.94476,157.37238159179688
78,87.12,82.538536,84.82926803588867
46,53.91,55.353477,54.63173873901367
139,156.67,155.46843,156.06921478271482
184,157.19,178.87543,168.03271362304687
158,157.51,164.68181,161.09590423583984
192,174.28,185.30173,179.79086364746092
212,193.875,220.14539,207.01019287109375
44,60.68,41.553314,51.11665710449219
180,150.525,175.84189,163.18344421386718
74,71.915,72.563,72.23900177001954
108,102.44,108.075294,105.25764724731445
30,51.22,41.356133,46.28806625366211
81,119.055,102.79283,110.92391571044922
130,117.43,131.39574,124.41286834716797
96,90.515,95.50736,93.01118118286132
136,128.735,137.06862,132.90180938720704
153,159.135,165.22745,162.1812237548828
99,110.095,105.86874,107.98186813354492
77,79.655,77.704025,78.67951263427734
74,75.49,70.45818,72.97409164428711
47,54.28,51.712532,52.996266021728516
65,99.29,83.02882,91.15940811157228
162,145.28,175.65053,160.46526397705077
192,148.26,178.35094,163.3054684448242
215,191.74,202.19586,196.96793090820313
179,130.14,160.86633,145.50316650390624
114,127.12,116.23515,121.6775765991211
183,153.04,173.98819,163.5140948486328
129,117.48,121.82351,119.6517546081543
110,107.96,117.393875,112.67693756103515
136,132.195,144.41963,138.3073159790039
109,98.63,111.580605,105.10530227661133
83,99.59,84.18184,91.88591949462891
55,81.98,56.32537,69.15268539428712
66,107.505,76.86913,92.18706649780273
97,122.73,96.000725,109.36536239624024
42,67.35,53.17925,60.264624404907224
66,84.555,77.56669,81.06084426879883
156,140.35,156.08975,148.21987609863282
99,87.155,91.73415,89.4445768737793
96,73.725,83.12747,78.42623596191406
64,60.555,62.725727,61.64036354064942
78,78.925,75.426704,77.17585220336915
89,74.445,82.6361,78.54055038452148
34,46.205,41.80327,44.00413421630859
78,75.48,81.246796,78.36339782714845
76,93.345,77.249985,85.29749237060547
87,78.52,93.53257,86.02628494262694
68,64.0,70.475494,67.23774719238281
4,29.775,14.929051,22.352025699615478
52,73.29,66.24727,69.76863433837892
95,91.835,89.640854,90.73792694091796
118,103.475,107.48999,105.4824951171875
101,120.965,105.034294,112.99964706420899
63,78.14,72.09916,75.11957962036132
80,82.62,85.0891,83.85455184936524
46,59.025,53.097736,56.06136817932129
79,75.925,82.555305,79.24015274047852
55,58.375,60.01826,59.19663047790527
103,72.47,91.88561,82.17780624389648
159,163.655,171.20836,167.4316793823242
91,69.465,82.01281,75.73890487670899
46,41.17,46.143528,43.65676399230957
76,98.985,88.10027,93.54263656616212
95,72.33,84.95815,78.64407638549804
73,73.625,81.128395,77.3766975402832
171,172.36,192.47841,182.4192044067383
148,125.845,151.89687,138.8709329223633
110,127.43,112.22173,119.82586654663086
74,83.875,81.93587,82.90543365478516
149,139.36,138.96509,139.1625439453125
79,68.3,71.33723,69.8186134338379
166,176.815,176.47319,176.6440951538086
179,152.54,181.69423,167.11711456298826
225,206.975,220.30052,213.63776092529298
114,95.53,111.64268,103.58633865356445
163,147.33,165.73239,156.53119567871096
133,133.66,144.5295,139.0947476196289
148,153.28,148.13191,150.70595611572264
182,154.27,170.0466,162.15830017089843
141,132.575,134.36186,133.4684310913086
110,101.355,110.45818,105.90659164428712
123,125.755,137.55696,131.65598052978515
135,129.81,138.24486,134.02742889404297
47,60.045,55.366817,57.70590873718262
98,143.84,123.49894,133.6694697570801
142,127.02,146.24963,136.63481689453124
102,122.445,111.54376,116.99438110351562
235,213.325,221.79958,217.56228790283203
150,163.61,147.93375,155.77187316894532
227,197.795,241.2353,219.51515289306639
147,124.26,146.17603,135.2180126953125
125,120.34,122.69722,121.51860992431641
191,225.19,220.53046,222.86022827148437
135,133.775,131.61125,132.69312591552733
180,150.905,162.31163,156.6083151245117
212,203.005,231.5053,217.25514739990234
211,219.905,222.64357,221.27428497314452
108,127.985,114.45695,121.22097366333008
138,128.145,140.21333,134.1791665649414
73,87.98,74.72523,81.35261367797852
89,105.22,94.72625,99.97312484741211
192,156.475,181.41418,168.94459228515626
43,43.6,49.07234,46.33616905212402
128,143.94,130.85655,137.39827606201172
108,137.73,122.06403,129.8970167541504
44,76.56,44.01491,60.287455825805665
93,113.445,85.82457,99.63478485107422
166,143.305,150.35027,146.82763275146485
98,116.88,101.34949,109.11474365234375
65,68.885,64.22609,66.55554473876953
106,98.02,98.414505,98.2172525024414
90,106.32,86.12378,96.2218896484375
81,75.39,72.914665,74.15233261108398
111,103.43,106.02006,104.72502883911133
58,73.39,58.582794,65.98639709472656
68,51.675,63.73536,57.705179595947264
74,91.68,78.84701,85.26350387573243
73,82.94,79.83937,81.38968536376953
87,68.37,74.946075,71.65803771972656
89,100.975,85.826225,93.40061264038086
39,52.57,43.732838,48.15141883850097
102,91.215,98.50524,94.86012069702149
163,136.84,138.31087,137.57543365478517
145,115.57,140.97202,128.27100769042968
163,192.855,161.15002,177.00251220703126
86,100.685,96.19089,98.43794372558594
192,142.985,167.14128,155.06314056396485
283,222.4,245.14294,233.77147216796874
145,120.435,148.01831,134.2266552734375
65,83.3,72.30222,77.80111160278321
166,152.855,159.00479,155.92989562988282
196,167.265,196.1238,181.69439727783202
121,117.745,130.3753,124.06015258789063
60,74.235,66.64378,70.43939178466798
92,115.115,104.10976,109.61237823486329
191,175.905,191.07703,183.49101318359374
124,115.31,122.5682,118.93909957885742
138,148.65,140.67487,144.6624328613281
192,196.495,194.17078,195.33288818359375
105,91.305,96.07039,93.68769439697266
204,194.795,194.5169,194.6559533691406
177,158.855,177.82994,168.34247039794923
140,166.505,162.49117,164.4980825805664
157,184.9,166.73482,175.8174087524414
222,206.08,239.90974,222.99487213134768
117,115.285,114.44783,114.86641510009765
142,142.085,148.4773,145.28114746093752
161,146.67,155.27182,150.97091003417967
176,162.36,185.03038,173.69519012451173
198,204.885,199.0567,201.97085083007812
86,94.79,97.54011,96.1650538635254
338,251.535,261.3382,256.4365979003906
118,106.35,114.08084,110.21542053222656
139,130.785,127.103,128.94399841308592
167,157.08,164.9225,161.0012503051758
105,143.89,119.82196,131.85598022460937
185,161.99,182.88193,172.4359637451172
270,200.045,254.91267,227.47883697509764
211,191.57,198.94379,195.25689331054687
101,113.655,103.3111,108.48304809570313
165,186.685,176.37035,181.52767303466797
97,100.67,104.65863,102.66431518554688
105,114.91,108.0098,111.45990188598633
124,117.91,120.43317,119.17158325195312
128,176.56,142.02441,159.29220703125
119,106.425,120.1685,113.2967514038086
114,146.95,120.054,133.5020004272461
162,141.705,165.9452,153.8251028442383
179,201.425,180.03459,190.72979583740235
154,145.995,151.857,148.92599731445313
112,118.395,113.90037,116.1476838684082
132,126.405,131.51657,128.96078552246092
146,146.94,146.023,146.4814974975586
152,156.24,159.65,157.9449969482422
161,167.92,161.01001,164.46500488281248
74,87.4,72.43299,79.91649551391602
87,100.56,94.904,97.73199966430664
146,124.7,146.01169,135.35584411621093
136,152.6,142.72461,147.6623046875
124,115.31,125.07573,120.1928646850586
131,159.6,140.34923,149.97461395263673
161,173.49,174.43442,173.9622088623047
125,114.41,116.88964,115.64982040405273
159,153.01,154.70694,153.8584698486328
63,76.03,73.41788,74.72393859863281
82,77.105,81.03403,79.0695135498047
176,167.045,177.5087,172.2768487548828
85,91.015,82.85128,86.93314010620117
192,182.15,187.41574,184.78287048339843
101,108.4,99.91535,104.1576759338379
105,103.995,107.77501,105.88500457763672
123,121.47,128.38176,124.92587982177734
136,136.16,134.76154,135.4607678222656
88,94.005,97.98233,95.99366516113281
107,108.71,111.28666,109.99832962036132
168,153.75,157.72421,155.7371063232422
123,137.36,124.76081,131.0604054260254
141,146.035,148.62114,147.32806976318358
123,114.825,126.35926,120.59213027954101
167,167.96,167.28737,167.62368438720705
159,141.69,159.45464,150.5723178100586
131,141.24,128.56743,134.9037142944336
141,168.93,152.51889,160.7244451904297
102,122.265,110.952805,116.60890228271484
97,92.32,91.68747,92.00373474121093
191,198.79,201.18732,199.9886584472656
116,123.705,108.4887,116.0968504333496
197,180.805,197.6018,189.2034033203125
106,100.825,105.624985,103.22499237060546
106,112.4,108.41444,110.40721817016602
81,96.865,87.12499,91.99499618530274
86,102.73,97.701324,100.21566223144532
114,127.025,114.17243,120.5987159729004
101,104.825,98.41545,101.62022552490234
139,135.2,138.29385,136.7469268798828
126,128.345,127.21745,127.78122650146484
52,49.615,49.48029,49.54764472961426
103,97.315,111.10677,104.21088668823242
102,112.66,104.55818,108.60909088134765
164,139.795,154.93294,147.36396881103514
152,132.135,142.12941,137.13220489501953
78,72.355,85.58093,78.96796630859376
118,117.67,125.74647,121.70823379516602
51,67.34,57.187557,62.263778610229494
196,201.61,195.59058,198.6002880859375
86,96.23,93.70455,94.96727584838868
120,130.325,126.38882,128.35690841674804
155,151.16,152.32236,151.74117858886717
173,170.24,176.17336,173.20667755126954
56,74.675,77.17413,75.92456665039063
154,139.54,140.10367,139.8218341064453
90,108.48,101.58485,105.03242324829102
75,67.015,74.84966,70.93233139038085
138,155.465,151.17838,153.32168762207033
94,84.45,95.64398,90.04699096679687
135,137.49,130.87312,134.18156158447266
82,87.46,76.12831,81.79415557861327
145,142.14,150.82787,146.48393280029296
74,84.395,84.04695,84.22097564697265
140,145.475,148.95123,147.21311645507814
141,137.865,139.01643,138.44071685791016
129,134.875,128.56383,131.71941375732422
102,90.26,95.89135,93.07567489624023
208,204.09,209.3239,206.70694915771486
197,168.735,178.31262,173.52381103515626
114,135.255,120.259384,127.75719207763672
88,85.51,84.44762,84.97880828857421
88,86.065,85.80834,85.93667098999023
105,118.56,110.98956,114.77478149414063
123,109.97,128.03023,119.0001138305664
186,184.09,178.85187,181.47093383789064
122,118.76,127.098595,122.92929733276367
126,124.07,122.54523,123.30761352539062
149,143.67,144.42659,144.04829498291014
63,81.965,66.707596,74.33629791259766
101,85.655,94.91161,90.28330673217773
77,88.105,81.54575,84.82537673950196
81,83.06,80.536125,81.79806259155274
144,134.495,140.88475,137.68987518310547
115,125.45,123.26748,124.35873947143554
83,92.23,83.92352,88.07676147460938
155,152.135,149.7639,150.94945037841796
93,90.58,88.79113,89.68556503295898
61,60.455,65.457726,62.95636276245117
154,130.245,155.16547,142.70523315429688
160,151.74,155.71567,153.7278338623047
89,103.62,88.9979,96.30895095825196
126,127.545,126.264046,126.90452285766602
160,171.13,179.60303,175.366513671875
184,197.775,193.51944,195.6472198486328
123,106.6,120.4264,113.51319961547851
106,112.865,114.50359,113.68429672241211
132,136.515,147.65329,142.08414489746093
118,113.565,112.5395,113.05224868774414
97,96.855,104.67719,100.76609634399415
178,195.875,186.40718,191.1410903930664
169,137.965,161.3833,149.67415039062502
203,177.39,199.43633,188.4131625366211
133,133.595,138.31558,135.95529113769533
136,140.88,138.4348,139.65739959716797
83,93.65,91.306435,92.47821731567383
132,146.22,134.86378,140.54189239501954
127,118.74,122.12492,120.43246185302735
137,123.63,132.61331,128.12165588378906
191,159.74,185.07693,172.40846740722657
105,89.76,106.62306,98.19153106689453
151,146.435,152.51024,149.47261932373047
68,90.765,70.87331,80.81915313720702
91,68.875,89.4621,79.16854858398438
113,139.65,121.25439,130.45219345092772
130,131.34,138.44955,134.8947772216797
94,101.625,97.79345,99.70922470092773
54,66.97,57.137184,62.0535920715332
66,80.965,75.99655,78.48077575683594
139,146.91,143.80614,145.35806854248045
164,166.32,180.37979,173.3498956298828
123,124.705,123.86086,124.28293136596679
170,191.805,176.74637,184.27568420410157
48,53.23,63.07485,58.15242408752441
121,119.22,134.55185,126.88592468261719
155,171.495,168.90419,170.19959503173828
97,120.695,104.259315,112.47715774536132
138,140.46,136.71083,138.5854153442383
173,153.43,161.24345,157.3367269897461
143,131.87,151.51007,141.69003540039063
124,115.515,125.24317,120.37908584594726
159,170.185,169.24316,169.71408203125
105,115.545,116.09422,115.81961151123048
92,105.355,105.3197,105.33735107421876
68,75.215,72.30055,73.75777618408203
120,111.89,123.61791,117.75395614624023
83,78.065,82.67355,80.36927673339844
97,95.72,100.35492,98.03745971679687
103,131.84,102.91107,117.37553588867188
81,77.61,76.16945,76.88972442626954
51,53.3,50.39433,51.84716453552246
68,65.74,68.866905,67.30345260620118
69,74.42,75.02274,74.72137161254884
100,103.67,96.174965,99.92248245239259
124,100.76,112.52663,106.64331329345703
81,86.12,74.13417,80.12708526611328
44,48.355,44.669964,46.512481918334956
84,108.13,92.474846,100.30242294311523
89,97.925,90.38052,94.15276184082032
105,100.81,103.8275,102.31874969482422
50,55.025,58.991634,57.008317184448245
116,116.02,113.49498,114.75748992919921
78,78.05,76.71217,77.38108673095704
125,104.395,109.10645,106.75072647094726
112,94.16,107.74932,100.95466049194336
91,122.255,92.938,107.59650177001953
98,79.37,84.429306,81.89965301513672
47,58.84,45.457317,52.14865867614746
108,120.885,108.84934,114.8671711730957
58,57.955,60.82493,59.3899641418457
107,111.615,107.382225,109.49861251831055
58,50.04,52.409683,51.22484161376953
55,62.455,58.53809,60.49654487609863
115,111.035,118.03828,114.53663833618164
84,91.885,82.799835,87.34241760253906
119,92.25,99.73415,95.9920768737793
83,82.375,80.61927,81.49713516235352
113,114.18,109.61462,111.89730819702149
70,73.325,75.15849,74.24174652099609
85,91.37,98.885345,95.12767272949219
152,140.675,142.97583,141.8254150390625
61,57.615,65.90105,61.75802337646485
131,166.725,152.15694,159.44096832275392
145,120.085,137.28804,128.6865200805664
135,133.495,140.85175,137.17337280273438
157,152.435,152.87202,152.6535122680664
97,75.81,95.898224,85.85411193847656
180,187.41,180.7496,184.07980163574217
124,128.14,124.67039,126.4051936340332
123,135.62,129.06606,132.34302764892578
155,143.18,141.69022,142.43510803222657
53,53.91,60.77507,57.34253509521484
123,135.695,133.92743,134.81121459960937
261,209.135,241.69212,225.41356170654296
117,98.505,125.27219,111.88859313964844
80,87.05,80.18637,83.6181854248047
159,125.22,152.69965,138.9598229980469
85,111.75,93.63067,102.69033432006836
135,152.39,145.69278,149.0413897705078
118,115.005,117.403915,116.20445770263672
135,160.26,141.58995,150.9249752807617
133,138.33,146.58252,142.45625976562502
93,105.16,111.879944,108.51997192382812
157,171.51,166.58865,169.04932678222656
83,78.265,79.5035,78.88425094604492
89,102.545,99.709236,101.12711807250977
83,69.275,79.21657,74.24578399658203
90,125.08,95.10613,110.0930662536621
112,105.12,112.446075,108.78303771972656
97,101.985,109.23702,105.61101119995118
128,122.455,129.08502,125.77001098632812
92,97.09,100.39742,98.74371139526367
173,194.185,177.56538,185.8751919555664
153,149.065,148.30067,148.68283721923828
133,128.16,125.96273,127.06136520385742
71,82.7,80.15117,81.42558441162109
112,131.27,124.41752,127.84375930786133
82,101.9,77.77152,89.83576126098633
108,120.525,116.824585,118.67479248046875
149,146.145,146.73251,146.43875671386718
49,38.47,35.33788,36.9039395904541
19,60.35,29.625715,44.98785762786865
52,36.695,48.807285,42.75114265441894
40,50.675,47.929707,49.30235328674316
95,88.755,90.138084,89.44654220581054
130,104.525,109.45719,106.99109573364258
142,132.21,135.57487,133.89243743896486
54,62.44,53.217793,57.82889625549316
84,82.835,84.00747,83.42123458862304
90,74.15,76.101685,75.12584228515625
107,98.045,96.79019,97.41759582519532
52,56.275,50.429382,53.35219116210938
125,127.755,126.640854,127.19792694091797
103,89.48,94.738686,92.10934280395509
89,75.705,87.809235,81.7571173095703
92,105.87,94.81142,100.34070831298828
51,40.215,49.45787,44.83643524169922
60,63.605,72.06942,67.83720993041992
86,103.89,87.05954,95.47476989746093
110,85.455,97.25479,91.3548956298828
80,92.2,78.183685,85.19184265136718
61,59.495,64.97892,62.23695999145508
87,94.14,87.21966,90.6798289489746
108,99.315,102.00831,100.66165420532226
62,80.415,75.218544,77.81677200317384
99,112.8,92.4606,102.63030090332032
121,97.595,114.99294,106.2939714050293
39,79.795,51.40576,65.60038085937501
112,131.18,116.54046,123.86022933959961
83,83.48,86.75451,85.117254486084
70,70.14,65.33159,67.73579437255859
115,101.2,109.80993,105.50496444702148
94,109.355,91.39471,100.37485336303712
94,102.275,98.25938,100.26718826293946
140,130.56,130.96893,130.76446655273438
148,137.205,146.40515,141.80507568359377
53,47.03,52.65233,49.84116424560547
212,177.2,188.97643,183.0882125854492
174,96.99,137.44666,117.21832763671875
136,146.58,142.04922,144.31461242675783
117,107.05,114.513336,110.78166809082032
132,117.31,132.1723,124.74115112304688
168,156.43,175.34378,165.88689025878907
182,189.285,182.58878,185.9368878173828
162,167.7,159.77722,163.73861083984374
89,78.445,94.26382,86.35440841674804
137,149.61,136.2325,142.92124908447266
160,164.675,164.89621,164.78560485839844
103,101.74,101.96443,101.85221588134766
90,99.215,95.81324,97.51412002563477
105,116.165,108.736534,112.45076705932618
27,49.065,43.53173,46.29836532592773
103,128.365,116.249344,122.30717193603516
186,165.47,189.84908,177.65953765869142
194,165.975,183.18729,174.58114318847657
156,164.805,171.79277,168.2988851928711
272,224.8,253.68294,239.24146881103516
109,106.63,118.31504,112.47252029418945
124,130.86,135.93709,133.39854400634766
162,167.46,172.17303,169.8165173339844
167,165.51,161.09181,163.30090606689453
253,201.67,231.01218,216.34108825683592
110,102.63,101.60404,102.11702102661133
260,238.705,240.45245,239.57872680664065
205,155.465,175.31776,165.3913821411133
129,103.115,118.597374,110.85618698120118
53,68.22,63.22239,65.7211946105957
169,150.74,157.33415,154.03707611083985
78,64.0,83.13463,73.56731414794922
58,53.895,55.17713,54.53606582641602
39,50.82,49.323868,50.07193389892578
127,135.495,141.48593,138.4904656982422
79,69.185,75.996666,72.59083297729492
160,150.21,159.16061,154.68530700683596
145,120.155,127.13835,123.64667572021484
171,154.435,169.73602,162.08551147460938
143,122.305,135.1844,128.74470123291016
99,96.025,100.43686,98.23092956542969
110,122.225,119.33043,120.77771453857422
209,203.795,214.5546,209.1747979736328
187,149.645,172.07593,160.8604638671875
38,52.895,50.555252,51.72512603759766
77,98.275,103.639694,100.9573471069336
115,132.71,130.9586,131.83430145263674
186,152.835,170.5467,161.69085357666017
147,125.975,138.26653,132.12076263427736
110,122.06,114.052444,118.05622222900391
56,60.9,70.552055,65.72602767944336
188,186.525,175.85233,181.18866271972655
110,111.58,108.18777,109.88388351440429
68,75.94,72.155136,74.04756805419922
69,88.075,78.689125,83.38206253051757
61,54.675,71.841774,63.2583869934082
62,91.425,79.83704,85.63102188110352
24,39.395,40.384533,39.889766464233404
107,92.605,103.272736,97.93886779785157
179,181.735,186.23535,183.98517578125
80,96.85,71.17913,84.0145652770996
92,84.315,101.7855,93.05024978637695
72,66.07,72.10316,69.08657852172851
183,184.395,188.09715,186.24607635498046
109,117.705,125.94628,121.82564071655273
96,100.555,94.189766,97.3723829650879
117,99.835,104.28633,102.0606655883789
136,121.94,134.77098,128.35549041748047
86,88.465,93.627754,91.04637710571289
135,132.28,138.23811,135.25905670166014
83,94.745,85.885765,90.3153825378418
120,121.83,118.11613,119.97306350708007
162,153.955,169.18494,161.56996826171877
82,75.205,74.10409,74.65454391479491
189,194.215,184.23288,189.22393981933595
128,132.93,135.41815,134.17407592773438
136,137.665,135.00029,136.33264495849608
134,113.285,126.15862,119.72181137084961
95,86.55,89.634926,88.09246292114258
73,122.75,92.55194,107.65097045898438
165,156.82,177.79973,167.30986419677734
103,110.67,104.354485,107.51224227905274
118,94.335,109.754486,102.04474304199218
215,210.51,219.21255,214.8612774658203
122,135.09,127.62344,131.35672180175783
189,139.205,163.70416,151.45458129882815
236,199.005,240.7706,219.88779968261719
196,162.755,166.87231,164.8136572265625
182,175.165,198.55263,186.85881378173826
169,157.93,161.07979,159.5048941040039
111,105.83,108.287254,107.05862716674804
145,131.495,143.55722,137.5261102294922
158,151.43,164.46228,157.94614013671875
171,172.54,160.46054,166.50027038574217
83,85.035,76.61819,80.8265934753418
117,120.19,122.813965,121.501982421875
105,101.91,98.45789,100.18394668579101
147,125.485,136.23509,130.86004608154298
173,171.685,171.3891,171.53704956054688
135,129.98,146.55576,138.2678778076172
70,85.905,76.04526,80.97512878417969
88,92.68,91.3757,92.02785095214844
134,124.045,130.81403,127.42951293945313
77,87.495,83.45366,85.4743295288086
115,131.175,114.74875,122.96187438964844
237,221.685,226.88855,224.28677490234375
112,122.26,126.77732,124.5186604309082
141,124.85,134.3138,129.58189849853517
110,95.415,98.31745,96.8662257385254
97,102.34,107.63796,104.9889811706543
99,105.715,112.04392,108.8794612121582
166,154.595,169.4416,162.01830230712892
124,119.695,134.1843,126.93964782714843
56,52.67,54.101074,53.385537109375
80,103.335,86.91426,95.1246304321289
66,68.115,55.105244,61.61012184143066
91,111.755,100.13929,105.94714492797851
53,85.605,65.344124,75.47456192016602
73,62.515,68.37353,65.44426376342773
66,72.165,69.17161,70.66830398559571
131,123.77,131.41714,127.5935723876953
87,81.595,87.13067,84.36283432006836
84,89.825,81.756546,85.7907730102539
53,56.37,58.814392,57.59219604492188
78,80.575,82.47548,81.52523956298828
143,125.465,131.68277,128.57388488769533
73,69.76,67.4811,68.62055099487304
129,104.585,111.456764,108.02088211059569
92,76.32,75.91861,76.11930480957031
80,61.74,72.43278,67.08638870239258
94,120.705,103.409004,112.05700210571288
64,67.865,62.568134,65.21656715393067
79,77.7,79.63792,78.6689582824707
75,84.745,75.744606,80.2448030090332
81,88.13,75.91743,82.02371353149414
113,112.24,117.224625,114.73231231689454
70,67.62,72.69429,70.15714508056641
92,97.94,91.899445,94.91972229003906
106,99.285,95.74106,97.51302917480469
104,84.2,98.672554,91.43627700805663
86,108.05,88.70034,98.37517013549805
59,78.86,63.088467,70.97423332214356
86,104.83,95.10889,99.96944335937499
56,63.295,59.732,61.51349922180176
75,78.04,73.73096,75.88547851562501
68,54.65,62.287796,58.46889801025391
159,133.89,140.07335,136.9816744995117
103,89.82,94.92064,92.37031951904297
112,111.41,115.09625,113.25312622070312
63,68.64,72.21389,70.42694503784179
102,110.15,103.10434,106.62716979980469
56,58.265,61.768627,60.016813583374024
118,97.945,109.80725,103.87612548828125
56,83.385,68.73635,76.06067550659179
86,81.82,104.14327,92.98163619995117
120,128.26,119.61929,123.93964660644531
70,56.55,68.70664,62.62832107543945
46,49.49,55.203236,52.346617813110356
110,92.355,122.83049,107.59274505615235
54,70.35,62.48149,66.41574554443359
119,115.11,132.73232,123.92115753173829
187,173.27,182.29909,177.78454376220702
208,173.025,182.64252,177.83375854492186
150,143.08,147.71182,145.39591125488283
239,224.375,228.10449,226.23974609375
94,92.845,95.855034,94.35001693725586
136,146.69,154.29602,150.49301025390625
103,94.645,98.118706,96.38185287475585
56,73.7,58.73542,66.21771011352538
152,142.05,163.32188,152.68594207763672
25,42.355,46.422096,44.3885481262207
181,155.645,164.44199,160.04349304199218
107,122.495,123.93498,123.21499114990235
93,95.09,90.16595,92.62797348022461
152,139.35,159.22462,149.28731231689454
169,136.605,158.54167,147.57333587646485
166,138.225,152.91663,145.57081298828126
155,126.54,145.7358,136.13789703369142
123,132.665,140.84326,136.75413085937498
83,81.375,87.220924,84.2979621887207
148,172.25,153.17377,162.71188354492188
72,71.265,64.95365,68.10932571411132
43,48.11,42.69262,45.401309661865234
48,65.145,45.860226,55.502612838745115
107,105.265,102.64676,103.95587951660156
148,135.045,135.57242,135.3087091064453
115,96.095,101.769325,98.93216262817383
165,141.94,153.2646,147.6023013305664
173,159.4,154.97035,157.18517608642577
210,187.455,198.35579,192.90539459228518
54,78.455,61.384983,69.91999153137206
84,84.485,76.078094,80.28154724121094
69,89.865,72.66129,81.26314651489258
100,100.985,97.969666,99.47733276367188
142,154.295,143.79704,149.04602142333982
120,129.95,124.979416,127.46470794677734
91,91.51,82.77942,87.14470947265625
83,104.695,86.92269,95.80884567260742
66,75.285,62.706913,68.99595649719238
138,121.81,133.67867,127.74433258056641
60,67.59,55.206142,61.398071212768556
175,151.52,157.77869,154.64934326171874
58,56.655,57.218033,56.93651641845703
93,84.38,83.96041,84.17020553588867
81,116.295,86.76564,101.53032012939454
145,142.965,150.74419,146.8545932006836
67,74.97,63.094234,69.03211723327637
104,117.395,114.13579,115.76539398193358
233,205.555,207.0314,206.29320129394532
146,148.935,140.32498,144.62999084472656
106,89.45,95.13227,92.29113540649413
45,55.035,46.165222,50.60011108398437
119,103.445,130.60774,117.02637115478515
161,150.455,162.20982,156.33241180419924
78,87.275,87.351074,87.313037109375
117,150.23,128.73746,139.48372863769532
110,102.855,110.34786,106.60143112182618
261,218.365,237.13551,227.75025665283204
222,162.475,194.7904,178.63270263671876
149,146.03,152.09149,149.06074584960936
205,171.86,188.7297,180.29485290527344
140,139.345,139.67662,139.51081024169923
277,245.975,266.75623,256.36561279296876
70,107.2,85.4586,96.32930145263671
133,112.725,126.446365,119.58568267822265
113,103.955,106.16133,105.0581655883789
54,49.77,57.52509,53.64754463195801
76,140.425,97.74459,119.08479537963868
260,225.175,237.1247,231.14984741210938
128,123.985,144.48842,134.2367092895508
99,95.495,100.83257,98.16378646850586
175,176.15,183.03304,179.59151763916014
94,96.115,101.93875,99.02687561035157
131,127.97,147.9828,137.9764016723633
121,130.33,128.44087,129.38543609619143
105,97.745,104.35775,101.05137496948242
133,137.16,140.76045,138.9602261352539
82,88.295,79.87698,84.08599182128907
251,216.93,242.67502,229.80250915527344
177,168.86,166.4274,167.64369934082032
147,143.025,143.51382,143.2694122314453
109,117.815,105.48831,111.65165588378906
130,115.785,125.84739,120.8161946105957
106,113.605,112.91425,113.25962661743165
106,112.33,117.68336,115.00667861938476
110,112.96,111.193115,112.07655761718749
138,148.05,143.81316,145.93157806396485
168,155.98,177.14499,166.56249450683595
78,83.0,85.086044,84.04302215576172
120,146.8,135.53702,141.16850891113282
224,212.45,218.6449,215.54744873046874
194,163.275,187.85222,175.56360931396483
117,96.9,105.422905,101.16145248413086
146,136.01,151.24234,143.6261700439453
189,183.945,200.3559,192.15044799804687
122,137.095,128.54018,132.8175881958008
85,96.67,84.99253,90.83126541137696
110,110.18,112.38377,111.28188690185547
120,127.52,123.92759,125.72379470825194
126,137.81,127.77677,132.79338577270508
114,146.205,127.565865,136.88543228149416
87,87.525,85.6522,86.58859939575196
131,113.42,129.79001,121.60500427246095
149,147.715,150.76776,149.2413806152344
200,146.42,186.06802,166.2440118408203
80,84.34,83.42122,83.88060943603516
104,94.745,107.20777,100.97638565063477
117,143.28,133.77695,138.52847351074217
117,113.89,125.139755,119.51487762451171
159,147.7,166.30945,157.00472412109374
183,176.805,188.01357,182.40928253173828
113,113.305,121.10538,117.20518859863282
100,88.715,95.229675,91.97233764648438
121,101.33,107.12154,104.2257681274414
124,129.61,135.02315,132.3165737915039
98,107.475,99.77915,103.62707595825195
220,172.025,196.38252,184.2037612915039
79,100.07,87.61957,93.84478393554687
157,137.335,153.0832,145.20910308837892
184,168.095,172.06743,170.0812142944336
116,116.82,116.398895,116.60944763183593
90,84.135,89.851906,86.99345291137695
233,190.555,205.67006,198.11252960205078
69,86.53,75.41663,80.97331680297852
89,108.45,98.074394,103.2621971130371
74,79.54,87.373436,83.45671798706056
106,142.81,122.66686,132.73843124389649
55,62.435,62.160805,62.29790237426758
57,81.515,69.52249,75.51874572753906
121,132.045,131.18008,131.6125421142578
198,127.82,173.2381,150.52904907226562
209,177.55,188.1025,182.8262466430664
50,68.54,56.26763,62.40381576538086
107,81.945,105.0595,93.5022508239746
127,109.37,125.70289,117.53644424438477
151,183.12,169.09071,176.10535675048828
94,91.81,87.925095,89.8675473022461
173,149.15,172.32137,160.73568267822264
89,91.3,103.27564,97.28782119750977
30,39.285,41.104515,40.194757537841795
105,109.415,107.730606,108.57280303955079
118,121.93,118.98256,120.45627960205078
131,121.955,126.21462,124.08481124877929
112,106.455,108.43181,107.44340423583984
98,96.64,95.648605,96.14430267333984
117,120.82,118.49148,119.6557389831543
138,118.0,126.47331,122.23665618896484
93,89.705,96.810265,93.25763229370116
101,103.905,107.16957,105.53728546142578
133,130.39,126.57961,128.4848063659668
105,95.035,101.597145,98.3160725402832
171,166.235,176.42712,171.33106201171876
145,126.9,125.24288,126.07144088745117
136,113.58,134.28418,123.93208984374999
100,108.88,96.99727,102.9386343383789
116,112.675,106.756355,109.71567764282227
118,129.55,119.53877,124.54438629150391
154,179.715,171.16243,175.43871490478517
80,91.66,91.85044,91.75522048950195
216,180.75,190.06995,185.40997314453125
102,76.825,103.3956,90.11029968261718
51,71.55,56.88898,64.21949043273926
142,134.795,139.1677,136.98134704589842
128,122.58,116.959274,119.76963714599609
99,91.485,91.508644,91.49682205200196
132,126.48,128.25896,127.36947845458985
83,78.935,81.14402,80.0395100402832
110,108.175,116.726395,112.45069732666016
93,87.865,94.199524,91.03226196289063
93,108.055,102.67522,105.36510833740235
133,148.325,154.57062,151.44780883789062
120,130.965,128.40173,129.68336669921877
87,98.425,85.65449,92.03974380493165
142,125.285,138.86864,132.07681854248045
118,118.71,125.49666,122.10332916259765
150,141.19,149.41348,145.3017413330078
76,75.335,70.63298,72.98399017333983
106,106.53,100.468796,103.4993978881836
106,87.865,95.54678,91.70589172363282
69,90.715,70.25753,80.48626510620117
127,114.24,120.79969,117.51984512329102
176,170.885,176.58897,173.7369869995117
175,167.16,173.63338,170.39668853759764
61,60.33,69.69841,65.01420501708984
134,124.88,135.30124,130.09061950683594
124,115.78,109.36239,112.57119430541992
111,110.4,105.75477,108.07738418579102
50,67.015,57.33345,62.17422515869141
175,189.515,178.5813,184.0481494140625
113,120.705,115.423,118.06399826049804
162,142.63,156.53244,149.58122009277344
155,136.615,153.41182,145.0134097290039
97,103.51,98.25823,100.8841160583496
157,147.645,157.76657,152.70578552246093
119,129.065,118.67248,123.86873886108398
110,111.86,110.23443,111.04721420288087
116,106.795,106.58705,106.69102569580079
140,147.525,145.64543,146.58521575927733
214,184.01,211.00665,197.50832641601562
96,99.255,89.4831,94.36905044555664
46,52.515,54.771015,53.643007583618164
64,86.33,81.10075,83.71537689208984
94,81.72,92.05589,86.88794647216797
110,172.44,135.37492,153.90746185302734
92,102.78,99.61788,101.19894088745117
134,132.905,130.06436,131.4846807861328
117,98.61,105.99828,102.30414169311524
139,119.315,127.38675,123.35087463378906
145,138.31,143.95332,141.1316616821289
115,113.745,116.97245,115.35872512817383
21,48.105,46.84794,47.47646926879882
164,171.48,166.64877,169.0643865966797
191,168.91,172.8678,170.88889892578123
125,122.085,110.36736,116.2261814880371
142,127.88,137.47891,132.6794561767578
156,156.22,160.388,158.30400024414064
99,95.8,107.16403,101.48201599121094
138,125.995,140.4167,133.2058511352539
79,99.94,91.35853,95.64926406860351
133,122.955,133.16472,128.05985931396484
136,139.345,134.16281,136.75390563964845
68,65.3,72.382645,68.84132232666016
123,139.395,137.59178,138.49339080810546
173,134.33,161.88571,148.10785583496096
161,157.875,159.22926,158.55213165283203
111,99.615,112.39816,106.00658142089844
107,129.605,126.052284,127.82864212036132
107,107.385,116.39559,111.89029586791992
135,118.52,127.280136,122.90006805419921
204,175.43,199.22527,187.32763275146485
73,96.225,84.81232,90.51865844726562
176,155.48,169.11266,162.29632781982423
112,97.775,110.0097,103.89234848022461
105,99.97,114.8474,107.40869842529297
163,178.0,173.03882,175.5194091796875
48,62.54,50.912132,56.72606613159179
31,52.935,35.721077,44.32803848266602
57,70.995,65.216225,68.10561233520508
32,48.115,37.59373,42.85436546325684
72,73.28,66.16719,69.7235952758789
88,73.82,82.0722,77.9460984802246
89,100.17,88.709656,94.43982788085938
78,85.18,75.559425,80.36971267700196
80,84.985,91.603546,88.29427307128907
112,101.805,104.927925,103.36646255493164
85,71.52,86.34118,78.93058944702148
69,77.45,73.287766,75.36888275146484
89,74.71,77.76676,76.23838088989257
55,59.615,54.618675,57.1168376159668
76,94.33,85.82514,90.07757095336913
46,45.395,51.349743,48.372371444702154
89,81.665,85.26707,83.46603347778321
38,54.135,48.432365,51.28368270874023
78,82.59,79.86251,81.22625534057617
60,92.36,62.223995,77.29199760437012
104,114.6,104.4587,109.52935104370117
97,98.745,98.304245,98.5246224975586
76,71.73,75.082184,73.40609191894532
95,88.005,92.734406,90.36970275878906
126,111.415,112.639366,112.02718307495118
94,85.605,85.943115,85.77405761718751
96,97.305,95.45383,96.37941345214844
134,129.38,124.47974,126.9298681640625
57,61.5,56.66353,59.081764221191406
150,135.34,149.32759,142.33379547119142
31,60.0,32.71549,46.357744216918945
95,83.295,86.83857,85.06678482055665
272,191.395,241.91931,216.65715576171874
116,123.92,123.275795,123.59789749145509
107,94.36,99.96453,97.16226547241212
106,103.425,112.96269,108.1938461303711
132,115.505,131.20361,123.354306640625
78,74.12,72.53967,73.32983642578125
189,198.715,189.30788,194.01143829345705
81,100.81,86.183136,93.49656799316406
60,83.245,71.37837,77.31168609619141
91,91.87,91.39644,91.63321929931641
89,81.995,83.30999,82.65249496459961
88,88.365,98.24914,93.30706893920899
124,134.64,128.98058,131.8102877807617
163,142.8,155.05902,148.92951049804688
69,75.55,69.618004,72.58400192260743
66,61.15,71.89935,66.52467651367188
146,140.45,140.18617,140.31808624267578
137,123.12,126.36023,124.74011474609375
158,144.33,148.59978,146.46488861083986
114,110.415,112.537254,111.47612716674806
123,142.87,139.54124,141.20562225341797
98,85.325,98.155136,91.74006805419921
132,145.975,143.81975,144.89737396240236
169,198.63,178.98372,188.80685943603515
127,115.65,118.2329,116.94145126342774
58,56.33,64.81309,60.57154373168945
144,135.865,144.40791,140.1364566040039
97,102.23,106.47316,104.35157989501954
132,140.915,137.85954,139.38727142333983
100,88.625,95.82484,92.22491836547852
107,93.31,100.53183,96.92091491699219
186,169.24,179.34833,174.29416381835938
78,72.355,77.86832,75.11165832519532
112,113.395,119.68144,116.53822113037108
70,66.68,68.65237,67.6661833190918
172,154.54,181.50531,168.02265502929686
188,152.06,179.7908,165.92540100097656
132,144.425,139.80211,142.11355438232422
83,83.11,83.53704,83.32352035522462
142,124.525,141.88333,133.20416564941405
114,157.31,131.70245,144.50622680664063
39,55.285,48.8518,52.06839950561523
82,93.55,90.37981,91.96490325927735
61,61.69,49.0603,55.375149459838866
51,52.11,51.125755,51.6178776550293
88,94.375,86.15485,90.26492309570312
4,42.845,30.99925,36.92212520599365
99,79.135,75.08236,77.10867965698242
107,103.45,99.40088,101.425439453125
76,82.51,82.96664,82.73831832885742
69,70.425,66.28639,68.35569610595704
107,83.765,96.08072,89.9228594970703
124,117.865,120.22126,119.0431300354004
60,63.025,61.11446,62.06972999572754
48,51.705,48.605755,50.15537742614746
119,108.61,108.21384,108.41191833496094
96,115.265,101.654175,108.45958740234374
75,98.355,75.60071,86.97785400390626
153,140.295,149.71841,145.0067071533203
38,43.27,43.015404,43.1427018737793
29,30.005,34.786263,32.39563125610351
121,100.155,108.63467,104.39483322143555
87,89.145,79.743935,84.44446731567382
99,82.365,87.48965,84.92732345581055
52,66.615,59.071484,62.84324180603027
38,54.135,48.725376,51.43018806457519
91,107.585,113.62629,110.60564468383788
69,74.285,73.83998,74.06249053955078
84,60.385,68.831375,64.60818756103515
89,97.37,89.03826,93.20413070678711
45,47.9,46.717583,47.30879135131836
61,70.86,60.85936,65.85967987060548
109,96.245,106.75837,101.5016847229004
127,116.915,118.31603,117.615516204834
70,75.055,71.4339,73.24444946289063
216,174.325,208.18867,191.2568374633789
147,143.28,129.76982,136.52491058349608
191,156.815,171.35823,164.08661529541016
136,125.95,133.15546,129.55272827148437
152,133.565,149.83951,141.7022540283203
146,152.78,142.77422,147.77710784912108
117,103.855,116.55257,110.20378326416017
63,94.48,86.7054,90.59269927978517
147,122.655,145.58632,134.12065948486327
94,89.025,90.13986,89.58243103027344
213,192.14,211.34529,201.74264556884765
104,95.725,97.3189,96.52195053100586
165,155.735,172.65254,164.1937710571289
72,102.755,88.24235,95.49867385864258
81,82.8,84.24801,83.52400436401368
140,144.565,140.9233,142.7441470336914
131,121.115,133.78806,127.45152770996094
160,148.725,150.85623,149.79061584472657
65,54.95,62.883587,58.91679344177246
93,116.995,107.05289,112.02394348144531
189,161.11,185.71954,173.41477172851563
48,65.95,52.558678,59.25433883666992
126,108.27,125.95891,117.11445404052733
172,174.355,177.43977,175.89738677978517
142,134.665,146.02718,140.34608795166014
92,87.62,86.43174,87.02586990356446
182,156.05,181.74684,168.89842071533204
196,186.745,207.89226,197.31862884521485
159,155.38,168.86214,162.12106842041015
193,177.915,189.83289,183.87394287109373
140,124.875,154.43628,139.6556396484375
176,167.23,177.49348,172.36174224853517
116,120.85,116.40488,118.62743835449218
79,77.29,81.16306,79.22653152465821
95,98.29,93.150764,95.72038223266603
109,97.195,98.57481,97.88490310668945
156,160.58,157.80489,159.19244293212893
136,124.115,133.89902,129.0070086669922
94,90.4,92.81644,91.60821838378907
118,122.56,115.329636,118.9448178100586
159,183.63,176.72429,180.17714447021484
99,121.605,101.61896,111.61197875976563
177,149.05,166.99394,158.0219711303711
150,140.08,145.1222,142.60109619140627
108,101.89,113.924446,107.90722305297851
123,128.19,125.01027,126.60013458251953
83,91.825,87.93157,89.8782859802246
35,53.835,42.071774,47.95338676452637
74,81.6,68.253456,74.92672805786133
92,128.78,98.701904,113.7409521484375
103,93.95,103.472374,98.71118698120117
166,166.725,161.40976,164.0673797607422
110,116.875,109.054695,112.96484756469727
96,93.28,93.46437,93.37218536376953
62,62.97,63.98545,63.47772537231445
128,126.19,126.54703,126.36851379394531
86,74.39,77.605034,75.99751693725585
108,120.815,112.20035,116.50767395019531
143,118.76,127.54776,123.15388000488281
93,95.085,88.52435,91.80467651367186
69,67.075,64.52799,65.80149612426757
75,92.9,81.744576,87.32228775024414
115,127.535,117.802895,122.66894729614258
90,82.43,82.09595,82.2629736328125
64,60.22,57.067394,58.6436971282959
122,102.395,115.75983,109.07741333007812
124,131.845,124.94702,128.3960107421875
135,126.46,147.11574,136.78786895751952
58,67.73,54.861862,61.295931091308596
91,96.25,91.91503,94.08251571655273
142,123.305,127.0623,125.1836508178711
87,83.765,79.232574,81.4987872314453
73,92.81,73.46743,83.13871505737305
85,81.615,90.06174,85.83836853027344
171,178.62,174.70993,176.66496520996094
82,79.5,79.60117,79.55058670043945
67,58.83,63.312084,61.07104209899902
99,97.795,95.934685,96.86484237670899
106,77.155,88.71811,82.93655456542969
121,111.515,121.480774,116.49788696289062
129,110.62,113.092094,111.85604721069336
54,56.135,47.642418,51.88870895385742
113,127.475,115.86919,121.67209320068359
65,83.21,77.368164,80.28908203124999
60,62.345,59.717377,61.03118835449219
107,102.495,108.78182,105.63841110229492
189,171.23,178.90039,175.0651953125
104,80.545,88.079506,84.31225296020509
176,153.735,163.75711,158.74605529785157
166,140.125,146.81772,143.4713592529297
76,98.2,86.216644,92.20832214355468
67,92.68,74.34831,83.51415618896485
90,92.105,90.494225,91.29961227416993
102,106.94,93.82426,100.38212844848633
137,136.9,136.1958,136.547900390625
74,81.655,77.68668,79.67084182739258
14,45.71,23.91204,34.81102035522461
98,98.49,88.88617,93.68808471679688
72,65.97,70.74241,68.3562043762207
131,115.425,118.30489,116.86494674682618
75,84.91,69.914696,77.41234786987305
171,155.355,168.60747,161.9812338256836
135,118.43,126.68137,122.5556867980957
66,67.315,62.31261,64.81380531311035
118,106.71,106.940765,106.82538269042968
113,112.755,114.03048,113.39273971557617
128,119.765,125.95466,122.85982925415038
64,93.65,75.724495,84.68724746704102
184,198.33,185.89146,192.11073211669924
35,62.675,45.591816,54.13340797424316
124,102.025,111.01978,106.52239151000977
135,119.505,124.669075,122.08703750610351
116,103.96,102.712204,103.33610198974608
117,101.64,105.89384,103.76691848754882
94,93.62,93.678696,93.64934783935547
87,98.355,93.14607,95.75053619384767
26,39.46,31.114033,35.28701637268067
35,51.915,33.38465,42.64982559204101
80,50.65,62.585598,56.61779899597168
32,55.05,31.686312,43.36815586090088
47,36.195,45.983025,41.08901229858398
69,91.005,80.17653,85.59076446533203
27,41.995,36.93623,39.465614852905276
68,45.25,57.94823,51.5991153717041
75,53.79,64.417786,59.10389282226562
72,67.01,56.851532,61.93076599121094
90,87.535,75.27187,81.40343673706055
63,63.105,59.491425,61.29821228027343
50,60.945,58.1006,59.52280059814453
103,123.18,117.552124,120.36606201171875
48,57.13,46.81764,51.973819198608396
41,43.515,40.64882,42.08190948486328
60,58.865,54.072147,56.46857368469239
70,78.095,67.96881,73.03190551757812
78,92.5,76.53356,84.51678085327148
59,67.81,64.373314,66.0916569519043
19,31.13,26.022717,28.576358261108396
38,41.57,42.84028,42.20513931274414
73,54.715,60.71175,57.71337501525879
79,90.535,74.47891,82.50695617675781
29,47.385,37.794487,42.589743499755855
79,58.54,64.27317,61.4065852355957
48,53.675,54.234135,53.95456733703613
44,54.655,48.440655,51.54782737731934
54,54.16,51.569023,52.86451156616211
67,78.14,60.05836,69.09918052673339
36,39.125,38.683037,38.90401840209961
29,42.235,34.33242,38.28371017456055
31,34.64,36.303036,35.47151786804199
80,114.84,96.95396,105.89697830200195
78,83.285,80.331665,81.80833251953125
72,68.695,75.569565,72.13228240966797
98,82.975,93.76999,88.37249450683593
124,143.585,130.792,137.18850372314455
91,83.16,84.645676,83.90283782958984
47,48.55,46.93152,47.74075927734375
105,84.96,104.15016,94.55508087158202
97,86.8,95.47656,91.13828125
90,101.405,94.6538,98.02940048217773
24,36.605,29.588789,33.09689449310302
94,74.895,80.712875,77.80393768310546
93,93.03,87.38192,90.20595993041992
86,105.79,94.316826,100.05341293334962
109,101.835,111.631226,106.73311279296874
149,159.19,155.0808,157.13539764404297
115,113.59,115.470146,114.53007308959961
105,103.78,99.97677,101.87838424682617
144,129.34,131.65535,130.49767486572267
171,134.835,154.28557,144.56028411865236
114,104.67,111.50218,108.08609100341798
115,99.135,107.255875,103.19543731689453
222,225.79,226.33429,226.0621447753906
87,87.515,80.166504,83.840751953125
154,145.215,150.06552,147.6402606201172
81,73.065,79.59711,76.33105346679687
109,113.855,108.60392,111.22945999145509
78,82.065,80.56134,81.31317016601562
53,66.195,52.07335,59.134174499511715
95,97.545,98.133545,97.83927246093751
84,86.99,86.27338,86.63168823242188
115,125.685,132.39394,129.03946807861328
82,106.9,100.54078,103.72038955688477
109,92.48,95.77352,94.12676071166993
10,40.16,7.182245,23.67112238883972
59,47.385,55.60879,51.496895675659175
42,43.23,39.287746,41.258873214721675
58,58.12,46.030296,52.0751481628418
40,43.705,33.880447,38.792723693847655
114,112.42,113.302055,112.86102767944337
80,93.695,70.50754,82.10126892089843
56,51.79,49.073597,50.43179847717285
60,85.795,62.45893,74.12696548461915
52,61.48,59.482723,60.48136161804199
27,46.535,32.23456,39.38477905273437
75,65.565,61.694405,63.62970230102539
71,72.995,66.13248,69.56373840332031
67,60.28,62.293713,61.2868563079834
87,108.0,97.75796,102.87897872924805
89,91.165,83.71947,87.44223358154298
81,95.695,74.35928,85.02714172363281
58,50.41,47.43587,48.92293556213379
45,57.27,51.7116,54.490800628662114
66,51.905,56.61591,54.26045478820801
55,67.62,56.7678,62.193899688720705
39,42.655,36.262737,39.45886863708496
55,76.09,65.38823,70.7391146850586
66,50.445,58.33922,54.392109069824215
51,55.635,41.62401,48.629504089355464
52,48.33,46.61406,47.47202972412109
99,113.06,115.589096,114.32454803466797
142,159.515,156.21063,157.86281616210937
54,80.455,62.259605,71.35730270385741
101,83.05,103.48796,93.26898040771485
69,72.905,72.757385,72.83119262695313
100,82.76,91.23901,86.9995068359375
128,113.13,120.07475,116.60237640380859
95,108.76,100.13408,104.44703948974609
96,83.425,87.6503,85.53764953613282
102,104.095,101.56732,102.83116088867187
138,153.675,143.75769,148.71634521484376
130,123.145,120.2111,121.67804885864257
132,121.94,117.78167,119.86083480834961
84,77.075,80.17511,78.62505493164062
78,94.29,83.95927,89.12463333129884
157,149.91,148.31036,149.1101818847656
39,75.425,46.437073,60.931036376953124
81,85.61,84.92858,85.26929061889649
81,91.01,93.62072,92.31535995483398
121,104.46,116.714554,110.5872769165039
87,88.17,87.201485,87.6857423400879
65,61.66,64.18528,62.9226399230957
126,143.7,133.01007,138.35503540039062
79,103.165,80.533585,91.84929229736329
137,112.815,125.05367,118.93433639526367
99,86.07,89.2076,87.63880172729492
179,164.3,166.7497,165.52484741210938
104,104.075,96.57886,100.3269287109375
105,93.215,97.53168,95.37333862304688
154,119.07,139.80376,129.4368783569336
108,114.215,109.4601,111.83754913330078
183,170.18,162.19856,166.18928131103516
157,159.595,150.5151,155.05505310058595
156,154.02,152.34029,153.1801431274414
122,105.97,118.53283,112.25141464233398
144,136.59,137.4381,137.01404754638673
182,230.035,206.39584,218.21542175292967
63,55.225,57.380093,56.3025463104248
120,123.1,136.51617,129.80808715820314
100,100.075,110.403984,105.2394920349121
78,98.305,80.09751,89.20125564575196
96,91.73,90.01415,90.87207626342774
102,113.02,112.04743,112.53371597290038
177,165.12,166.46536,165.79268127441406
110,121.99,106.9443,114.46714889526368
122,121.575,119.874115,120.72455749511718
157,153.155,159.3024,156.2286993408203
124,122.195,126.33265,124.26382461547851
141,152.725,139.10179,145.91339569091798
126,109.175,119.70063,114.43781509399415
142,137.28,128.9619,133.12094940185546
88,85.315,88.28038,86.79769012451172
113,134.225,126.665344,130.44517211914064
55,59.715,61.586987,60.650993270874025
87,97.705,89.2448,93.47489837646484
50,47.305,50.959236,49.13211807250977
150,156.59,151.41948,154.0047396850586
57,50.08,54.33229,52.20614532470703
66,76.79,75.27625,76.03312637329103
73,61.7,70.210976,65.95548782348632
76,64.665,72.24632,68.45566131591798
55,60.17,65.376114,62.77305694580078
70,75.89,74.29413,75.09206420898437
113,98.315,116.29062,107.30280944824219
118,134.745,125.20565,129.97532516479492
81,107.325,92.0921,99.70855102539062
116,94.005,102.24673,98.12586349487304
89,77.65,76.14215,76.89607543945313
39,45.695,39.07025,42.38262573242187
72,86.555,82.295425,84.42521270751953
148,147.215,146.82281,147.01890747070314
55,79.615,62.690723,71.15286170959473
92,80.49,91.88903,86.18951522827149
44,48.445,44.27254,46.358770523071286
130,104.935,117.773384,111.35419204711914
110,101.815,110.64288,106.22894165039062
155,132.385,134.11594,133.25046813964843
104,100.87,97.307465,99.08873229980469
120,101.055,112.00303,106.52901443481446
78,87.205,79.58219,83.39359573364257
123,115.53,116.28877,115.9093862915039
131,142.385,140.84935,141.61717498779296
105,101.975,106.50682,104.24091033935547
100,106.78,101.54271,104.16135467529297
50,72.38,54.37434,63.37717002868652
79,84.47,80.893585,82.68179260253906
124,109.38,122.99911,116.18955368041992
80,76.21,84.47,80.34000061035155
116,143.485,132.23433,137.8596646118164
86,84.735,94.40758,89.57128875732423
71,72.12,70.69763,71.40881591796875
66,73.28,76.07034,74.67517150878906
81,78.315,80.5768,79.44589874267578
77,86.91,85.00101,85.95550354003906
94,95.605,99.20814,97.40656875610352
157,144.5,153.75912,149.1295623779297
125,103.29,118.33021,110.81010391235353
99,111.41,101.81405,106.61202438354492
57,58.45,53.11661,55.78330574035645
72,107.495,82.266106,94.88055282592774
66,76.42,68.87382,72.64690872192384
104,117.105,110.519394,113.81219696044923
157,127.965,146.59645,137.28072540283205
90,91.925,86.81117,89.36808624267579
87,75.005,74.94128,74.97313827514648
104,117.69,108.03471,112.86235687255859
92,84.955,87.430786,86.19289306640624
88,116.015,93.18625,104.60062438964843
96,89.05,94.22012,91.63506164550782
100,101.815,94.40538,98.11019012451172
169,176.045,180.5756,178.31030364990232
89,74.16,81.35066,77.75533111572265
130,111.705,122.124,116.9145002746582
67,84.51,74.80222,79.6561116027832
191,161.37,185.19095,173.28047424316406
46,60.125,59.45705,59.791025161743164
139,114.075,130.52875,122.30187377929687
129,153.415,129.46458,141.43979217529295
91,90.035,83.83677,86.93588455200195
78,81.01,74.527466,77.76873291015625
100,86.16,89.579315,87.86965759277344
66,71.92,69.20467,70.56233688354493
91,99.765,91.256645,95.51082260131835
121,104.21,110.26728,107.23864028930663
126,133.93,132.92973,133.4298666381836
72,68.025,79.112236,73.56861801147461
135,107.76,129.84216,118.80108154296875
77,94.475,79.38423,86.9296157836914
35,44.605,38.197006,41.401003112792964
176,151.405,157.6251,154.5150534057617
60,78.69,62.99774,70.84387084960937
80,53.255,72.61886,62.93692916870117
119,107.185,119.32798,113.25649002075195
147,130.595,153.60439,142.0996926879883
67,77.98,73.36709,75.67354415893556
121,110.555,111.002846,110.77892288208008
165,144.82,145.25555,145.03777709960937
79,58.515,79.17362,68.84431106567382
102,98.68,96.633354,97.65667709350586
30,42.19,42.169724,42.17986175537109
97,116.36,100.6644,108.5121990966797
110,122.64,110.23068,116.43534118652343
87,92.01,95.51114,93.76056945800781
83,101.0,91.777405,96.38870239257812
129,151.22,134.86163,143.04081665039064
70,76.265,74.00812,75.13655883789062
89,96.58,95.04382,95.81191162109374
144,121.48,126.77351,124.12675689697267
81,92.45,78.42315,85.43657455444335
152,119.76,133.8096,126.78480041503906
134,132.35,124.33387,128.34193496704103
134,151.6,130.98953,141.29476623535157
165,146.935,142.9681,144.95154693603516
82,87.755,80.398,84.07650131225586
81,101.825,80.864395,91.34469757080078
59,46.98,58.578255,52.77912734985351
53,72.36,54.034683,63.19734161376953
128,112.64,120.208275,116.42413742065429
159,164.54,159.57123,162.05561401367186
124,113.27,115.98073,114.62536407470702
75,77.76,77.99964,77.87982070922851
129,127.74,126.92924,127.33461868286133
72,66.635,65.34534,65.99016845703125
156,143.77,151.3685,147.56924987792968
69,77.615,67.89631,72.7556544494629
99,106.925,96.23086,101.57792892456055
90,99.22,95.63944,97.42972122192383
114,112.61,106.96316,109.7865788269043
101,93.39,91.764534,92.57726699829101
89,98.605,96.14595,97.37547515869142
92,75.255,80.02432,77.63966125488281
136,130.515,135.53256,133.02378112792968
121,117.87,110.57921,114.22460418701172
87,92.435,83.56422,87.99960830688477
43,49.2,51.82877,50.51438484191895
64,104.205,84.74699,94.47599319458007
90,103.88,98.19415,101.03707641601562
111,106.3,99.92097,103.1104835510254
110,131.36,120.96346,126.16173141479493
78,92.335,81.81148,87.0732388305664
43,59.61,59.009087,59.30954330444336
146,107.895,134.05351,120.97425628662108
97,102.315,98.26004,100.28752014160156
75,88.11,76.98467,82.54733627319337
111,116.72,109.32366,113.02183090209961
107,109.56,115.007576,112.28378799438477
161,172.84,169.78146,171.31073181152345
127,125.84,120.56911,123.20455352783203
37,41.32,38.2404,39.78019920349121
57,75.34,54.039963,64.68998138427735
34,56.06,35.69433,45.877164154052736
53,52.82,50.252937,51.53646865844726
31,41.18,26.133171,33.65658554077149
80,45.2,65.738,55.46899948120117
40,38.6,37.012207,37.806103515625
84,49.7,68.8058,59.25290069580078
61,54.9,51.37206,53.136029434204104
71,48.385,56.481926,52.43346298217773
80,69.665,63.419415,66.54220726013185
122,99.99,98.96528,99.47763931274415
89,80.375,75.62253,77.99876403808594
91,102.595,88.85434,95.72466979980469
15,34.205,24.709305,29.457152404785155
101,78.13,75.03189,76.58094543457031
27,52.675,32.210945,42.442972564697264
68,60.62,62.222755,61.421377716064455
40,54.105,48.566055,51.335527648925776
58,48.69,47.27405,47.98202583312988
50,53.765,55.204544,54.48477203369141
30,41.0,33.646,37.32299995422363
43,42.815,47.10131,44.95815536499023
98,85.75,91.708466,88.72923278808594
89,75.94,71.1565,73.54825088500976
46,54.375,46.1883,50.28165054321289
83,96.61,84.64639,90.62819641113282
33,47.805,49.035206,48.42010292053223
66,71.985,63.206566,67.5957829284668
95,91.0,83.07501,87.03750610351562
46,49.18,45.267277,47.22363838195801
62,60.315,62.951668,61.633333892822264
92,114.01,105.18317,109.59658325195312
142,152.135,154.32123,153.22811401367187
109,105.065,109.90498,107.4849917602539
90,75.545,84.772644,80.15882202148438
105,93.39,99.27363,96.33181411743163
148,116.075,124.365456,120.2202278137207
142,163.835,151.98883,157.91191528320314
85,82.385,84.44105,83.41302383422851
126,112.755,118.322495,115.53874725341797
75,87.725,76.534546,82.12977294921875
79,77.18,77.83113,77.50556549072266
124,108.065,121.298065,114.68153259277344
77,93.065,85.16313,89.11406585693359
52,50.21,53.50715,51.858574371337895
85,75.43,83.97032,79.70016082763672
133,130.98,133.89235,132.43617462158204
86,100.6,96.62071,98.61035614013672
75,97.845,83.74061,90.79280410766602
71,78.3,86.24551,82.27275314331055
112,106.53,113.32645,109.92822326660156
120,126.74,123.321396,125.03069793701172
109,95.67,100.43118,98.05059143066407
132,118.205,121.8057,120.00535110473632
194,184.525,180.95036,182.73768157958983
72,72.06,79.61819,75.8390934753418
93,105.655,88.11703,96.88601364135742
96,95.805,89.70405,92.75452407836914
87,85.72,82.41059,84.06529556274414
80,76.71,77.788246,77.24912307739257
68,62.89,63.92904,63.40951950073242
75,57.66,67.959076,62.809537963867186
93,97.145,98.13282,97.63891006469726
71,81.115,75.37331,78.24415313720704
140,128.82,137.80801,133.3140069580078
128,112.215,124.51799,118.36649505615235
126,114.83,114.55088,114.69044021606445
103,89.405,92.12502,90.7650114440918
53,59.905,51.009705,55.457352294921876
139,139.895,138.31013,139.10256744384765
130,167.145,147.06464,157.10481811523437
88,90.61,83.763374,87.18668716430665
47,51.58,43.168747,47.37437347412109
42,47.72,35.08192,41.40096031188965
44,33.405,36.563515,34.98425735473633
44,54.605,45.01842,49.811710586547846
48,55.25,46.08333,50.666664123535156
34,38.95,37.68434,38.31717071533203
72,52.225,60.85319,56.53909568786621
46,54.77,45.434868,50.102433929443364
44,41.025,41.256603,41.1408016204834
22,42.865,31.706362,37.285680885314946
49,52.885,50.696823,51.79091156005859
72,57.06,54.842945,55.95147254943848
50,55.5,48.123077,51.81153869628906
35,44.51,37.463867,40.986933593749995
58,82.775,65.53505,74.15502471923828
23,35.94,32.172695,34.05634757995605
39,41.74,41.68894,41.714469070434575
74,46.215,63.008076,54.611537857055666
37,38.44,35.5164,36.97819969177246
48,45.46,50.759354,48.10967681884766
80,88.3,70.53525,79.4176239013672
49,47.015,43.634876,45.32493812561035
92,53.035,72.12895,62.58197601318359
46,67.34,46.776592,57.05829612731934
48,53.27,47.68712,50.478559265136724
79,88.255,82.46156,85.35828155517578
30,62.63,41.21613,51.923064651489256
72,73.155,66.29795,69.72647537231445
53,49.02,43.644165,46.332082519531255
46,56.565,49.65925,53.11212417602539
46,50.31,46.101913,48.20595672607422
118,133.66,136.13782,134.89890869140623
99,93.0,103.29498,98.14749145507812
51,57.755,54.105755,55.93037742614746
82,79.02,91.98459,85.50229431152343
126,142.795,139.26852,141.03176208496092
181,124.86,141.54778,133.20388763427735
66,54.98,66.346146,60.6630728149414
151,143.325,142.31816,142.8215805053711
79,82.15,85.035866,83.5929328918457
81,86.065,86.59239,86.32869598388672
106,107.205,106.13874,106.67187026977538
144,134.025,141.432,137.72850341796874
167,155.67,147.00833,151.33916564941404
105,119.25,112.36142,115.80570983886719
84,73.48,80.54631,77.01315521240235
83,99.4,84.75379,92.07689590454102
106,102.9,107.82758,105.36379165649414
28,47.625,34.117706,40.87135314941406
93,107.37,92.136955,99.75347763061524
131,103.43,113.49979,108.46489318847657
42,63.6,53.124275,58.36213760375976
78,82.56,79.43712,80.99855926513672
119,125.95,115.507225,120.72861251831054
104,84.3,101.72829,93.01414337158204
100,98.125,97.42191,97.77345657348633
78,79.125,84.23689,81.68094635009766
123,127.09,122.504715,124.79735748291016
94,88.85,85.97328,87.41164093017578
56,56.62,48.84346,52.73173004150391
97,86.805,92.026505,89.41575225830078
82,79.515,74.86009,77.18754608154296
56,59.135,54.87815,57.0065754699707
57,53.495,57.0065,55.250750122070315
72,67.055,72.892525,69.97376235961914
70,81.52,79.78669,80.65334487915038
84,80.895,84.371925,82.63346267700194
84,78.68,78.98725,78.83362564086914
79,83.01,81.294815,82.15240753173828
115,111.205,104.59942,107.90220932006835
59,59.885,63.23171,61.55835426330566
130,115.54,125.90242,120.72121002197267
111,121.075,105.47819,113.27659378051757
100,112.045,111.67539,111.86019607543946
70,84.09,74.80051,79.44525329589844
110,92.76,99.38543,96.0727146911621
81,75.11,74.683136,74.89656799316407
50,69.83,61.58659,65.7082949066162
95,120.41,116.25027,118.3301335144043
115,96.325,113.74151,105.03325424194335
59,62.135,61.898888,62.01694381713867
89,86.165,84.62815,85.39657546997071
74,68.345,72.85718,70.6010888671875
114,121.83,122.071945,121.95097259521484
62,84.575,73.399315,78.98715744018554
66,66.665,64.85552,65.76026107788087
91,88.155,89.195015,88.67500747680664
104,95.595,106.25055,100.92277465820312
100,100.44,100.913345,100.67667266845703
80,72.84,78.168274,75.50413696289063
109,117.275,121.77986,119.52743072509766
116,97.25,112.51956,104.88478088378906
59,52.305,49.434868,50.86993392944336
103,120.89,106.03669,113.46334487915038
80,87.98,74.96368,81.47183822631837
151,160.04,150.55975,155.29987670898436
99,95.555,88.80599,92.18049606323243
72,63.515,63.92464,63.71982032775879
40,55.83,42.23047,49.030234375
102,100.315,101.73822,101.02661010742187
155,175.505,169.15834,172.33167022705078
104,90.49,104.56317,97.52658569335938
118,121.74,119.88974,120.81486999511719
54,68.54,53.51827,61.02913429260254
76,78.855,72.97214,75.91356872558595
63,82.54,71.730545,77.13527252197267
64,62.34,55.90639,59.123195571899416
122,118.13,122.26361,120.19680541992187
89,69.065,79.8343,74.44964859008789
104,100.995,96.1859,98.59044891357422
91,88.555,85.05406,86.80453094482422
57,56.095,58.030197,57.06259857177734
46,48.695,45.86233,47.278665695190426
74,94.35,84.77436,89.56218032836914
125,152.625,141.24481,146.93490600585938
77,85.345,80.64988,82.9974397277832
95,97.145,103.355064,100.25003219604491
101,77.83,91.85486,84.84242919921874
48,61.4,53.700253,57.550126266479495
107,91.68,98.75671,95.21835311889649
53,63.815,56.270393,60.042696685791014
131,117.675,123.142395,120.40869750976563
67,60.855,64.49098,62.672991027832026
96,83.21,89.85017,86.53008316040038
58,68.52,62.553577,65.53678871154784
91,107.905,104.46494,106.18497146606445
59,58.065,61.214245,59.63962242126465
71,80.59,78.81649,79.70324508666992
93,79.115,88.57489,83.84494506835938
83,78.35,80.60329,79.47664337158203
65,82.57,72.58542,77.57770935058593
86,94.77,102.88037,98.82518554687499
119,113.25,113.64574,113.44786834716797
55,62.705,58.637592,60.67129615783691
140,124.515,132.90073,128.70786315917968
130,96.535,109.78438,103.1596890258789
72,80.48,68.67646,74.57823013305665
61,68.08,64.1788,66.12940124511718
146,137.15,138.41597,137.7829849243164
121,112.425,118.33234,115.37866821289063
104,95.53,99.52415,97.5270735168457
54,66.045,60.148228,63.096613845825196
120,101.13,119.98097,110.55548614501953
88,72.415,78.26108,75.3380389404297
72,69.355,68.79187,69.07343505859376
57,60.295,61.421535,60.85826774597168
143,151.365,149.14462,150.2548114013672
73,68.45,75.8171,72.13355026245117
49,58.485,52.78905,55.6370255279541
91,85.71,83.01252,84.36125991821288
22,43.315,27.69051,35.50275489807129
69,62.375,61.654682,62.014841079711914
38,45.13,37.614048,41.37202400207519
14,26.485,20.382704,23.433851890563965
31,38.375,34.513588,36.44429397583008
35,34.5,30.7062,32.60309982299805
38,31.215,35.332787,33.2738932800293
28,36.885,35.53531,36.21015441894531
34,30.24,30.086782,30.163391227722165
35,33.74,30.101448,31.920724029541017
54,42.52,44.94719,43.73359466552735
44,43.03,39.207836,41.118918075561524
64,61.39,57.280872,59.33543617248535
78,50.565,62.65289,56.60894462585449
56,54.39,37.694397,46.042198486328125
22,29.74,25.534752,27.63737594604492
17,33.905,24.118362,29.011681213378907
26,26.69,25.382477,26.03623840332031
79,85.955,86.62817,86.29158309936523
19,32.435,21.797066,27.11603286743164
65,41.37,50.267532,45.81876617431641
20,24.405,19.555395,21.980197563171387
30,35.845,32.963043,34.40402160644531
25,24.115,24.825289,24.4701443862915
70,48.455,58.225742,53.340371170043944
53,34.07,43.110184,38.59009185791015
53,43.435,47.02375,45.22937515258789
55,63.355,47.26591,55.310455551147456
19,33.81,22.017794,27.913896827697755
18,33.17,28.409021,30.78951068878174
28,36.505,34.244648,35.37482398986816
47,30.585,36.476284,33.53064201354981
39,38.3,37.850765,38.07538261413574
73,86.695,86.47729,86.58614364624023
42,64.69,49.935783,57.31289169311523
134,117.925,134.837,126.3810028076172
26,70.04,37.941517,53.990758438110355
70,85.12,81.27343,83.19671493530274
11,33.43,23.013546,28.221772994995117
101,87.095,105.57879,96.33689437866211
57,64.735,58.76703,61.751014404296875
59,57.195,61.51209,59.35354438781738
106,95.82,100.595375,98.20768753051757
90,73.875,81.31811,77.59655380249023
75,93.96,78.05377,86.00688598632811
117,103.375,111.93926,107.65713119506836
85,87.43,82.23046,84.83023056030274
76,65.385,69.5231,67.45405090332031
84,96.99,85.51095,91.25047409057618
82,105.26,95.74673,100.50336349487304
70,78.51,79.37346,78.94172943115234
50,57.815,52.952644,55.383822174072264
96,88.62,95.67003,92.14501434326172
108,118.77,112.92485,115.84742523193358
73,69.52,64.62575,67.07287384033202
111,102.07,104.44902,103.25951019287109
36,50.65,49.444916,50.04745788574219
56,68.86,61.60037,65.23018424987794
76,63.345,69.23118,66.2880891418457
76,75.5,78.83829,77.16914367675781
59,55.37,53.830776,54.60038810729981
62,62.995,65.72051,64.35775619506836
72,89.655,75.96947,82.81223358154297
152,136.45,151.892,144.1709991455078
193,117.41,163.72551,140.56775482177733
57,81.23,56.091084,68.66054176330567
108,104.625,108.31211,106.46855545043945
31,58.255,32.8285,45.54174942016601
23,51.85,27.636084,39.743041801452634
40,46.825,40.366596,43.595798110961915
30,33.945,26.591143,30.268071327209473
84,78.48,67.81453,73.14726470947267
54,38.665,37.100876,37.88293792724609
24,38.65,23.953358,31.3016788482666
27,40.09,28.901054,34.49552719116211
56,37.82,46.68923,42.25461593627929
52,39.69,46.195362,42.942681045532225
35,35.67,35.12741,35.39870544433594
45,45.26,41.45622,43.358109359741206
59,74.005,63.13727,68.57113594055176
13,40.97,30.955187,35.962593421936035
35,36.24,32.353157,34.29657852172852
52,38.715,43.03387,40.874435348510744
43,33.34,36.96742,35.15370933532715
44,38.805,43.66699,41.23599418640137
33,37.62,34.266575,35.94328742980957
55,58.69,42.63485,50.66242477416992
26,26.385,28.299505,27.342252616882327
27,28.165,28.796137,28.48056842803955
27,34.465,30.250233,32.3576163482666
40,36.03,39.846992,37.93849624633789
37,28.885,29.538788,29.21189392089844
29,26.47,26.623173,26.546586380004882
48,75.195,58.660416,66.92770782470703
101,110.65,110.36689,110.50844497680664
104,80.36,105.68253,93.02126663208008
100,86.86,103.608536,95.23426788330079
78,86.48,76.7525,81.61625122070313
68,59.545,59.20846,59.376730880737306
97,89.48,93.28338,91.38168930053712
54,61.325,56.287327,58.80616340637207
42,44.555,42.264145,43.40957244873047
49,68.44,60.715546,64.57777282714844
90,103.38,95.23079,99.30539459228515
82,76.22,78.88719,77.55359588623047
77,90.5,82.2717,86.38584899902344
96,114.03,101.895584,107.96279205322266
73,76.895,80.67787,78.78643585205077
146,106.725,129.24051,117.98275451660156
48,66.2,51.67258,58.93629035949707
92,98.855,103.15323,101.00411437988282
78,72.76,70.37536,71.56767929077148
82,86.145,84.65925,85.40212417602538
40,55.155,50.649097,52.90204872131348
74,104.59,96.399925,100.4949626159668
93,77.855,78.9655,78.41024993896485
133,134.255,129.07677,131.66588348388672
80,81.145,78.806274,79.97563720703124
83,72.975,73.028076,73.0015380859375
125,111.76,115.622826,113.69141281127929
116,110.945,107.25534,109.10017028808593
109,127.0,117.90936,122.45468139648438
65,74.17,75.23563,74.70281311035157
72,89.25,75.020454,82.13522720336914
34,56.52,49.862144,53.19107223510743
118,104.12,122.16006,113.14002853393555
74,63.975,70.62319,67.29909591674804
83,100.525,90.24844,95.38672180175782
31,44.075,35.924973,39.999986267089845
69,60.215,67.02699,63.62099639892578
84,96.915,87.27064,92.09281875610353
132,110.75,129.02916,119.88957977294922
126,105.45,118.792046,112.12102279663085
87,70.875,72.906006,71.8905029296875
113,124.605,119.17608,121.89053939819337
72,104.125,78.2875,91.20624923706055
85,93.02,86.21191,89.61595321655273
97,102.355,96.81484,99.58492111206056
76,75.28,66.94706,71.11352981567383
90,82.43,79.37874,80.90436920166016
59,56.985,53.903606,55.44430320739746
54,88.605,63.71111,76.15805458068849
45,62.535,58.42056,60.47777946472168
50,48.055,48.388092,48.221546020507816
70,61.81,68.07849,64.94424560546875
106,110.805,110.04142,110.42320999145508
61,77.82,69.30334,73.56166854858398
97,95.3,91.58114,93.44056930541993
68,66.38,62.076054,64.22802680969238
70,77.225,68.37722,72.8011100769043
93,103.12,95.27939,99.19969421386719
52,51.15,57.385876,54.26793785095215
121,107.79,119.75078,113.7703890991211
98,121.225,98.6941,109.95954971313476
12,40.975,22.084522,31.529761123657227
77,87.54,82.4232,84.98160125732423
143,119.29,140.31664,129.80331756591798
68,64.635,66.62248,65.62874114990234
111,108.4,116.20277,112.30138320922852
99,112.235,110.8741,111.55454986572266
49,62.005,53.747383,57.87619155883789
111,83.51,99.35437,91.43218505859375
90,80.07,90.24173,85.15586486816406
71,74.315,69.04478,71.67988845825195
59,52.935,59.647778,56.291388778686525
83,90.83,82.30262,86.56630996704101
105,111.715,107.472206,109.59360305786133
60,66.97,67.13675,67.05337463378906
97,88.35,91.05093,89.70046310424804
142,148.635,141.93633,145.2856625366211
71,66.475,68.161705,67.31835250854492
61,73.67,60.585716,67.1278581237793
77,67.255,73.19138,70.2231916809082
64,72.995,73.14274,73.06886917114258
20,47.39,35.912605,41.651302642822266
120,103.805,111.4569,107.63095077514649
84,74.805,87.2736,81.03929885864258
58,76.445,62.264732,69.35486618041992
137,128.78,123.422,126.10099853515625
47,64.155,48.735867,56.44543327331543
107,77.33,90.178246,83.75412277221679
61,73.28,62.707127,67.99356330871582
120,117.785,119.425606,118.60530288696289
88,92.965,89.4483,91.20665161132813
185,195.825,188.51286,192.16893157958984
58,72.92,62.873333,67.89666648864747
97,102.725,100.061676,101.39333801269531
55,58.725,59.529697,59.12734870910644
97,86.93,88.303696,87.61684783935547
70,64.865,70.574905,67.71995269775391
51,57.685,54.584484,56.1347420501709
24,41.61,25.046352,33.328176193237304
128,104.295,126.222725,115.2588624572754
57,55.95,50.090046,53.02002296447754
96,94.85,92.14085,93.4954231262207
116,118.105,112.57722,115.3411085510254
108,106.285,106.683525,106.48426254272461
76,83.155,76.318756,79.73687805175781
54,45.39,48.74177,47.065885848999024
63,77.165,62.091015,69.62800743103028
131,125.465,128.60892,127.03695861816406
33,58.545,41.89488,50.21993919372559
90,79.625,86.84708,83.23603820800781
82,84.31,81.2598,82.78490188598633
105,99.25,94.89004,97.07001876831055
87,73.95,78.28392,76.11696014404296
121,106.815,111.0819,108.94845077514648
89,87.25,78.351265,82.80063247680664
67,49.065,61.580708,55.32285377502441
89,109.475,90.42971,99.9523551940918
128,141.02,136.53278,138.77638793945312
84,82.31,78.2525,80.28125122070313
55,55.985,54.8486,55.416799240112304
99,89.665,97.48043,93.57271530151368
73,62.265,70.83528,66.55014068603515
102,99.785,101.34302,100.5640087890625
103,123.295,113.59547,118.44523330688477
95,88.355,101.12924,94.7421209716797
45,50.55,44.603413,47.57670631408691
112,108.39,120.08297,114.23648483276367
82,73.965,77.02293,75.4939631652832
57,62.22,58.401863,60.310931549072265
63,63.27,63.367813,63.318906555175786
93,87.97,96.14382,92.0569108581543
95,109.325,94.010605,101.66780242919921
40,42.01,42.882683,42.44634140014648
52,45.2,55.234543,50.217271423339845
42,43.895,45.742264,44.81863189697266
73,93.725,80.846275,87.28563766479492
78,76.135,83.14126,79.63812911987304
76,77.055,74.10438,75.57968887329102
29,41.21,33.98593,37.59796569824219
62,71.225,70.0427,70.6338508605957
77,91.73,83.731865,87.73093246459962
71,73.935,78.647896,76.29144790649414
146,151.265,140.52959,145.8972933959961
118,101.57,111.37842,106.474208984375
110,97.6,109.00685,103.30342559814453
104,98.605,92.52739,95.5661947631836
102,101.83,96.88831,99.35915664672851
70,59.66,61.370068,60.51503379821777
61,88.15,66.503296,77.32664794921875
53,83.775,55.937508,69.85625381469727
129,121.67,128.27002,124.97000976562501
114,110.025,109.7167,109.87084884643555
60,67.845,63.054295,65.44964729309082
77,78.935,79.07172,79.00335815429688
76,69.705,68.78337,69.24418548583984
133,145.275,141.11353,143.1942626953125
94,103.305,99.68756,101.49628051757813
68,78.065,66.91754,72.49127075195312
71,76.47,70.83737,73.65368591308594
72,74.015,79.66042,76.83771163940429
62,65.73,64.51703,65.12351440429688
140,115.11,132.31978,123.71488922119141
128,136.47,119.17013,127.82006393432617
96,102.905,94.07161,98.48830474853516
68,68.95,69.937454,69.4437271118164
106,94.115,99.942,97.02850067138672
97,89.035,90.545815,89.79040725708008
88,73.1,79.77109,76.43554382324218
134,133.14,131.73671,132.43835479736327
69,86.605,72.722694,79.66384719848634
131,162.12,143.30565,152.71282440185547
43,69.735,53.469433,61.60221641540527
68,83.175,73.90015,78.5375732421875
89,89.175,83.58203,86.378515625
41,54.915,46.351097,50.63304855346679
111,100.235,100.49347,100.36423461914063
110,93.64,116.5572,105.09859878540038
93,76.15,86.939476,81.5447380065918
94,109.39,101.56254,105.47626907348632
144,116.04,126.90669,121.47334625244142
109,105.285,96.01001,100.6475048828125
93,93.45,90.772575,92.11128768920898
36,56.96,42.903126,49.93156288146973
100,128.995,114.779495,121.88724761962891
116,101.14,112.67201,106.90600616455077
112,90.98,99.02492,95.00245880126954
91,84.255,82.03516,83.145078125
95,95.88,96.921,96.40049880981445
48,54.95,46.563183,50.756591415405275
21,28.455,22.339098,25.397048988342284
33,30.055,26.863459,28.459229316711426
35,39.37,33.34075,36.35537582397461
25,35.985,34.890984,35.437991790771484
33,31.8,28.01576,29.907880210876463
19,32.4,27.73146,30.06573028564453
25,36.825,34.443687,35.63434371948242
30,48.65,46.41854,47.534270477294925
22,34.51,30.249535,32.37976730346679
41,37.44,37.22328,37.33164093017578
40,47.805,51.93108,49.86803993225098
37,39.9,38.530067,39.21503372192383
32,29.0,31.617527,30.30876350402832
39,33.85,35.331944,34.59097175598144
17,22.27,23.06459,22.66729522705078
27,31.815,27.542694,29.678847045898436
42,49.505,38.784058,44.14452880859375
22,27.8,22.66542,25.23271026611328
53,42.575,44.156574,43.36578712463379
49,56.56,48.321808,52.440903930664064
20,27.47,21.534983,24.502491340637206
37,37.11,33.94801,35.5290047454834
32,31.465,30.814589,31.139794273376467
55,41.615,44.28913,42.952065582275395
33,27.745,26.743145,27.244072494506838
51,57.665,53.879616,55.7723078918457
20,24.19,20.8128,22.501399726867675
37,38.335,35.06758,36.70129058837891
69,60.055,61.310287,60.68264373779297
27,42.9,29.71825,36.309125137329104
78,66.5,84.22891,75.36445617675781
51,65.56,61.35331,63.45665481567383
129,148.405,146.95337,147.6791845703125
94,95.935,90.310646,93.12282302856445
81,73.92,77.65739,75.78869338989259
148,119.36,137.31305,128.33652465820313
89,69.555,86.436516,77.99575790405274
114,143.845,120.40398,132.12448822021486
44,89.635,72.32347,80.97923553466796
106,132.915,125.644135,129.27956726074217
90,97.435,91.24445,94.33972671508789
58,63.025,52.21863,57.621815872192386
90,79.1,84.08262,81.59130935668945
34,57.84,45.781796,51.810897750854494
58,59.84,59.886166,59.863082809448244
118,127.245,125.23137,126.23818450927735
95,87.45,90.61314,89.03156814575195
33,47.655,45.05006,46.3525301361084
58,68.07,60.14135,64.10567489624023
68,65.075,65.06835,65.07167587280273
81,85.235,79.17879,82.20689361572266
68,63.445,68.9593,66.20214859008789
65,70.445,64.71376,67.57938018798828
92,98.045,93.22868,95.63684173583985
64,61.4,66.17152,63.78575820922852
59,56.405,55.47299,55.938994064331055
101,88.79,83.98686,86.3884310913086
25,39.895,31.671988,35.78349376678467
50,51.645,56.37264,54.008819351196294
60,75.13,66.52907,70.82953399658203
78,79.265,77.131966,78.19848281860351
41,59.47,48.25521,53.86260543823242
125,150.59,127.42044,139.00522033691408
40,50.42,46.002537,48.21126838684082
79,67.165,75.558235,71.36161758422853
121,113.525,113.75397,113.63948364257813
105,94.055,100.86919,97.4620932006836
57,78.64,64.34749,71.49374420166015
37,49.475,46.953537,48.21426849365234
106,115.8,109.7351,112.76754989624024
69,61.68,67.02434,64.35216888427735
77,93.875,82.06562,87.97031021118164
25,47.17,30.449945,38.80997272491455
42,43.17,40.26865,41.71932502746582
46,37.935,38.772293,38.35364654541016
38,64.755,44.623688,54.68934387207031
35,42.565,31.88356,37.22428009033203
54,38.91,38.253613,38.58180625915527
47,38.765,42.168358,40.46667892456055
23,27.335,24.839918,26.08745906829834
37,34.025,37.182503,35.60375137329102
47,45.155,38.4805,41.81774963378906
37,28.235,31.428806,29.83190315246582
39,35.125,37.394474,36.25973701477051
28,37.24,28.151691,32.695845718383794
24,26.01,25.92843,25.96921527862549
43,49.79,42.034134,45.9120669555664
40,47.48,32.88948,40.18474029541015
59,74.08,62.152477,68.11623863220214
44,34.91,38.556576,36.73328788757324
24,29.545,30.39973,29.972365341186524
46,39.075,39.87157,39.4732852935791
47,43.01,43.244705,43.12735260009765
37,29.005,28.783236,28.894117774963377
41,39.675,40.136475,39.9057373046875
37,31.965,31.900715,31.93285743713379
28,30.0,28.544018,29.272008895874023
25,27.495,31.413342,29.4541707611084
42,47.585,40.303036,43.944017868041996
23,26.74,27.492645,27.116322631835935
34,37.93,32.607216,35.26860794067383
47,60.64,41.267803,50.953901596069336
31,25.08,27.415638,26.24781898498535
91,99.83,106.41775,103.12387374877929
51,68.17,53.375298,60.77264877319336
143,168.805,161.15999,164.98249420166016
134,98.195,115.08223,106.6386148071289
76,83.61,77.84777,80.72888534545899
129,115.95,130.17014,123.06006774902343
96,94.355,95.111244,94.73312210083009
52,71.735,56.97336,64.35417907714844
61,77.65,68.08447,72.867236328125
102,112.865,99.141594,106.00329696655274
86,82.105,84.868256,83.4866278076172
98,103.43,99.06502,101.24750885009766
57,59.045,58.28668,58.66583915710449
130,110.9,125.81923,118.35961456298828
87,88.33,81.37774,84.85386947631835
85,98.735,91.14746,94.94123046875
84,71.015,81.796165,76.40558273315429
71,63.08,66.757675,64.91883758544921
63,62.27,61.367702,61.818851242065435
81,99.02,89.987495,94.50374771118163
102,85.3,97.0425,91.1712516784668
58,54.16,61.244637,57.702318267822264
91,96.035,90.21946,93.1272297668457
87,71.105,77.95041,74.52770446777345
106,93.285,102.559616,97.92230804443359
76,68.13,73.683174,70.90658706665039
67,74.65,68.32533,71.48766632080078
111,130.425,126.92001,128.6725067138672
83,120.695,97.49897,109.09698501586914
134,122.15,132.66032,127.40516204833985
55,79.625,59.95627,69.79063415527344
82,78.125,78.090454,78.10772705078125
86,74.595,80.11222,77.35361038208008
81,108.205,91.7342,99.96959976196288
85,78.595,83.73792,81.16646133422852
138,121.63,127.351974,124.49098724365234
59,65.78,58.176872,61.978436126708985
87,86.315,94.34669,90.33084365844726
88,91.325,94.86919,93.09709320068359
166,142.785,151.57329,147.17914398193358
116,115.475,114.211105,114.84305267333984
70,65.555,67.9243,66.73965057373047
149,130.07,147.91269,138.99134460449218
165,154.6,164.13043,159.36521606445314
143,126.59,136.04576,131.31788055419923
82,84.295,79.99795,82.14647384643555
81,84.3,81.100624,82.70031204223633
117,103.165,115.27067,109.21783401489259
84,95.93,89.06388,92.49694046020508
250,210.785,233.91406,222.34953124999998
130,108.88,116.46012,112.67006057739258
83,78.42,78.49492,78.4574594116211
174,153.835,185.7547,169.79484985351564
85,102.715,89.88085,96.29792587280274
179,158.185,177.66057,167.92278411865234
192,196.945,202.08507,199.51503387451172
101,98.26,97.5853,97.92264831542968
134,131.175,136.96848,134.07173767089844
136,117.755,138.12119,127.93809265136719
177,146.53,168.85532,157.69265808105467
109,134.91,112.30261,123.60630615234375
185,203.365,192.34949,197.85724365234375
141,166.25,161.10056,163.67527770996094
151,150.245,152.86935,151.55717712402344
137,118.9,137.25827,128.07913513183593
150,134.2,137.96483,136.08241424560546
182,180.305,175.44649,177.8757437133789
150,139.71,146.65111,143.180553894043
172,158.49,168.6828,163.58640014648438
252,234.25,244.20177,239.22588348388672
178,169.72,154.87112,162.29556213378908
118,99.715,108.08928,103.90213958740235
155,135.78,148.90132,142.3406607055664
196,166.865,192.76616,179.8155795288086
83,89.24,92.440254,90.8401271057129
91,135.055,102.749664,118.90233215332032
65,81.715,72.12169,76.91834442138672
106,100.475,101.446655,100.96082763671875
110,134.77,119.618835,127.19441772460938
151,145.795,150.68626,148.24063201904295
84,91.185,80.89279,86.03889587402344
133,118.56,122.271255,120.41562774658203
100,109.11,106.582825,107.84641235351563
72,72.715,74.30848,73.51173965454102
71,83.16,76.35617,79.75808532714844
109,125.965,114.99984,120.48241989135742
155,140.97,149.10587,145.03793273925783
100,99.2,100.44241,99.82120666503906
83,103.245,90.7293,96.98715072631836
84,75.4,82.68942,79.04471130371094
80,91.745,86.6196,89.18229919433594
126,107.23,110.77195,109.00097488403321
99,171.905,131.49231,151.69865478515624
85,79.825,79.635605,79.73030242919921
100,89.93,93.489296,91.70964797973633
168,154.935,174.12074,164.52787139892578
97,91.625,89.13217,90.37858581542969
126,120.62,128.57533,124.59766632080078
153,129.06,142.62431,135.8421566772461
144,146.53,138.2558,142.39289916992186
99,90.165,93.9989,92.08195068359376
18,53.145,33.584816,43.36490798950196
151,142.395,139.59543,140.99521423339843
106,127.99,120.35626,124.17313110351563
109,108.7,107.499374,108.09968719482421
136,144.95,141.2339,143.09195098876953
62,60.86,61.496826,61.1784130859375
110,126.685,113.99566,120.34032943725586
151,149.935,156.89105,153.41302612304688
123,139.115,131.96504,135.5400210571289
135,113.705,127.59783,120.6514158630371
208,202.78,205.30383,204.04191650390624
136,130.9,136.93144,133.91572113037108
90,114.995,96.35051,105.67275482177735
128,121.96,122.0666,122.01329849243163
78,72.365,74.69744,73.53122055053711
145,167.695,157.14386,162.41942993164062
56,68.685,59.141914,63.91345718383789
124,130.275,127.23636,128.75567932128905
73,84.1,75.76954,79.93476943969726
86,69.21,77.4159,73.312950592041
45,58.28,48.2848,53.28240074157715
61,74.575,66.55673,70.56586608886718
95,79.64,81.76913,80.70456344604492
74,84.33,74.838,79.58399871826171
111,111.03,111.37139,111.20069564819336
110,121.635,102.88086,112.2579296875
42,38.895,47.774494,43.334747085571294
69,73.585,71.702835,72.6439175415039
89,96.585,89.64096,93.11298034667968
31,34.19,39.02733,36.60866424560547
53,71.625,68.24232,69.93365859985352
44,71.81,60.477596,66.1437981414795
49,60.96,50.967678,55.963839035034184
69,77.17,62.564278,69.8671388244629
54,62.16,55.505875,58.83293731689453
90,84.675,87.670006,86.17250289916993
76,55.255,56.1934,55.72420066833496
53,52.675,49.747265,51.21113243103027
69,83.355,75.00877,79.18188690185548
73,70.655,70.39421,70.52460540771484
51,49.635,52.99008,51.31254089355468
47,73.77,61.84448,67.80723930358886
117,125.72,114.10004,119.91001831054687
57,70.975,58.066444,64.52072219848633
79,87.235,79.89891,83.56695526123048
120,107.99,111.42825,109.70912658691407
88,115.865,94.80611,105.33555328369141
88,96.735,89.466255,93.10062759399415
118,76.57,94.75615,85.66307464599609
74,77.815,70.61204,74.2135188293457
130,146.81,146.22562,146.51780822753906
150,140.845,147.43555,144.1402734375
178,197.915,177.20583,187.560412902832
41,53.765,47.999763,50.882381744384766
117,119.21,125.45319,122.33159683227538
99,94.22,91.14017,92.68008361816406
101,100.37,95.79794,98.08397155761719
132,110.73,131.75186,121.24093078613282
166,170.07,175.25421,172.66210571289062
153,145.39,148.5449,146.96745330810546
162,152.955,160.26695,156.61097625732424
84,85.62,83.057144,84.33857208251953
203,214.34,197.63715,205.9885729980469
70,81.715,80.76668,81.24083892822266
188,163.49,183.7422,173.61610137939454
137,118.64,127.14068,122.89033920288085
157,162.015,142.23611,152.12555725097656
168,145.675,160.65833,153.16666259765626
194,200.4,207.26366,203.83182830810546
175,193.25,194.58574,193.9178695678711
157,154.455,158.22983,156.3424139404297
158,142.07,147.01132,144.54066101074218
206,191.655,205.83571,198.74535430908202
129,127.42,130.96358,129.1917886352539
108,96.825,98.67206,97.74852905273437
160,210.985,187.61023,199.29761474609376
143,154.825,140.73715,147.78107604980468
132,131.715,136.29697,134.0059832763672
179,197.33,182.67154,190.00076965332033
125,134.67,119.07774,126.87387176513671
161,143.875,165.14275,154.50887298583984
182,157.255,174.787,166.02100128173828
163,152.67,168.85123,160.7606134033203
50,62.395,66.2069,64.30095077514649
106,118.62,113.80929,116.21464401245117
95,107.18,108.14654,107.66326889038086
66,60.38,63.09126,61.73562950134277
60,81.385,66.223885,73.80444229125976
65,66.875,60.04431,63.45965576171875
126,134.625,118.78099,126.70299530029297
68,66.185,57.805183,61.99509170532227
120,125.55,120.84948,123.19973983764649
130,135.985,126.811966,131.3984829711914
47,51.31,41.49194,46.40096977233887
84,92.82,86.88126,89.85063186645507
117,100.83,97.95658,99.39329055786132
77,84.78,75.35363,80.06681503295898
103,119.22,111.36984,115.29492126464844
113,112.89,108.37396,110.63198120117187
85,80.73,74.29509,77.51254486083985
113,109.45,112.502075,110.97603759765624
102,97.67,90.99469,94.33234497070313
168,160.66,172.0452,166.35259826660155
102,76.885,86.495544,81.69027221679687
76,67.67,68.76927,68.21963592529298
106,105.79,101.107605,103.44880249023439
58,62.47,56.126396,59.29819808959961
97,101.6,92.09881,96.8494041442871
117,115.255,118.82972,117.04235977172851
138,146.265,131.90712,139.08605987548827
91,96.14,86.71987,91.42993576049804
73,75.92,80.86938,78.39468856811524
211,186.72,190.0038,188.3618997192383
170,148.165,152.23589,150.20044281005858
174,187.995,183.89618,185.94558959960938
98,89.275,89.63279,89.4538948059082
131,127.835,135.53888,131.68693969726561
107,104.31,105.64457,104.97728469848633
66,65.565,66.7905,66.17774841308594
116,99.92,117.501656,108.71082778930665
262,210.115,224.23586,217.17542755126954
219,173.685,203.72539,188.7051937866211
129,125.865,129.12767,127.49633514404297
200,166.21,193.26997,179.73998687744142
90,81.07,98.47265,89.77132431030273
141,178.925,169.09122,174.00810852050782
130,121.945,123.244896,122.5949479675293
124,117.705,127.6864,122.69570068359374
120,138.22,133.38754,135.8037713623047
195,205.715,204.96602,205.34050933837892
41,75.835,56.63149,66.2332444000244
254,159.92,188.69336,174.30667968749998
173,123.965,138.40828,131.18663970947267
239,243.645,240.76633,242.20566345214843
60,57.97,67.13162,62.55081115722656
198,189.57,198.15387,193.86193481445312
78,94.36,93.82692,94.09345977783204
91,114.31,114.59011,114.4500553894043
86,78.87,85.43165,82.15082412719727
61,55.625,59.3371,57.48105049133301
126,113.585,128.96857,121.27678344726561
92,97.9,96.29306,97.09653015136719
213,175.825,205.99156,190.9082809448242
214,165.615,189.69168,177.65334045410157
335,248.235,313.5773,280.9061505126953
158,121.965,120.812996,121.38899795532227
110,121.025,120.22571,120.62535400390625
150,136.19,154.21996,145.20497772216797
102,108.315,109.00863,108.66181442260742
107,109.73,94.920975,102.32548736572267
179,158.755,171.09933,164.92716735839844
215,164.59,200.37924,182.4846209716797
117,100.775,113.56714,107.1710693359375
151,136.28,145.8897,141.08484710693358
118,135.42,123.90417,129.66208358764646
81,70.545,77.189674,73.86733718872071
125,146.2,143.85916,145.02958068847656
201,206.36,204.12141,205.24070709228516
102,133.28,111.796265,122.53813232421875
119,104.705,114.91444,109.80971817016601
106,117.84,113.17253,115.50626556396485
75,74.35,76.96299,75.65649490356445
101,115.77,108.155334,111.96266723632812
95,83.335,90.93272,87.13385818481444
93,109.955,106.437294,108.19614700317382
147,145.515,158.40115,151.95807678222656
155,148.385,154.30515,151.34507263183593
119,88.285,108.04732,98.1661587524414
92,99.585,101.71134,100.64817092895507
40,49.055,46.43218,47.74358924865723
94,97.76,98.84131,98.300654296875
185,178.095,185.65685,181.87592254638673
85,86.22,91.51557,88.86778579711914
90,88.285,83.33019,85.80759628295898
220,194.905,217.56435,206.23467315673827
157,149.535,161.40657,155.47078521728514
150,131.13,133.70137,132.4156851196289
90,100.08,90.547844,95.31392196655273
101,88.895,92.64477,90.76988388061523
124,127.475,122.2753,124.87514953613281
132,116.705,122.6882,119.69660095214843
99,92.265,94.289894,93.27744705200195
84,91.88,91.14925,91.51462310791015
88,105.45,93.124855,99.28742752075195
134,125.945,126.361694,126.15334716796875
194,173.54,187.31317,180.42658569335936
91,99.55,91.02891,95.28945388793946
126,123.7,127.64534,125.67266998291015
97,108.315,96.910065,102.61253234863281
56,61.68,56.129307,58.90465339660645
81,67.745,72.84359,70.29429489135742
185,179.54,189.76422,184.6521105957031
93,101.315,97.36207,99.33853408813476
217,198.09,221.76303,209.9265155029297
120,122.82,132.71947,127.76973358154297
107,114.08,115.85986,114.96993164062499
164,154.36,169.42027,161.89013641357423
129,133.675,135.54916,134.6120819091797
97,94.66,90.40598,92.5329914855957
70,69.81,66.23021,68.02010467529297
84,100.365,89.80249,95.0837451171875
195,194.03,196.0637,195.04685272216796
128,116.785,120.11449,118.44974334716797
98,104.195,99.64075,101.91787353515625
34,44.325,37.67974,41.00237045288086
98,99.955,107.64046,103.79772857666015
107,112.225,109.199326,110.71216278076172
180,143.73,167.05951,155.39475463867188
76,76.2,66.984276,71.59213790893554
106,99.235,104.07323,101.65411346435548
137,132.265,122.01123,127.138115234375
171,168.755,175.33884,172.04691833496094
90,95.985,94.80151,95.3932568359375
146,148.8,156.33376,152.56687774658204
143,138.015,139.53621,138.77560455322265
97,94.08,97.05447,95.56723312377929
152,148.695,154.04149,151.36824432373047
128,143.755,131.02458,137.38979095458984
117,96.56,114.40521,105.48260620117188
166,157.05,173.7391,165.3945526123047
77,69.465,76.815575,73.14028732299805
138,164.21,154.49657,159.3532833862305
94,91.715,86.52266,89.11882965087891
90,106.31,100.40338,103.35669067382813
133,124.68,131.43758,128.05878814697266
177,172.32,167.19765,169.75882354736328
147,112.72,128.8691,120.7945474243164
203,187.285,221.44798,204.36649139404295
125,139.01,127.74537,133.37768447875976
122,143.205,128.73364,135.96932128906252
191,188.22,194.7003,191.46015106201173
111,125.14,110.93513,118.03756362915038
223,172.655,219.51617,196.0855871582031
198,165.29,168.3562,166.82310058593748
116,114.895,106.16726,110.53112960815429
212,201.8,203.26671,202.53335418701172
160,160.575,163.09805,161.8365264892578
105,113.545,99.75798,106.65149017333985
34,39.195,43.140575,41.16778770446777
175,152.975,166.3701,159.67255096435548
106,117.705,102.315,110.01000122070312
171,163.26,163.91437,163.58718383789062
61,82.7,61.65333,72.17666587829589
103,112.08,109.59989,110.83994583129882
134,123.795,134.08528,128.94014068603516
103,109.845,100.75383,105.29941497802734
165,164.205,153.73523,158.97011474609377
36,52.835,52.441563,52.63828132629395
214,157.285,178.0159,167.65044982910155
170,147.845,158.54999,153.1974938964844
94,105.65,91.58813,98.61906356811524
94,109.62,99.14887,104.38443618774414
130,124.96,134.69354,129.82677124023436
144,136.725,140.61954,138.67226867675782
128,111.875,122.45781,117.1664047241211
120,99.56,117.126755,108.3433773803711
116,123.11,124.25842,123.68421142578126
284,213.47,278.07755,245.77377258300783
114,104.04,101.24106,102.6405291748047
102,137.985,113.46965,125.72732513427735
123,122.04,134.84363,128.44181396484376
34,47.6,41.568047,44.58402328491211
95,112.44,99.33352,105.8867594909668
139,147.16,160.53253,153.8462658691406
124,116.99,119.54638,118.26818954467774
107,97.26,110.17064,103.71531951904296
68,75.045,77.050934,76.04796691894532
172,174.675,176.03883,175.35691680908204
115,95.455,110.81335,103.13417343139648
85,85.63,87.27166,86.4508299255371
120,123.845,129.15675,126.50087677001953
227,201.425,223.30392,212.36446228027344
122,95.555,121.71933,108.63716491699219
71,81.335,72.160706,76.74785278320311
96,106.32,109.35781,107.83890548706054
76,68.65,73.3385,70.99425048828125
68,79.095,69.39658,74.24579177856445
146,127.945,140.43979,134.19239440917968
114,117.135,112.122734,114.6288670349121
118,125.345,115.30395,120.32447372436523
94,95.315,95.6917,95.50335189819336
148,138.19,149.70456,143.94727966308594
169,137.11,151.00304,144.05651824951173
76,110.385,86.76674,98.57586944580078
147,130.085,137.86247,133.97373626708986
130,138.37,131.11938,134.7446923828125
67,74.935,73.45456,74.19477966308594
84,104.01,99.73836,101.87417877197265
132,104.375,124.253845,114.31442260742188
120,143.66,139.98088,141.82044036865233
91,118.71,98.88271,108.79635665893554
140,128.065,145.36278,136.71388885498047
166,176.29,173.26463,174.77731658935545
28,66.575,42.636276,54.605638122558595
68,106.78,88.09855,97.43927444458008
66,61.015,73.33444,67.17472106933593
108,123.1,105.05826,114.07912902832031
53,51.235,55.883537,53.559268646240234
107,96.5,109.06316,102.78158187866211
61,66.56,60.94263,63.751315383911134
95,80.115,85.95579,83.03539382934571
54,59.085,58.074364,58.57968185424805
47,48.405,44.074738,46.23986877441406
157,141.855,159.9174,150.88620208740235
103,85.555,84.379326,84.96716293334961
50,69.83,54.869064,62.34953216552734
68,52.455,62.64532,57.55016044616699
86,88.025,88.82479,88.42489547729492
42,52.22,49.604584,50.91229187011719
49,43.68,51.826195,47.7530973815918
70,84.435,72.633766,78.5343830871582
134,109.335,130.40898,119.87199066162108
84,96.85,84.56863,90.7093132019043
118,108.7,110.14351,109.4217544555664
105,101.58,94.51637,98.04818634033202
125,87.955,108.58226,98.26863006591796
51,62.8,56.94678,59.87339057922363
101,94.82,96.795135,95.80756774902343
64,79.73,67.4846,73.60729812622071
36,39.475,42.96377,41.21938591003418
102,122.9,110.67837,116.78918380737305
87,86.97,91.976395,89.47319732666016
89,86.97,89.49553,88.23276458740234
125,108.725,105.319275,107.02213745117187
74,74.685,68.531334,71.60816696166992
122,104.28,102.29808,103.28904022216797
96,91.71,90.77912,91.24456069946288
59,55.43,56.349598,55.889798965454105
156,132.78,163.61563,148.1978155517578
83,93.47,80.81152,87.14076171875
87,99.235,99.5305,99.38275115966798
169,161.815,170.13467,165.9748370361328
208,175.0,201.90594,188.45297241210938
100,98.225,114.99099,106.6079948425293
124,144.46,127.47926,135.96963165283205
82,74.445,82.218765,78.33188262939453
190,186.315,191.9396,189.1273028564453
116,105.93,113.05122,109.49061187744141
177,158.385,171.00232,164.69365966796875
113,116.52,116.92792,116.72395874023437
212,196.74,212.11183,204.42591583251954
124,120.415,121.965164,121.19008209228517
117,101.01,112.27539,106.6426953125
171,159.21,177.88335,168.5466732788086
144,199.56,168.12592,183.84295776367188
168,159.46,169.12914,164.294567565918
196,190.43,199.30443,194.86721405029297
147,159.355,151.09814,155.226572265625
153,153.435,155.89175,154.6633770751953
149,138.635,146.47964,142.5573223876953
102,112.055,110.00364,111.0293196105957
179,151.995,168.81314,160.40407043457031
96,97.475,84.09122,90.78310852050781
185,153.3,181.03055,167.16527404785157
143,129.145,149.20529,139.17514587402343
129,125.685,124.89497,125.28998687744141
92,122.08,95.29276,108.68638137817382
180,178.58,177.43137,178.00568298339846
119,115.76,127.67244,121.71621978759765
58,61.42,55.431217,58.42560859680176
75,73.095,71.47321,72.28410659790039
116,112.835,122.100365,117.46768234252929
129,121.865,126.73554,124.30027114868165
79,96.705,85.33081,91.01790527343749
131,130.675,129.8005,130.23775329589844
160,146.895,167.04803,156.97151733398437
100,97.875,81.531425,89.70321273803711
92,105.87,103.522255,104.69612747192383
119,145.235,128.10521,136.67010467529298
169,154.64,170.28607,162.46303588867187
100,95.695,105.8768,100.78590026855468
149,151.915,144.79301,148.35400726318358
56,50.365,57.219505,53.7922526550293
147,138.735,144.95876,141.84687774658204
94,120.295,97.26483,108.77991577148438
94,74.9,80.26756,77.58378143310547
95,97.96,84.85895,91.40947387695311
69,104.59,87.8494,96.21970169067383
66,54.87,58.11604,56.493019638061526
74,99.95,82.41913,91.18456420898437
136,133.22,128.21402,130.71700988769533
70,88.16,71.08715,79.62357528686523
59,64.81,65.455574,65.13278701782227
107,91.6,99.517265,95.5586326599121
106,80.625,93.48258,87.05379104614258
52,51.095,51.512127,51.30356346130371
98,102.845,98.23822,100.54161010742187
85,95.285,86.15195,90.71847351074219
75,75.87,71.20905,73.5395265197754
51,58.47,51.24823,54.859114990234374
65,54.01,64.188675,59.0993374633789
88,96.705,85.593994,91.14949707031249
87,83.005,86.05052,84.52776092529297
20,39.415,30.189024,34.802011985778805
111,80.355,104.728325,92.54166244506837
112,109.175,109.90091,109.53795471191407
124,114.12,114.89775,114.5088754272461
71,82.345,70.086174,76.21558700561523
57,64.18,62.033802,63.106901016235355
134,154.3,125.98041,140.14020385742188
67,70.415,65.05353,67.73426391601564
98,105.575,101.575294,103.57514724731445
97,96.325,94.24713,95.28606567382812
108,119.575,115.93146,117.75322875976562
129,102.97,126.367424,114.66871200561523
184,149.34,171.87192,160.6059588623047
192,164.575,173.34802,168.96151123046874
152,136.2,149.55573,142.87786254882812
156,156.335,163.41208,159.87353942871096
50,59.815,55.866943,57.8409716796875
97,144.875,120.126076,132.50053787231445
87,65.645,81.66207,73.65353561401366
115,106.64,118.19659,112.41829330444335
60,64.525,66.47676,65.50088043212891
56,74.545,68.98137,71.76318450927735
158,143.845,154.68729,149.26614318847658
127,118.12,126.23608,122.17803817749024
110,119.355,118.70144,119.0282194519043
85,80.165,81.07852,80.62176086425782
104,115.885,108.94815,112.41657531738281
139,123.96,127.77025,125.86512420654296
64,75.62,68.39174,72.00586944580078
162,184.38,165.9368,175.15839904785156
177,137.19,164.50854,150.8492724609375
58,57.34,66.22428,61.78214065551758
194,167.035,184.14369,175.58934600830077
155,172.385,152.75676,162.57087982177734
109,108.535,120.60363,114.56931503295898
186,154.86,189.0238,171.94190185546876
144,162.68,159.93962,161.30981048583985
218,216.855,208.94997,212.90248321533204
176,160.62,180.20018,170.41009002685547
338,271.975,286.38513,279.18006591796876
195,125.845,153.09181,139.46840606689454
94,101.68,93.30215,97.49107345581055
162,164.96,169.56067,167.26033447265627
130,125.095,129.89525,127.49512420654297
173,169.43,174.3302,171.88010009765625
75,65.87,72.11921,68.9946046447754
91,102.615,97.52866,100.07183181762696
76,70.415,80.700874,75.55793716430665
104,86.285,94.16809,90.22654541015625
38,59.27,43.48028,51.375140914917
55,75.58,61.507706,68.54385284423827
83,94.645,80.937325,87.79116226196288
44,60.12,64.00475,62.06237655639649
120,125.905,122.54377,124.22438491821289
48,80.52,49.626263,65.07313133239745
61,80.065,68.65876,74.36188003540039
106,103.675,110.88586,107.28042831420899
94,108.9,92.38641,100.64320678710938
85,66.6,77.9285,72.26424865722656
113,98.035,103.02986,100.53243072509765
71,65.455,68.15529,66.80514434814452
89,79.275,80.49582,79.88540954589844
95,119.69,109.97541,114.83270523071289
98,105.36,108.6537,107.00685089111329
67,72.435,75.51467,73.9748356628418
137,137.15,149.97998,143.564990234375
93,93.68,90.94146,92.31072982788086
98,77.16,81.90109,79.53054626464844
65,61.795,59.22858,60.51179023742676
78,67.005,70.57201,68.78850311279297
155,142.155,159.41977,150.78738464355467
60,64.535,57.96765,61.25132568359375
88,87.74,80.715256,84.22762786865235
81,72.28,68.95822,70.61911071777344
84,83.255,82.478,82.86649841308594
45,55.365,50.925476,53.14523803710938
149,150.685,154.62256,152.653779296875
41,52.11,50.163506,51.13675277709961
82,84.975,80.60943,82.79221420288086
99,98.605,93.063324,95.8341619873047
60,54.29,57.89904,56.09452011108398
49,66.76,61.86603,64.31301582336425
25,39.98,35.469894,37.72494720458984
101,87.98,97.18643,92.58321594238282
131,126.15,126.77045,126.46022338867188
63,86.455,66.31841,76.38670639038085
108,114.595,109.34231,111.9686540222168
90,68.58,77.985275,73.28263763427734
48,55.675,57.28716,56.481079483032225
115,116.41,118.13414,117.27207000732422
107,89.16,100.18245,94.67122467041015
84,76.495,81.507996,79.00149780273438
82,122.03,106.014366,114.02218307495117
84,95.89,103.4978,99.6939013671875
66,81.805,59.101234,70.45311721801758
94,111.645,101.84538,106.74519134521483
51,48.41,62.8899,55.649950103759764
73,84.655,76.90934,80.78216995239258
102,121.38,105.1167,113.248349609375
79,80.29,82.26742,81.27870895385743
82,71.27,71.90809,71.589044342041
41,57.46,48.482273,52.971136550903324
114,92.245,106.28088,99.26294189453125
77,76.195,77.6255,76.91025177001953
102,106.09,106.4824,106.2861994934082
47,56.17,54.921993,55.54599662780762
47,66.625,56.244324,61.434661865234375
110,117.2,106.47057,111.83528671264648
113,115.325,119.54973,117.43736419677734
115,92.87,111.09781,101.98390441894531
53,70.425,56.746655,63.58582725524902
123,136.54,117.72296,127.13148071289062
89,91.655,95.2054,93.43019927978516
104,114.285,97.68389,105.98444564819336
105,122.13,111.019356,116.57467788696289
99,128.165,112.85563,120.51031448364257
55,59.555,47.030422,53.29271110534668
102,99.655,92.81397,96.23448623657227
169,172.46,184.11961,178.2898068237305
102,113.185,97.912056,105.54852798461914
107,106.975,113.74466,110.35982971191406
99,84.31,86.86594,85.58796813964844
94,102.435,96.347786,99.39139297485352
136,130.25,135.55458,132.90229034423828
39,54.925,59.014442,56.96972122192383
74,99.27,90.147964,94.70898223876952
109,93.195,99.7302,96.4626008605957
126,138.2,129.02563,133.6128173828125
58,69.14,62.772305,65.95615226745605
46,53.05,44.31013,48.68006553649902
55,52.62,39.368305,45.994152603149416
29,35.61,26.390232,31.00011604309082
16,26.225,23.561398,24.893198776245118
31,40.18,34.23814,37.20907005310059
37,37.08,29.146778,33.113389053344726
32,30.205,31.539146,30.87207321166992
29,29.965,31.380514,30.672757072448732
53,50.405,45.62661,48.01580490112305
30,32.37,25.684975,29.027487335205077
39,39.68,34.101707,36.89085372924805
51,33.18,37.863483,35.52174171447754
30,37.01,31.130419,34.070209388732906
45,65.84,47.719498,56.77974884033203
49,35.835,36.272972,36.0539860534668
41,31.3,36.504288,33.90214385986328
45,39.89,39.270924,39.58046180725098
54,63.155,54.225468,58.69023384094238
27,36.14,24.24565,30.192824668884278
33,39.39,30.849335,35.11966735839844
22,33.515,29.166264,31.340631790161133
35,39.47,34.237076,36.85353790283203
19,24.24,23.31637,23.778185005187986
13,21.98,22.888863,22.434431304931643
37,42.615,38.77175,40.6933757019043
34,32.065,35.313187,33.689093322753905
56,68.39,49.76638,59.0781901550293
36,33.71,36.150322,34.93016098022461
31,32.565,28.508041,30.536520690917968
28,28.235,21.674303,24.954651527404785
19,32.09,22.60728,27.348640365600588
55,68.755,48.822884,58.78894180297851
70,42.675,51.696266,47.1856330871582
58,58.1,61.66185,59.880924987792966
56,76.095,62.774136,69.4345677947998
116,122.44,127.537346,124.98867294311523
114,102.365,97.89688,100.13094055175782
113,95.895,115.2171,105.55605102539062
105,80.14,90.58444,85.36222106933593
86,70.44,77.3822,73.91110107421875
144,139.475,139.58537,139.53018646240236
91,93.96,91.47811,92.71905563354491
90,70.135,76.48874,73.31186950683593
66,57.33,52.97659,55.15329460144043
83,86.97,83.1521,85.0610498046875
80,91.72,85.941055,88.83052764892578
152,149.97,147.64421,148.80710540771486
61,92.53,65.08223,78.8061148071289
77,76.505,75.80465,76.15482467651367
69,66.805,68.16005,67.48252471923828
89,90.42,91.799995,91.10999771118165
108,126.79,109.63496,118.21247817993165
83,74.47,82.53593,78.50296340942383
71,76.455,72.791245,74.62312225341796
40,78.025,47.218975,62.62198753356934
37,63.655,54.968906,59.311953201293946
94,67.925,77.438095,72.68154754638672
108,133.795,120.159195,126.97709747314452
10,37.32,28.796286,33.05814281463623
85,98.765,97.69418,98.22959167480468
105,93.455,93.85955,93.6572752380371
58,65.57,60.07865,62.824325714111325
62,49.98,56.587933,53.283966293334956
64,75.255,70.43836,72.84668106079101
109,109.66,102.31081,105.98540313720703
80,86.37,85.71263,86.04131561279297
74,75.07,73.68406,74.3770295715332
52,54.9,42.598377,48.749188613891604
23,33.5,23.680344,28.590171813964844
20,29.3,25.80747,27.553735160827635
50,39.94,41.12984,40.53492042541504
50,89.5,55.11813,72.3090648651123
61,38.855,47.794285,43.324642410278315
34,38.23,30.946707,34.58835338592529
36,33.675,35.161167,34.418083572387694
31,31.055,29.854183,30.454591598510742
25,32.085,29.364151,30.72457550048828
67,64.795,62.0695,63.43224998474121
55,39.955,40.36107,40.15803436279297
71,43.955,52.16927,48.06213478088379
34,34.755,33.18196,33.968480529785154
42,36.015,35.42752,35.72126037597656
26,29.32,26.562796,27.941397819519043
42,63.965,53.950314,58.95765678405762
16,30.935,26.20016,28.56757953643799
28,27.78,28.24533,28.012665405273438
60,72.99,59.19045,66.09022438049317
28,26.29,29.071238,27.680618782043457
35,37.48,33.425938,35.45296882629394
25,27.735,31.519108,29.627053909301758
47,41.545,42.898136,42.22156806945801
66,73.05,62.172844,67.61142196655274
24,36.645,35.894554,36.2697770690918
63,68.81,81.61272,75.21135833740234
124,104.245,114.67967,109.46233612060547
123,128.14,140.07626,134.10813171386718
71,87.73,82.08617,84.90808319091798
56,68.1,60.635605,64.36780242919922
55,60.085,46.604107,53.34455345153809
56,61.215,54.168835,57.69191734313965
88,75.77,79.33602,77.55301071166991
126,113.5,124.30865,118.90432357788086
81,91.69,74.19807,82.94403335571289
97,109.775,103.36105,106.56802673339844
92,86.225,94.99737,90.61118392944336
105,111.765,107.876564,109.82078201293945
71,80.37,79.41484,79.8924203491211
82,105.2,89.57442,97.3872085571289
141,137.94,153.60912,145.77455780029297
97,97.44,92.99256,95.21628067016601
111,101.305,107.5007,104.40285095214844
50,52.555,62.634907,57.59495338439942
114,106.155,123.59654,114.87577117919922
122,110.685,117.92152,114.30325820922852
64,93.29,68.60711,80.94855453491212
70,110.205,86.319695,98.26234725952148
64,68.82,62.846542,65.83327117919922
74,76.86,73.94551,75.40275543212891
66,98.575,78.01337,88.29418334960937
81,88.5,84.27813,86.38906478881836
108,114.695,117.76888,116.23194137573242
68,76.905,67.68038,72.29269088745117
75,74.73,70.3954,72.56270050048829
67,54.53,57.365498,55.947748794555665
101,102.155,104.34451,103.24975646972656
55,59.085,52.279808,55.6824040222168
102,106.605,100.438255,103.5216276550293
91,87.985,97.43365,92.70932357788087
111,126.475,116.112625,121.29381256103515
67,69.255,71.260925,70.25796264648437
75,86.995,81.666885,84.33094268798828
57,51.095,54.09383,52.59441505432129
102,105.0,97.71395,101.35697555541992
86,80.215,79.088936,79.65196792602539
60,64.21,62.615364,63.41268203735351
54,65.99,60.164825,63.07741271972656
62,55.615,52.747807,54.18140327453614
90,97.55,89.23065,93.39032592773438
78,83.735,65.061676,74.39833801269532
101,128.39,117.61906,123.00452835083007
121,98.54,111.05313,104.79656555175782
88,88.54,88.54964,88.54481842041017
49,60.725,46.818127,53.771563339233396
75,56.785,64.312004,60.54850204467773
72,96.735,80.23927,88.48713653564454
105,108.885,111.04512,109.9650601196289
99,111.7,95.105896,103.40294799804687
60,67.505,62.055374,64.7801870727539
96,94.57,90.10269,92.33634582519531
91,88.43,75.99661,82.21330627441407
60,67.88,62.94487,65.41243499755859
18,36.685,31.282503,33.98375156402588
124,115.785,103.19929,109.49214370727539
91,89.46,87.965576,88.71278808593749
100,80.425,86.64774,83.53637161254883
55,49.195,45.81246,47.50373092651367
57,61.71,61.914116,61.81205795288086
133,147.07,149.9778,148.52389923095703
107,108.875,100.38416,104.62958145141602
51,56.8,48.819344,52.809671783447264
69,78.095,73.89933,75.99716506958008
42,49.61,37.095867,43.35293357849121
131,127.95,118.83884,123.39441833496093
37,55.45,44.584858,50.017428970336915
65,55.535,61.767998,58.65149887084961
76,101.63,88.1925,94.91124862670898
76,81.965,78.24722,80.10611145019531
107,98.02,113.91173,105.96586395263671
111,117.32,109.82621,113.57310501098632
100,102.345,103.10703,102.72601638793945
129,116.975,125.611984,121.29349212646484
83,93.97,81.116,87.54299865722656
72,91.485,85.00843,88.24671524047852
105,100.46,107.15648,103.80823944091796
111,115.735,114.57455,115.15477340698243
100,102.4,110.81583,106.60791320800782
67,72.33,75.857056,74.09352783203124
83,104.99,91.032234,98.01111709594727
30,45.62,42.079124,43.8495622253418
31,54.605,44.427677,49.5163385772705
43,33.74,43.735397,38.7376986694336
45,60.66,52.96468,56.81233985900879
63,94.165,76.953186,85.55909301757814
47,64.83,53.325447,59.077723541259765
82,64.77,76.30859,70.53929687499999
42,55.43,50.128025,52.779012527465824
74,97.21,83.86359,90.53679321289061
52,60.055,64.69091,62.37295516967774
122,108.36,116.67964,112.51982086181641
74,77.04,70.91799,73.97899581909181
59,69.415,65.91863,67.66681625366212
60,59.055,52.64609,55.850545730590824
117,98.64,108.207275,103.4236376953125
89,96.845,89.6792,93.262099609375
77,79.61,69.227394,74.41869705200196
81,93.41,75.43762,84.42381103515625
110,137.995,120.65414,129.32456832885742
79,83.635,85.689705,84.66235244750976
74,81.37,76.06663,78.7183137512207
52,93.245,67.74448,80.49473815917969
123,114.585,119.78119,117.18309448242186
32,63.26,42.134327,52.69716346740722
93,72.475,82.47749,77.4762466430664
106,113.055,109.39687,111.22593673706055
105,128.22,111.198524,119.70926223754883
89,87.165,81.119156,84.14207794189454
185,160.66,177.07188,168.8659420776367
128,130.82,112.140396,121.48019805908203
121,129.16,119.840416,124.50020797729492
200,176.775,187.6425,182.20875091552733
124,107.06,115.52869,111.29434326171875
101,83.135,93.04773,88.09136474609375
112,108.505,107.446625,107.97581237792969
105,109.985,108.99865,109.49182479858399
93,100.575,97.15385,98.86442337036132
64,91.515,73.39922,82.45711166381835
37,51.36,35.58184,43.47092025756836
106,111.585,114.06346,112.82423065185546
95,104.38,98.13015,101.2550749206543
51,53.86,51.107815,52.48390739440918
58,58.585,58.48105,58.53302429199219
28,36.79,37.764336,37.277167816162105
61,86.12,67.499405,76.80970245361328
31,57.19,43.40021,50.29510566711426
59,54.56,57.409134,55.98456695556641
32,59.4,41.734394,50.56719703674317
101,104.105,108.64176,106.37338088989259
46,69.0,64.66085,66.83042526245117
63,71.735,73.743996,72.73949783325196
69,81.515,82.83974,82.17736846923827
98,88.58,92.882,90.73100189208984
43,59.965,73.51187,66.73843566894531
67,125.325,93.683266,109.50413284301757
70,86.185,73.45234,79.81866958618164
99,106.16,99.816185,102.9880924987793
125,103.935,115.66578,109.80038955688477
103,108.525,98.74041,103.63270492553711
102,93.845,94.22702,94.03601013183594
48,61.1,57.60705,59.353525924682614
58,68.55,69.53537,69.04268493652344
103,97.345,95.977325,96.66116271972656
73,83.51,75.96288,79.73644149780273
77,84.595,77.09747,80.84623657226562
58,62.86,64.6693,63.76464813232422
77,68.215,68.304924,68.25996200561524
90,95.775,91.93547,93.85523529052735
59,65.01,61.08172,63.04585922241211
103,107.645,104.77233,106.20866561889648
73,52.915,63.916267,58.41563369750976
163,145.025,145.45755,145.24127502441405
102,82.51,90.00184,86.25591934204101
81,70.97,76.9043,73.9371484375
100,98.185,96.04302,97.11401107788086
31,68.05,51.657818,59.853908920288085
79,101.325,96.87513,99.10006484985351
87,78.71,77.09982,77.90491149902343
42,71.26,49.614407,60.43720329284668
93,110.66,103.81068,107.23533828735351
72,55.56,64.43714,59.99857070922852
125,112.805,115.88731,114.34615310668946
91,71.68,84.29444,77.98722061157227
100,97.72,101.13864,99.42932067871094
101,108.895,102.120384,105.50769210815429
42,53.325,53.504227,53.41461334228516
102,83.875,90.86203,87.36851501464844
122,127.44,139.47868,133.45934173583984
54,61.71,48.846397,55.278198699951176
92,97.17,97.8795,97.52475067138673
60,49.56,54.95536,52.25768020629883
65,70.34,66.56501,68.45250503540039
106,115.77,109.22191,112.49595428466796
88,81.335,94.460724,87.89786193847655
47,65.885,63.374115,64.62955749511718
67,88.98,78.11832,83.54915832519532
88,79.12,85.69102,82.40550857543946
77,96.475,73.09939,84.7871940612793
104,89.02,93.43037,91.22518325805663
88,118.96,100.89851,109.92925689697265
61,61.145,62.193012,61.66900611877442
116,141.075,126.03893,133.55696640014648
40,66.365,49.022175,57.69358741760254
35,45.135,29.647905,37.39145267486572
59,46.95,43.891483,45.420741653442384
50,54.28,43.474228,48.87711395263672
30,31.18,25.631315,28.40565761566162
40,46.08,37.476254,41.77812675476074
33,31.61,26.273348,28.94167392730713
43,35.62,42.838097,39.229048309326174
27,37.905,30.286127,34.09556354522705
39,37.865,36.406487,37.13574325561524
42,48.215,43.945724,46.080362243652345
63,74.84,74.41988,74.62994186401367
35,34.725,31.500633,33.112816619873044
61,44.395,45.982956,45.1889779663086
40,40.18,33.6793,36.92964920043946
65,70.21,49.223656,59.716827850341794
42,38.635,35.66679,37.150895004272456
35,26.555,32.984222,29.769611206054687
72,81.85,76.0158,78.9329002380371
42,42.37,32.74031,37.55515533447266
26,33.565,24.319702,28.94235107421875
42,38.065,40.2316,39.148300857543944
18,35.1,29.20106,32.15052967071533
22,38.045,30.930506,34.48775287628174
39,40.99,36.54334,38.76666938781739
59,69.04,49.93511,59.48755409240723
32,34.115,36.895775,35.5053874206543
72,50.57,56.22569,53.39784446716308
52,37.725,35.394535,36.55976753234863
36,38.61,30.70249,34.656244926452636
48,60.89,51.818417,56.35420829772949
81,103.815,83.01835,93.41667434692383
76,66.425,75.87319,71.14909591674805
47,63.035,61.004574,62.01978691101074
169,133.75,160.84364,147.29682159423828
143,108.47,117.4401,112.95505081176758
125,97.18,116.835144,107.00757202148438
75,97.075,77.81962,87.44730911254882
105,100.76,99.947655,100.35382736206054
88,100.855,89.51645,95.1857244873047
86,108.075,93.15882,100.61691055297851
89,76.945,85.92042,81.43270889282226
53,55.49,45.167973,50.32898628234864
78,71.645,75.29007,73.46753479003905
95,103.335,93.58225,98.45862625122069
155,145.18,147.49539,146.33769592285157
85,73.375,71.97491,72.67495346069336
117,113.24,108.96455,111.10227310180665
79,72.26,78.12978,75.19489181518554
73,70.945,78.33696,74.64097991943359
69,95.05,82.39432,88.72215881347657
83,97.56,84.42121,90.99060562133789
52,53.825,51.511208,52.668103790283205
79,86.025,83.28155,84.65327377319336
117,114.97,111.69793,113.33396469116211
101,89.38,92.603,90.99149841308594
89,87.73,81.11527,84.42263626098634
72,71.13,71.65449,71.39224380493164
61,90.855,74.83596,82.8454801940918
72,70.82,72.509186,71.66459289550781
78,87.625,92.19985,89.91242599487305
68,78.835,78.46694,78.65097091674804
111,87.525,98.15083,92.83791656494141
64,64.175,72.0122,68.09359970092774
49,49.365,44.787918,47.07645904541016
55,56.65,59.96268,58.3063404083252
103,118.585,116.729,117.65699813842772
66,68.17,63.21087,65.69043441772462
131,130.845,123.89582,127.37041030883789
76,80.37,75.10414,77.73707061767578
88,84.85,86.49948,85.67474060058593
103,97.855,95.37864,96.61681961059571
100,91.56,93.07109,92.3155453491211
57,66.84,56.008617,61.424308700561525
50,65.66,47.40171,56.53085525512695
32,42.1,23.595772,32.84788589477539
18,28.59,16.50316,22.546580238342287
33,40.825,37.04193,38.933465576171876
20,34.895,23.552828,29.223913917541505
31,37.81,34.656105,36.233052520751954
52,62.425,43.216908,52.82095375061035
22,31.575,27.474537,29.524768447875978
46,34.66,37.782475,36.22123725891113
51,43.09,41.092106,42.09105293273926
89,78.395,77.66655,78.03077484130858
33,39.075,30.43297,34.75398502349854
27,36.62,34.22033,35.42016464233399
63,39.92,55.501003,47.71050163269043
43,39.21,34.466946,36.838472824096684
4,22.85,10.831531,16.840765285491944
39,36.89,36.028587,36.4592936706543
31,36.9,26.490364,31.695182037353515
36,37.33,31.427387,34.37869361877441
35,25.27,30.877464,28.073732147216795
67,67.89,64.77318,66.33158905029296
34,41.535,39.41451,40.47475440979004
36,41.735,37.697487,39.7162434387207
24,27.425,26.809378,27.11718883514404
24,25.215,23.626945,24.420972747802736
36,31.78,33.57884,32.67941917419434
62,68.825,58.037804,63.43140182495117
45,32.295,39.479282,35.887141189575196
36,36.805,32.184383,34.494691696166996
22,33.44,25.061453,29.250726432800292
56,39.655,43.638073,41.64653648376465
65,81.925,58.93225,70.42862548828126
46,63.38,48.64442,56.012210311889646
73,90.6,71.96782,81.28390960693359
70,65.29,69.43115,67.36057617187501
82,99.955,87.05781,93.50640396118163
49,56.87,58.223877,57.5469384765625
90,101.805,93.89971,97.85235580444336
161,143.27,149.2921,146.2810494995117
73,92.04,71.656,81.84799911499024
72,78.21,81.947365,80.07868240356444
117,105.005,111.56203,108.28351348876953
94,85.06,94.33335,89.69667556762695
51,61.165,53.35516,57.26007987976074
112,113.255,114.037254,113.64612716674804
111,94.615,114.38254,104.49876892089844
87,97.74,88.29571,93.01785385131836
93,80.075,87.35704,83.71602020263671
54,58.68,58.599827,58.639913406372074
103,106.79,103.88561,105.3378062438965
130,120.58,137.26324,128.92162231445312
78,63.23,67.50387,65.36693405151367
91,106.185,89.46309,97.82404449462891
168,149.95,169.89302,159.9215103149414
67,61.63,66.057335,63.84366744995117
82,94.235,84.36158,89.29828994750977
78,96.515,90.76313,93.63906509399413
62,62.505,57.02111,59.76305526733398
73,60.35,64.02644,62.18822174072265
72,82.315,74.696014,78.50550720214844
91,95.455,90.76671,93.11085418701171
90,88.66,97.32041,92.99020584106445
77,88.865,71.35169,80.10834609985352
88,101.37,86.58061,93.9753060913086
94,84.965,91.9265,88.44574920654297
44,39.725,40.261955,39.99347763061523
100,100.66,106.72576,103.69288070678711
134,143.225,142.89677,143.0608871459961
109,83.175,107.183235,95.17911758422852
164,168.455,156.5895,162.5222463989258
139,122.135,129.60046,125.86773193359375
176,167.2,168.17125,167.6856246948242
150,140.79,151.15724,145.9736209106445
77,61.135,73.10289,67.11894500732421
137,127.035,148.54935,137.79217346191405
130,129.845,130.32169,130.08334289550783
159,186.01,155.34795,170.6789730834961
93,87.395,93.09758,90.24628997802733
68,81.52,78.18269,79.85134674072265
80,84.53,82.23561,83.38280548095703
211,152.95,183.4727,168.2113510131836
222,202.65,209.85239,206.25119323730468
164,165.88,170.68373,168.28186553955078
96,105.14,90.18562,97.66281158447265
207,179.54,202.91621,191.2281069946289
107,124.905,106.123795,115.51439727783203
126,134.42,126.756905,130.58845230102537
154,148.275,155.46472,151.86986083984374
131,107.26,121.62681,114.44340408325195
115,142.115,118.89812,130.50655853271485
137,122.33,140.13264,131.23132232666015
68,68.955,69.25343,69.10421661376952
96,135.165,111.88961,123.52730514526367
101,115.575,108.26098,111.91798934936523
90,103.385,92.42191,97.90345657348632
101,99.905,97.71562,98.8103109741211
82,77.195,80.06819,78.63159576416015
154,139.8,151.87624,145.83811798095704
120,108.485,109.64327,109.06413619995118
171,141.49,143.85759,142.67379486083985
197,170.21,192.84256,181.52627990722658
117,117.15,113.84687,115.49843521118164
98,96.035,91.6535,93.84425170898437
141,159.16,160.62654,159.89327056884764
117,125.3,122.95882,124.12940826416016
144,156.62,150.2435,153.4317498779297
164,154.6,149.27197,151.935986328125
92,110.41,102.014595,106.21229751586914
184,176.735,182.77965,179.75732391357423
132,164.365,155.26048,159.81274139404297
65,60.455,69.888885,65.17194274902343
206,159.385,193.01375,176.19937408447265
86,104.065,97.30173,100.68336364746094
91,135.99,99.283394,117.63669692993165
168,206.24,188.14508,197.19254028320313
90,90.93,93.82597,92.3779867553711
160,146.53,157.48247,152.00623382568358
107,123.595,115.660774,119.62788711547852
135,102.695,124.127426,113.41121307373047
30,54.245,35.22904,44.7370191192627
96,123.805,111.14424,117.47462066650391
136,142.25,152.70282,147.47640991210938
135,128.255,128.5424,128.39870208740234
84,85.165,81.78077,83.47288467407228
71,65.8,68.16537,66.98268356323243
149,144.06,146.05899,145.0594952392578
93,66.28,80.059204,73.16960205078125
48,40.2,49.0549,44.62745056152344
141,174.03,146.08296,160.0564810180664
103,93.09,94.23915,93.66457550048828
99,106.83,106.44962,106.63981155395507
121,120.96,126.42717,123.69358489990233
112,111.255,117.98389,114.619443359375
167,135.945,150.40422,143.17461029052734
96,85.815,100.25059,93.03279373168945
140,127.6,154.41228,141.00613861083986
98,114.28,112.78921,113.53460372924805
93,100.93,100.79357,100.86178573608399
153,151.93,143.33167,147.63083251953125
83,89.79,91.718254,90.75412704467774
162,153.695,160.62823,157.16161743164062
58,52.025,66.707886,59.36644287109375
115,115.035,121.84057,118.43778427124023
145,135.445,137.4172,136.43110290527343
198,146.275,189.6602,167.96760101318358
71,100.745,90.88053,95.81276565551758
170,187.89,187.39139,187.64069396972656
157,158.86,163.47691,161.16845672607423
126,152.675,140.27855,146.47677459716797
146,137.03,142.3378,139.6838995361328
84,92.995,85.08476,89.0398812866211
96,91.135,91.72072,91.42785919189453
107,153.67,118.32956,135.99977966308592
63,63.805,60.877098,62.34104904174805
106,137.39,106.5033,121.94665176391601
95,98.48,94.8397,96.65984939575196
53,64.065,53.994774,59.029886932373046
64,49.465,55.697903,52.58145133972168
74,81.345,84.19895,82.7719758605957
63,56.92,66.12729,61.52364440917969
72,87.235,80.313896,83.77444808959962
103,116.01,101.876755,108.94337738037109
83,72.49,72.64702,72.5685092163086
88,82.01,88.02035,85.01517379760742
80,71.875,76.93722,74.40610885620117
88,86.15,85.967865,86.05893249511719
53,56.675,61.062424,58.86871185302734
157,127.415,137.73524,132.5751223754883
40,68.865,46.47658,57.67079078674316
64,45.27,58.740986,52.00549293518067
58,73.075,69.86376,71.46938095092773
77,71.795,68.32795,70.0614747619629
70,81.475,70.35898,75.91698913574218
71,67.73,78.180786,72.95539306640626
164,136.05,142.70438,139.37718811035157
56,66.62,51.399845,59.00992256164551
64,90.7,69.79171,80.24585494995117
80,70.41,75.10014,72.75507171630859
106,130.935,104.58742,117.76120880126953
87,104.48,77.695045,91.08752273559571
67,59.5,64.709625,62.10481262207031
74,103.005,84.586006,93.79550308227539
100,117.07,114.03878,115.55439010620117
99,85.155,90.597435,87.8762174987793
179,147.41,159.06552,153.23776062011717
140,107.905,121.82728,114.86613906860352
16,49.47,29.790731,39.630365715026855
90,102.635,105.90015,104.2675732421875
114,108.135,115.06315,111.59907424926757
116,125.525,124.475685,125.00034255981446
146,146.38,155.11708,150.74854034423828
136,114.445,130.0501,122.24754730224609
203,176.01,190.62447,183.3172329711914
108,107.22,122.51849,114.86924682617187
95,98.02,91.36667,94.69333435058593
168,141.55,158.89908,150.22453918457032
176,180.645,171.52141,176.08320404052733
369,262.68,324.48196,293.5809820556641
72,71.47,83.620186,77.54509292602539
188,150.825,177.52525,164.1751266479492
200,177.55,184.97716,181.26357879638672
146,138.205,130.77155,134.48827270507815
119,129.725,123.905754,126.81537704467773
87,78.385,79.397095,78.89104736328125
169,197.53,180.64766,189.0888296508789
174,176.315,185.36266,180.83882781982422
154,158.83,164.41754,161.62377075195315
161,156.825,176.85645,166.84072265625
135,120.375,129.13496,124.7549819946289
158,159.675,166.0151,162.84505310058594
186,145.945,179.60577,162.77538696289062
134,157.635,139.57878,148.60689056396484
167,175.175,174.52408,174.84953918457032
159,171.405,147.77748,159.59124053955077
156,146.425,149.66599,148.04549255371094
148,155.78,142.74997,149.26498474121092
185,164.175,182.6064,173.3906997680664
142,114.535,120.663864,117.59943206787109
59,73.305,57.41192,65.35845932006836
132,130.31,142.65582,136.48291137695313
84,97.33,86.26308,91.79653839111327
120,123.105,127.78848,125.44674133300782
108,138.15,118.60403,128.37701339721679
42,56.55,47.78858,52.169290924072264
43,71.775,57.639954,64.70747680664063
125,115.93,123.75876,119.84437927246094
46,67.59,57.643253,62.61662666320801
42,71.715,52.289227,62.00211326599121
84,88.11,83.206535,85.65826766967774
43,49.985,47.104923,48.54496162414551
87,85.255,72.437294,78.84614700317383
84,80.95,87.54889,84.24944458007812
47,44.38,46.48334,45.431670608520506
52,70.995,59.79765,65.39632469177246
82,88.975,79.72355,84.34927444458008
97,113.01,99.179375,106.0946873474121
107,102.945,91.39167,97.16833511352539
91,93.585,83.082115,88.33355758666991
90,90.805,84.0779,87.4414518737793
76,84.98,78.75415,81.86707519531251
100,137.155,106.012184,121.5835920715332
170,159.515,167.76155,163.63827545166015
57,82.24,74.7133,78.47665130615235
143,120.17,128.74596,124.45797821044923
111,110.2,118.05494,114.12746963500976
95,86.165,92.9545,89.55974914550782
170,147.765,167.56207,157.66353637695312
168,151.88,182.40562,167.14281219482422
58,72.675,65.27279,68.97389450073243
109,107.95,116.57307,112.26153335571288
161,142.3,167.34183,154.82091369628907
93,92.05,100.215126,96.13256301879883
92,130.515,123.14772,126.83136016845702
117,125.535,121.523834,123.52941711425781
121,127.135,136.12238,131.62868774414062
107,130.045,113.425865,121.73543258666992
139,95.625,117.75961,106.69230651855469
134,147.805,149.85413,148.82956298828125
115,113.475,120.50131,116.98815612792968
109,113.24,108.10378,110.6718913269043
157,163.205,168.43713,165.82106689453127
253,181.94,220.80225,201.371123046875
90,89.69,94.254005,91.97200271606445
142,119.485,134.80205,127.1435238647461
111,125.225,107.32534,116.27517013549804
242,168.39,196.53958,182.46479064941406
251,173.4,219.77432,196.5871612548828
219,175.94,202.38771,189.16385528564453
177,176.675,170.29164,173.4833206176758
85,83.68,89.68344,86.68172058105469
118,130.53,125.33017,127.93008483886719
119,100.625,108.576866,104.60093307495117
150,151.66,152.70033,152.18016632080077
138,150.33,144.46121,147.39560607910158
161,160.885,153.52136,157.20318115234375
112,110.11,103.874794,106.99239700317383
240,204.865,231.56161,218.2133074951172
198,166.89,184.29155,175.5907748413086
216,195.835,207.56331,201.69915435791017
174,162.21,171.01822,166.61410949707033
105,93.415,99.57694,96.49597122192384
158,136.055,151.00038,143.52769073486328
78,77.46,84.851944,81.15597198486327
112,121.73,128.39764,125.06382202148438
102,116.195,100.357925,108.27646270751953
99,89.415,89.111176,89.2630877685547
177,174.37,177.36046,175.86522918701172
140,111.565,129.17914,120.37206909179687
134,142.875,144.17174,143.52336883544922
111,143.805,124.28065,134.04282363891602
188,215.315,212.12804,213.72151824951172
135,135.395,132.10825,133.75162292480468
66,68.48,62.174973,65.32748626708985
96,94.08,109.04655,101.56327346801757
86,74.1,77.38097,75.74048309326172
147,145.4,156.1566,150.7783004760742
109,83.94,95.208176,89.57408782958984
79,92.06,87.11801,89.58900573730469
133,125.3,132.99649,129.14824523925782
87,93.495,100.378716,96.93685775756836
130,125.06,137.41586,131.2379315185547
156,153.05,159.61989,156.33494415283204
93,111.36,105.08612,108.22306030273438
151,142.275,152.8948,147.58490295410155
116,152.125,136.36824,144.24662017822266
110,102.53,97.61193,100.07096542358398
138,117.195,125.162735,121.17886749267578
64,65.37,64.93069,65.1503434753418
110,125.185,125.65943,125.42221572875977
104,100.95,116.17541,108.56270370483398
107,90.505,99.39443,94.94971603393554
88,104.675,95.52465,100.09982528686524
111,104.72,114.982956,109.8514779663086
114,115.375,117.18286,116.2789306640625
130,114.295,123.66285,118.97892471313477
205,170.98,196.38844,183.68422149658204
105,124.65,113.70855,119.17927474975586
157,145.99,153.78578,149.8878909301758
104,107.07,119.28983,113.17991653442382
193,192.04,195.82196,193.93098022460936
156,127.03,139.77261,133.4013067626953
125,116.31,122.0673,119.18864944458008
69,69.345,65.32497,67.33498321533203
74,75.3,67.85407,71.5770362854004
79,93.525,86.86086,90.1929313659668
214,224.29,218.82979,221.5598941040039
90,77.46,82.68988,80.07494018554686
98,98.34,103.07742,100.70871154785156
164,150.815,163.27258,157.04379150390625
136,92.67,107.54394,100.10696884155274
71,79.575,77.77639,78.67569503784179
128,124.54,129.5134,127.02669860839845
123,142.805,121.35852,132.08176025390625
92,110.935,103.47623,107.20561340332031
131,118.46,127.93427,123.19713638305663
87,91.225,93.54967,92.38733367919922
93,89.61,83.2056,86.40779846191407
88,88.925,83.4102,86.1676010131836
168,146.875,165.55606,156.2155303955078
92,85.625,84.98251,85.30375671386719
70,61.585,66.08693,63.835964660644535
47,57.03,55.91172,56.470860137939454
118,102.945,116.39363,109.66931549072265
102,111.38,103.691124,107.53556198120117
70,71.85,67.687386,69.76869277954101
143,128.5,138.99619,133.7480926513672
164,124.735,137.99437,131.36468475341798
144,142.16,145.66936,143.91467864990233
109,95.23,99.910355,97.57017730712892
86,91.205,95.06043,93.13271621704101
136,118.405,137.09721,127.7511068725586
92,117.03,111.068275,114.04913772583008
78,90.395,86.82402,88.60951019287108
258,193.175,230.03255,211.60377349853516
55,74.61,76.39339,75.50169342041016
102,102.435,110.925156,106.68007781982422
129,128.325,130.06099,129.1929946899414
128,131.165,125.06057,128.11278488159178
135,116.615,117.48958,117.05228912353516
177,174.075,164.34259,169.20879516601562
160,129.19,144.40639,136.79819366455078
89,90.23,87.7398,88.98489974975587
147,151.525,160.35095,155.93797607421874
149,148.65,147.84726,148.24862976074218
81,79.165,77.94541,78.55520584106446
212,195.26,206.42776,200.84388244628906
140,136.96,126.28159,131.62079666137697
141,126.205,129.19312,127.69905761718749
141,177.34,150.07169,163.70584289550783
143,133.615,130.33887,131.97693359375
137,148.19,131.8996,140.04479858398437
185,163.59,170.12607,166.8580340576172
37,43.94,50.777473,47.358736724853514
104,124.795,123.044075,123.91953750610352
121,125.945,115.32227,120.63363662719726
144,154.655,157.7527,156.20385040283202
152,136.95,140.773,138.8614974975586
85,88.865,82.29552,85.58025848388672
111,119.795,108.65712,114.22605987548829
142,118.685,126.869316,122.77715805053711
148,136.455,141.1072,138.78109649658205
186,188.565,194.06613,191.31556579589844
150,110.49,135.44061,122.96530639648438
131,119.6,141.52705,130.56352691650392
94,92.985,97.623505,95.30425231933594
166,198.875,195.86714,197.3710708618164
159,205.965,186.80443,196.38471405029298
132,118.76,143.90172,131.3308590698242
85,93.335,88.47778,90.90639160156249
147,132.11,145.37737,138.74368255615235
139,128.82,138.98357,133.90178314208984
86,83.525,82.215805,82.87040252685547
127,108.47,120.96257,114.71628509521484
109,132.295,116.22365,124.25932403564452
93,89.045,100.854744,94.94987197875977
178,166.385,177.22183,171.8034161376953
150,147.985,150.67368,149.3293377685547
175,164.355,161.86966,163.11232971191407
94,94.835,96.7508,95.79290054321288
164,156.875,161.21524,159.0451202392578
150,130.0,143.94214,136.9710693359375
113,140.745,128.41528,134.5801416015625
169,145.91,154.82602,150.36800964355467
82,83.815,73.76114,78.78806945800781
111,90.675,96.50953,93.59226455688477
83,97.185,99.72023,98.45261505126953
139,123.325,127.6024,125.46370086669921
62,61.53,57.770897,59.65044845581055
43,52.87,44.21669,48.54334503173828
190,144.79,159.14543,151.96771575927733
167,154.345,167.53766,160.94132934570314
104,108.405,108.923775,108.66438735961914
132,173.53,149.59866,161.56433166503905
108,121.365,120.8738,121.1194010925293
96,93.32,96.464165,94.89208236694336
110,114.735,117.7995,116.26724975585938
162,142.845,169.13832,155.9916604614258
120,152.775,145.44948,149.11223907470702
153,140.795,157.36029,149.07764526367185
141,151.53,153.63756,152.5837789916992
199,163.75,182.88881,173.31940460205078
115,138.185,124.82403,131.50451400756836
197,145.405,174.61235,160.00867523193358
132,146.99,136.08844,141.53921997070313
206,173.455,175.04697,174.2509832763672
158,171.42,164.6366,168.02829833984373
81,79.415,76.394936,77.90496780395509
68,85.485,81.03271,83.25885360717774
125,116.525,127.3188,121.92190093994141
93,114.19,101.95075,108.07037612915039
132,160.34,146.10602,153.22300903320314
147,113.355,117.477325,115.41616271972657
68,84.34,70.52791,77.43395416259766
66,40.4,58.471565,49.43578262329102
114,149.42,127.57351,138.49675460815428
56,65.94,50.542072,58.24103614807129
100,102.395,105.516106,103.95555282592773
104,88.06,86.01422,87.03711059570313
25,43.32,32.416183,37.86809173583984
83,93.075,100.1016,96.58830032348632
79,78.045,74.59837,76.32168670654298
100,93.705,84.86423,89.28461364746093
87,74.18,74.66316,74.42158111572266
74,102.745,86.41161,94.57830673217774
71,64.34,66.74562,65.54281036376953
90,96.33,95.77138,96.05068878173827
134,98.27,125.951996,112.11099792480468
120,101.375,107.663086,104.51904296875
88,98.91,95.289185,97.09959228515625
38,56.985,51.06572,54.02535980224609
58,56.02,55.55208,55.78603912353516
30,49.565,45.804127,47.684563369750975
84,94.315,92.07673,93.19586441040039
127,131.035,122.684586,126.85979278564453
98,80.125,86.40425,83.2646255493164
64,70.42,74.4336,72.42680068969727
50,55.935,60.091946,58.01347282409668
156,110.925,138.0104,124.46770324707032
66,77.565,58.481018,68.02300903320312
78,81.325,80.73547,81.03023681640624
55,81.01,69.250786,75.13039291381835
97,74.565,86.44855,80.50677368164062
118,102.66,104.946556,103.8032780456543
139,153.11,153.64742,153.3787075805664
176,145.61,162.82619,154.21809356689454
80,83.165,90.07659,86.62079574584962
149,157.87,145.90695,151.88847595214844
92,88.09,88.94343,88.51671401977539
155,149.525,157.65945,153.59222717285155
131,116.01,133.17136,124.59067810058593
136,137.265,143.74173,140.50336486816406
134,133.045,142.19868,137.62184234619139
103,117.61,107.30446,112.45722930908204
126,102.22,118.35029,110.28514419555664
108,128.845,113.97047,121.40773330688477
109,100.14,105.6736,102.90679962158202
119,117.105,122.63366,119.8693296813965
109,115.79,115.98449,115.887244720459
152,130.14,144.59384,137.36692077636718
61,67.995,71.72441,69.8597055053711
124,155.185,145.48701,150.3360073852539
93,114.375,108.43084,111.40291976928711
121,120.4,124.03635,122.21817321777344
130,115.18,142.34944,128.76472076416016
125,128.79,133.54681,131.16840698242186
103,119.78,116.81747,118.29873336791992
75,68.035,70.908325,69.47166259765625
147,143.74,150.10915,146.92457305908204
135,132.485,136.41277,134.44888275146485
172,163.97,164.0925,164.03124938964845
164,137.125,154.63412,145.8795623779297
79,57.725,75.291176,66.50808792114258
118,123.17,133.8323,128.50115295410157
148,146.97,148.6347,147.8023522949219
73,101.18,87.74076,94.46038040161133
88,95.175,86.594444,90.88472213745118
71,59.26,62.130604,60.6953018951416
64,92.83,91.534096,92.18204788208007
103,127.905,119.8233,123.86415161132813
139,158.635,147.53197,153.08348358154296
90,101.465,84.26632,92.86565963745117
88,76.59,81.50291,79.0464533996582
90,85.105,95.72697,90.41598342895509
58,70.405,70.60716,70.50608123779297
97,94.81,102.585365,98.69768264770508
96,89.26,87.4482,88.3540982055664
152,107.25,123.7817,115.51585006713867
97,106.215,99.30277,102.75888626098633
55,70.305,66.069496,68.18724807739258
116,134.58,128.07129,131.32564453125002
100,89.89,82.27531,86.08265335083007
91,113.43,103.09229,108.26114639282227
51,69.545,54.5783,62.06165023803711
61,83.7,73.04002,78.37001190185546
91,80.635,87.41263,84.02381408691406
134,101.34,114.719376,108.02968780517578
83,95.195,83.04851,89.12175384521484
75,63.5,62.354595,62.927297592163086
76,79.94,73.17896,76.55948135375976
77,79.105,81.808395,80.4566976928711
53,56.205,53.010887,54.607943572998046
111,109.765,116.03507,112.90003616333007
85,75.52,75.25718,75.38858963012694
65,58.775,62.430946,60.60297317504883
79,68.485,73.63273,71.05886428833008
88,117.645,88.86946,103.25723052978515
35,52.17,53.10701,52.63850494384766
51,53.755,56.29315,55.02407592773437
76,88.7,76.549515,82.6247573852539
131,138.475,119.46536,128.97018127441407
80,69.94,67.13327,68.53663513183594
62,55.95,55.449352,55.69967613220215
96,88.125,101.40832,94.76665878295898
58,72.94,57.39203,65.16601440429687
108,105.98,107.91942,106.94970916748048
87,86.895,90.840935,88.86796737670898
159,116.15,138.45094,127.30047149658203
178,153.885,177.38084,165.63292205810546
94,92.63,117.278275,104.9541372680664
105,106.135,99.471855,102.8034275817871
120,107.61,112.03872,109.82435958862305
92,98.105,95.42465,96.7648260498047
62,59.87,63.610252,61.74012619018555
131,143.36,139.87395,141.61697357177735
83,89.51,89.06393,89.28696334838867
164,126.19,142.3965,134.29324981689453
152,157.31,157.86888,157.58944061279297
33,42.88,46.16794,44.523969116210935
153,148.76,154.75664,151.7583187866211
131,119.16,135.58696,127.37347991943359
203,206.175,199.35,202.76250305175782
153,147.4,150.5736,148.9867965698242
154,153.28,149.70444,151.49221862792967
114,85.98,101.81006,93.89502929687501
168,164.0,172.51305,168.25652313232422
229,219.43,232.98804,226.2090185546875
86,112.395,95.598206,103.99660278320312
72,40.225,70.52414,55.374569702148435
122,121.77,129.71223,125.74111724853515
194,170.21,191.5477,180.8788494873047
165,149.8,162.3966,156.09830322265626
229,192.175,211.70616,201.94058074951172
50,78.24,87.019325,82.62966262817383
242,182.275,211.29337,196.7841827392578
246,208.47,244.1784,226.3242028808594
133,124.75,131.84706,128.29853057861328
171,155.665,170.07986,162.87243225097654
140,128.19,128.84607,128.51803466796875
143,159.265,135.94484,147.60491973876952
175,196.67,185.0486,190.859299621582
119,114.005,118.34349,116.17424530029297
124,123.635,125.512856,124.57392776489257
135,147.76,141.81844,144.78921783447265
100,115.1,109.48331,112.29165344238281
25,57.82,24.11658,40.96828952789306
134,109.05,114.9905,112.0202507019043
106,77.775,89.77394,83.77447052001953
139,122.1,133.81392,127.9569595336914
56,87.635,64.14154,75.88827026367187
87,84.03,75.59693,79.81346572875977
110,113.67,104.97698,109.32349105834962
170,184.515,166.9072,175.71109802246093
99,105.885,112.19936,109.04218185424804
119,106.705,104.96702,105.8360090637207
61,65.595,70.09464,67.84482131958008
76,91.275,73.11938,82.19718856811524
132,108.35,120.37856,114.36428146362304
87,90.325,89.93358,90.12928924560546
216,183.875,212.39024,198.13262176513672
89,104.75,82.18287,93.46643447875977
119,119.765,125.0017,122.38335067749023
82,68.6,80.18315,74.39157562255859
152,151.425,144.86568,148.1453384399414
68,72.785,66.96626,69.8756314086914
147,124.615,136.49892,130.5569583129883
68,69.07,73.01645,71.04322448730468
98,91.005,86.4463,88.72564834594726
79,77.67,75.20703,76.43851562500001
172,152.36,149.62672,150.99336212158204
197,189.16,206.74252,197.95126159667967
149,146.915,147.85149,147.38324310302733
142,110.105,128.23175,119.16837524414063
106,102.03,109.50666,105.76833023071289
125,123.985,128.62921,126.30710571289063
113,92.875,106.15581,99.5154037475586
132,119.335,129.842,124.5884976196289
102,110.27,96.95889,103.6144464111328
213,199.45,204.18198,201.81598815917968
64,85.16,60.254787,72.70739372253418
72,79.46,76.989204,78.22460220336913
97,100.93,92.61434,96.77217086791993
86,94.74,90.62061,92.68030654907227
195,181.04,189.64365,185.34182312011717
129,127.675,133.19556,130.4352783203125
137,133.525,135.69814,134.61156768798827
73,95.125,73.67652,84.40076065063477
79,106.365,93.33102,99.84800827026368
121,131.225,124.43746,127.83123092651367
139,118.075,127.90077,122.98788604736328
155,157.475,154.1534,155.81419830322267
189,136.025,161.3129,148.6689483642578
133,113.175,117.92325,115.54912414550782
163,156.685,160.98593,158.8354656982422
111,101.42,114.290215,107.85510726928712
91,90.76,100.02516,95.39258087158203
157,155.54,160.60066,158.07033111572264
124,119.9,128.52263,124.21131439208985
134,181.67,166.60674,174.13836761474607
152,160.565,158.23857,159.4017855834961
93,89.265,87.86278,88.56388885498046
132,117.555,132.61607,125.08553680419922
132,132.09,136.56898,134.3294924926758
204,176.785,195.83144,186.30821807861327
123,135.125,125.070816,130.09790802001953
132,132.61,131.33315,131.9715725708008
115,98.895,111.13962,105.01730895996093
101,113.415,105.226,109.32049896240235
78,69.92,72.29089,71.10544677734376
118,117.775,130.4269,124.10094757080078
189,181.415,177.10861,179.26180603027342
53,77.875,68.144196,73.00959777832031
92,90.555,90.58474,90.5698698425293
144,129.53,135.70422,132.61711181640624
115,93.04,103.706245,98.37312271118165
132,139.365,138.51973,138.9423648071289
186,156.755,178.38545,167.5702261352539
187,167.16,190.14842,178.65421112060545
96,106.49,89.62505,98.05752670288086
137,122.775,123.93889,123.35694427490235
116,87.845,100.889496,94.36724792480469
111,140.395,135.36797,137.88148284912108
151,133.14,151.37639,142.25819427490234
169,178.535,174.39822,176.46661193847655
72,107.775,80.6389,94.20695037841797
29,64.035,21.75808,42.896539764404295
22,36.88,16.95409,26.917045059204103
33,43.745,25.638237,34.69161849975586
7,21.94,15.003896,18.47194787979126
32,37.875,33.4676,35.67130088806152
38,28.995,29.400957,29.197978553771975
44,33.0,39.085255,36.04262733459473
18,20.13,24.218416,22.174208106994627
22,39.11,23.844467,31.47723358154297
17,26.18,23.392565,24.786282386779785
34,33.425,37.314663,35.3698314666748
56,24.13,39.68942,31.909709396362302
48,31.28,46.781273,39.0306364440918
18,20.665,18.037159,19.351079483032226
33,30.28,30.66901,30.47450508117676
26,27.63,26.386837,27.008418502807615
28,29.705,32.81193,31.25846580505371
29,20.5,23.643318,22.071659088134766
14,17.655,14.548142,16.101571216583253
39,27.99,35.697803,31.843901748657224
48,30.005,44.02628,37.01563972473144
47,38.535,38.979214,38.7571068572998
31,32.315,31.113384,31.714192123413085
45,23.31,33.935917,28.622958450317384
37,38.745,37.4271,38.086050567626955
73,69.755,69.926476,69.84073776245117
67,35.08,44.5318,39.805899658203124
55,48.16,43.40085,45.780424194335936
20,26.225,23.258242,24.741620826721192
18,22.645,17.861683,20.25334144592285
27,31.965,30.770058,31.36752883911133
68,67.02,62.195824,64.60791183471679
35,34.535,32.999615,33.767307357788084
108,122.43,117.89658,120.16329177856446
161,144.835,159.99731,152.41615722656252
168,132.275,157.25981,144.76740570068358
47,81.445,36.470768,58.957883987426754
157,99.97,137.55223,118.76111541748047
87,90.34,87.314766,88.82738296508789
140,143.91,140.14452,142.02725799560545
101,112.425,115.27211,113.84855499267579
99,98.265,95.86521,97.0651057434082
67,68.195,69.46905,68.83202377319336
67,77.335,63.464123,70.39956138610839
133,132.51,130.75319,131.63159454345703
64,87.855,71.4638,79.65939926147462
142,139.575,131.08939,135.33219299316406
50,50.965,50.376324,50.67066184997559
103,88.71,89.24601,88.97800491333007
132,132.875,129.56317,131.21908569335938
116,123.135,117.20098,120.16799057006835
50,44.295,51.123135,47.709067306518556
126,100.94,126.51339,113.72669479370117
117,109.11,112.67177,110.89088409423829
215,184.68,193.12906,188.90452941894532
105,106.675,95.87868,101.27683868408204
23,43.09,27.518963,35.30448143005371
157,102.13,127.51386,114.82193130493164
155,143.9,149.24759,146.57379455566405
198,193.625,197.5003,195.56265258789062
178,195.045,195.43608,195.24054046630857
119,116.28,111.09717,113.688583984375
80,98.235,95.43235,96.83367507934571
76,95.205,80.117256,87.66112808227538
31,51.58,41.938904,46.759451904296874
98,104.525,101.41115,102.96807403564453
59,84.32,64.92837,74.62418380737304
30,36.355,28.637514,32.496257057189936
5,21.135,10.59647,15.865734939575196
33,33.715,31.66558,32.69029037475586
17,36.165,15.791066,25.978033084869384
57,39.63,48.462982,44.046491088867185
26,34.585,27.3055,30.94525001525879
40,28.41,32.47756,30.443779067993162
23,20.605,25.917845,23.261422386169436
36,28.37,30.63497,29.502484855651858
55,56.975,51.24147,54.10823516845703
15,21.135,21.751463,21.443231468200686
14,25.005,22.767502,23.88625091552734
36,19.835,28.096731,23.965865592956543
19,28.75,22.429306,25.58965301513672
25,26.64,32.01536,29.327680892944336
12,17.74,19.296377,18.518188591003415
11,17.55,18.258724,17.90436210632324
21,26.5,28.940226,27.720112800598145
43,30.13,35.491707,32.81085342407226
55,58.99,53.284622,56.13731109619141
54,41.61,41.2856,41.447799377441406
16,19.915,16.30745,18.111224670410156
24,39.385,28.909073,34.14703643798828
19,27.915,25.76971,26.84235527038574
22,21.725,15.757729,18.74136428833008
15,28.345,27.71224,28.028620109558105
84,105.5,89.7073,97.6036491394043
59,87.65,83.873764,85.76188201904297
95,126.625,111.022156,118.82357788085938
113,75.43,106.761444,91.09572204589844
98,78.355,93.34792,85.8514616394043
83,80.45,90.89198,85.67099151611328
121,115.525,124.15891,119.8419563293457
97,76.355,86.75671,81.5558531188965
151,143.99,163.78848,153.88924133300782
111,117.665,117.006836,117.33591796875001
133,111.67,134.78061,123.2253045654297
125,116.785,119.46781,118.12640579223633
212,183.905,208.26404,196.08451904296874
180,150.54,154.48569,152.51284362792967
133,125.815,125.92258,125.86878845214844
132,149.935,122.44178,136.18839004516602
143,134.835,139.1729,137.0039486694336
132,135.245,130.11899,132.6819940185547
103,95.56,98.639366,97.09968307495117
131,120.235,125.49654,122.86576812744141
60,64.24,71.69711,67.96855651855469
97,94.015,96.26512,95.14006072998046
106,120.35,110.50201,115.42600326538086
82,83.345,84.27151,83.8082536315918
85,89.36,89.37399,89.36699645996094
37,59.125,56.928246,58.0266227722168
50,66.61,54.40121,60.505605392456054
64,69.075,66.518486,67.7967430114746
83,106.595,99.171295,102.88314758300781
72,70.51,71.14277,70.82638442993164
119,113.2,116.17277,114.68638381958007
147,120.855,141.79291,131.32395385742188
65,79.56,74.53915,77.04957321166992
136,131.645,137.46861,134.5568063354492
167,144.37,156.86777,150.6188836669922
69,79.645,69.15197,74.39848495483398
126,113.89,113.305145,113.59757263183593
112,124.75,116.00929,120.37964630126953
140,132.125,133.30345,132.71422576904297
91,91.53,96.18814,93.85907043457031
85,86.77,88.613785,87.69189239501952
161,178.825,171.3094,175.06720123291015
127,124.645,121.28597,122.96548629760741
113,116.565,107.11635,111.84067413330078
89,80.15,87.217834,83.68391723632813
112,96.23,96.04551,96.13775466918946
134,117.54,125.59468,121.56734039306642
110,110.7,105.43244,108.06622085571288
88,104.275,92.99927,98.6371337890625
90,103.04,94.88809,98.96404602050782
101,101.18,93.738495,97.45924743652344
92,104.215,89.40529,96.81014434814453
104,98.165,95.28997,96.72748519897462
97,86.205,92.07424,89.13962081909179
74,82.12,72.922386,77.5211930847168
79,105.88,89.40894,97.64447158813476
89,104.625,92.26561,98.44530487060547
52,55.61,50.802944,53.206472091674804
80,82.76,85.55008,84.15503967285156
88,104.68,89.00949,96.84474548339844
97,107.54,114.22281,110.88140441894532
59,74.625,66.99653,70.81076431274414
56,55.055,60.51774,57.78636917114258
167,169.435,182.81993,176.12746551513672
97,87.735,83.53238,85.63368957519532
109,94.815,100.41424,97.61461898803711
86,96.855,95.52029,96.1876432800293
56,63.515,68.678215,66.09660751342773
167,160.6,171.82718,166.21358947753907
152,146.955,145.68132,146.31816009521486
104,111.965,97.96987,104.96743576049805
108,92.44,98.41602,95.42801162719726
91,87.76,84.32,86.0399998474121
54,88.28,68.75442,78.5172087097168
117,151.47,139.03268,145.25134216308595
96,79.47,91.94324,85.70661865234375
96,102.495,106.37452,104.43475967407227
99,79.255,91.5488,85.40189880371094
83,87.11,89.44634,88.27817123413087
89,103.5,95.93724,99.71862030029297
105,92.615,100.2375,96.42625152587891
70,69.105,65.827484,67.4662420654297
79,84.93,78.37321,81.65160354614258
123,146.73,133.1743,139.95215057373048
126,111.135,113.04243,112.08871353149414
122,109.475,124.58041,117.02770309448242
71,82.165,77.73509,79.95004608154298
34,53.22,47.641747,50.430873260498046
111,89.435,106.531296,97.9831478881836
92,123.985,109.42686,116.70592849731446
100,107.2,105.52403,106.36201629638671
87,85.34,83.02606,84.18303100585938
146,127.65,133.30191,130.4759552001953
91,101.025,91.298965,96.16198272705078
125,124.515,123.96097,124.23798400878906
108,108.115,111.07799,109.59649383544922
177,156.295,184.35251,170.32375427246092
146,145.47,141.54672,143.5083612060547
105,84.55,100.4642,92.5071014404297
99,104.565,109.78203,107.17351409912109
94,87.55,86.492256,87.0211280822754
166,159.1,162.31248,160.70624237060548
86,81.955,90.21145,86.08322433471679
179,168.97,181.69817,175.33408294677736
107,107.04,110.849464,108.94473220825196
141,140.36,131.58316,135.97158020019532
145,122.8,125.3718,124.08590164184571
109,111.665,113.7907,112.72785140991212
39,69.09,58.413933,63.751966400146486
94,111.53,87.10569,99.3178450012207
134,122.335,132.29747,127.31623504638671
75,60.44,70.45255,65.44627639770508
81,85.5,73.11169,79.30584335327148
142,133.31,149.79814,141.5540707397461
181,149.68,176.67438,163.17718872070313
98,122.3,109.38369,115.84184494018555
124,106.89,113.85478,110.37239105224609
145,157.425,156.72,157.07250061035157
90,94.19,106.63729,100.41364547729492
101,104.87,99.354904,102.11245208740235
116,113.31,106.831985,110.07099273681641
95,80.31,88.920265,84.61513259887695
85,118.26,105.92585,112.09292495727539
67,78.18,75.09395,76.63697418212891
39,71.73,53.40277,62.56638549804688
75,78.895,78.981155,78.9380776977539
104,121.62,106.64454,114.13226943969727
88,76.125,77.87254,76.99877166748047
91,93.23,99.635376,96.43268798828126
82,70.155,76.41919,73.2870947265625
102,109.76,107.27236,108.51618087768554
83,66.58,76.69185,71.6359243774414
122,128.155,125.61996,126.88747848510742
112,114.255,119.20001,116.72750610351562
86,76.19,77.9092,77.0496012878418
115,117.35,117.79448,117.57223968505859
60,67.37,62.982533,65.17626625061035
127,147.27,137.38875,142.32937408447265
73,75.55,76.49343,76.0217155456543
92,92.215,93.83599,93.02549545288086
126,120.34,123.76467,122.0523356628418
51,64.11,60.215584,62.162791900634765
69,64.74,67.86599,66.3029948425293
84,97.235,96.9818,97.10839813232423
128,94.465,111.241295,102.85314743041992
174,167.74,176.66463,172.20231353759766
156,128.8,150.89676,139.84837951660157
89,87.085,92.089615,89.58730743408202
100,122.305,101.56898,111.93698867797852
51,54.955,49.30931,52.13215545654297
175,169.545,171.10861,170.32680603027342
100,115.405,106.131775,110.76838745117188
84,82.18,82.18166,82.1808317565918
136,118.785,142.2055,130.49525268554686
181,181.92,196.05061,188.98530670166014
109,112.33,109.157646,110.7438230895996
54,59.615,53.56469,56.58984481811524
59,58.23,62.71445,60.472225418090815
102,100.34,105.41755,102.87877456665039
104,104.93,103.92675,104.42837509155274
98,85.29,93.54614,89.41807128906251
120,163.195,137.45682,150.32590881347656
195,182.3,184.60675,183.45337524414063
148,138.84,132.64877,135.7443865966797
122,103.19,110.047615,106.61880752563476
78,87.36,87.10482,87.23241012573243
93,121.42,99.97881,110.69940658569337
144,130.68,125.94683,128.31341537475586
76,85.91,91.29972,88.60486038208008
108,114.155,105.1196,109.63729919433594
115,108.675,107.85581,108.26540603637696
105,112.53,107.34493,109.93746627807617
95,94.3,89.17891,91.73945465087891
106,104.22,102.58969,103.40484558105469
88,79.545,88.54297,84.04398437500001
149,148.715,154.98082,151.84790985107423
109,107.54,114.33796,110.9389796447754
138,136.84,130.36044,133.6002215576172
99,85.01,89.73587,87.37293518066406
103,112.2,107.19626,109.69812927246093
151,148.695,160.81822,154.75661102294922
147,121.635,145.35255,133.49377716064453
68,75.32,78.035225,76.67761245727539
54,72.515,62.644966,67.57998306274413
96,103.405,89.779625,96.59231246948242
69,71.71,62.318043,67.01402137756347
114,115.015,105.50549,110.26024658203124
80,71.6,79.99723,75.79861526489258
31,52.32,31.185543,41.752771530151364
9,22.65,4.691035,13.67051739692688
20,26.52,24.271366,25.39568305969238
21,25.27,23.539486,24.40474296569824
31,33.315,29.83748,31.57624027252197
15,19.845,21.897951,20.871475563049316
25,36.765,27.263365,32.01418239593506
14,22.375,24.298004,23.336502075195312
30,60.395,43.841404,52.118201980590825
25,34.72,32.336452,33.52822624206543
44,54.325,55.57561,54.95030555725098
34,26.475,36.28295,31.378975677490235
12,23.41,18.584948,20.997473793029783
63,62.59,63.991535,63.29076759338379
41,32.1,33.040657,32.57032852172851
38,37.89,49.40202,43.64600975036621
36,21.43,32.2748,26.852399673461914
14,22.75,23.964539,23.357269287109375
45,51.235,56.850094,54.04254692077637
41,29.305,35.78452,32.544759597778324
34,29.185,35.676373,32.43068626403809
42,33.14,31.723475,32.43173725128174
12,20.06,18.312023,19.1860115814209
18,32.115,25.739372,28.927186126708985
31,33.02,29.316578,31.168288955688478
15,22.745,16.415998,19.580499229431155
35,49.925,38.640495,44.28274765014648
34,22.22,32.206978,27.21348892211914
16,35.47,26.56355,31.01677547454834
26,33.835,31.891933,32.86346672058106
15,25.775,23.292501,24.53375072479248
129,124.725,136.48338,130.60419158935548
104,90.295,107.17687,98.73593612670899
196,164.2,186.31195,175.25597534179687
159,122.365,144.25323,133.30911743164063
213,131.88,179.89778,155.88889068603515
127,144.05,131.75494,137.90247192382813
128,111.695,124.06283,117.87891403198242
105,113.645,106.95625,110.3006265258789
187,200.85,188.79898,194.82449035644532
109,123.83,118.88081,121.3554067993164
103,102.935,93.914185,98.42459228515625
226,228.445,219.70967,224.0773355102539
132,148.515,143.38753,145.95126373291015
98,83.385,87.03445,85.20972335815429
41,78.555,58.352467,68.45373329162598
87,124.485,93.27618,108.88058822631837
191,138.005,163.06541,150.53520721435547
93,89.04,109.114235,99.07711746215821
131,119.885,127.5547,123.71985137939453
59,76.41,69.627716,73.01885803222656
110,114.33,116.08473,115.20736602783202
233,181.525,220.9001,201.2125503540039
143,151.96,143.49652,147.7282604980469
159,161.7,158.71574,160.20787200927734
27,54.0,48.899857,51.449928283691406
100,96.065,95.9743,96.01964828491211
89,93.395,94.843994,94.11949707031249
92,109.815,101.850746,105.83287307739258
94,89.74,85.79417,87.76708328247071
106,108.75,104.46422,106.60710906982422
110,113.765,111.892456,112.82872802734374
86,80.445,91.83164,86.13832107543945
162,147.125,159.23537,153.18018341064453
76,68.575,79.09658,73.83579025268554
116,115.94,115.7732,115.85660049438476
119,105.705,111.900734,108.80286697387695
140,126.57,130.88762,128.72880950927734
139,127.61,126.62562,127.11780899047852
157,130.115,132.72984,131.42242156982422
131,118.835,130.28766,124.56132934570311
262,218.91,233.75116,226.33057983398436
138,151.075,139.49786,145.28643188476562
24,43.3,18.637571,30.968785667419432
31,37.025,30.37793,33.70146484375
32,50.92,29.249693,40.08484645843506
24,43.235,21.57077,32.40288513183594
65,60.73,60.35499,60.54249404907226
74,94.64,67.5575,81.09875137329101
36,37.38,27.109625,32.24481243133545
45,36.485,36.55629,36.52064483642578
16,21.365,25.32211,23.343554611206052
35,32.825,37.31286,35.068929290771486
71,37.075,55.49949,46.287244415283205
46,38.955,36.649956,37.80247787475586
29,21.125,25.224825,23.174912452697754
41,29.78,36.374153,33.077076568603516
41,28.155,36.919613,32.53730644226074
44,36.05,41.130806,38.59040298461914
19,26.955,24.638634,25.79681686401367
42,35.2,35.23343,35.216714477539064
17,26.68,21.521015,24.100507583618164
23,24.125,26.682693,25.403846740722656
19,33.42,26.40868,29.914339981079102
15,21.34,24.204655,22.77232734680176
55,65.145,65.68594,65.4154718017578
17,21.705,20.817406,21.261202850341796
15,16.51,23.909979,20.209989433288577
50,52.745,56.604828,54.67491394042969
89,96.96,93.95744,95.45872161865233
29,34.135,30.929386,32.532193069458
45,32.695,36.63479,34.66489425659179
38,30.345,34.97554,32.660270080566406
15,37.01,18.863266,27.936632995605468
107,78.39,92.85361,85.62180358886718
123,125.54,110.32948,117.93474151611329
161,169.685,179.0847,174.38485076904297
118,98.33,108.117744,103.22387222290038
136,116.92,120.45184,118.68592163085938
100,109.785,106.82878,108.30689056396484
188,141.055,165.02888,153.04194244384766
131,128.575,134.58089,131.57794342041015
129,167.6,144.02936,155.81467895507814
149,145.65,141.83653,143.7432662963867
179,160.035,172.6324,166.33370025634764
158,157.55,161.925,159.7375015258789
134,130.97,121.29257,126.13128601074219
117,108.085,117.071236,112.57811782836913
146,147.95,156.32585,152.13792572021484
124,123.165,129.17827,126.1716342163086
163,151.965,147.80295,149.88397399902345
133,116.285,134.35854,125.32176788330078
101,123.905,117.90284,120.90391983032227
72,88.525,79.053276,83.78913803100586
102,106.825,106.39566,106.6103302001953
108,103.46,111.86443,107.6622166442871
98,103.175,102.83217,103.00358428955079
65,64.44,67.82154,66.13077041625976
136,130.31,136.0097,133.15985229492188
133,142.695,136.65875,139.67687622070312
119,119.29,112.67074,115.98036911010743
42,71.69,54.94568,63.31783935546875
107,105.84,99.87775,102.85887329101563
103,108.305,101.912575,105.1087873840332
129,110.2,125.657425,117.9287124633789
100,118.345,99.34992,108.84746109008789
143,135.53,136.99464,136.26232208251952
97,102.955,90.8579,96.90645126342773
98,79.485,85.204666,82.34483306884766
89,84.915,95.044655,89.97982742309571
75,69.745,70.008484,69.87674194335938
89,101.035,95.75802,98.39650924682617
135,122.41,127.01479,124.71239669799805
123,118.77,117.96313,118.36656356811523
70,79.385,66.507866,72.94643295288085
88,101.69,92.07024,96.88011810302734
92,97.765,99.92048,98.84273941040038
138,123.16,134.81616,128.98808105468748
110,89.385,94.13491,91.75995529174804
76,81.72,79.84466,80.78232894897461
159,169.59,175.53764,172.5638217163086
106,124.82,110.48623,117.65311447143554
53,78.4,65.99589,72.19794387817383
129,148.045,141.3782,144.71160217285154
70,76.085,76.98555,76.5352749633789
43,54.155,60.727596,57.44129814147949
60,74.245,62.37359,68.30929428100586
116,95.24,105.22511,100.23255645751954
4,62.23,28.019356,45.124677886962886
95,77.53,106.99678,92.2633901977539
163,145.145,159.76643,152.45571685791015
135,156.455,146.33087,151.39293579101565
44,54.88,46.59297,50.736485900878904
125,96.195,119.19049,107.69274536132812
102,108.38,105.65685,107.01842636108398
67,70.89,69.10303,69.996513671875
63,73.735,69.4775,71.60625045776368
70,75.335,64.97834,70.15667007446288
174,153.725,173.19235,163.45867614746095
114,101.81,103.94513,102.87756469726563
162,144.195,165.93756,155.06628051757812
55,57.545,60.947094,59.246046981811524
128,117.26,123.235596,120.2477978515625
90,102.39,94.85032,98.6201594543457
121,112.99,109.21685,111.10342514038086
118,109.76,109.93764,109.84881866455078
221,184.445,224.37001,204.40750518798828
171,160.64,170.52458,165.58229095458984
129,129.135,138.62169,133.8783444213867
131,146.935,133.03937,139.98718383789063
164,173.585,160.13243,166.85871551513674
122,109.475,125.031456,117.25322799682617
109,123.33,111.23364,117.28182128906249
147,147.4,147.856,147.62800140380858
48,64.18,56.34406,60.26202949523926
64,73.48,68.28919,70.88459609985352
105,105.91,103.5812,104.74559982299805
121,143.995,133.43532,138.71515899658203
117,114.14,115.9405,115.04024917602538
162,157.38,159.10446,158.24223083496094
138,129.005,124.631615,126.8183073425293
129,130.55,125.95102,128.2505096435547
162,150.225,152.64105,151.4330261230469
125,145.31,126.647156,135.97857788085938
205,185.445,206.28812,195.86655822753906
147,132.58,141.46361,137.021803894043
134,145.125,148.80754,146.96627044677734
88,98.9,84.81735,91.85867614746094
173,173.48,186.78035,180.13017486572267
180,165.14,177.52881,171.334404296875
98,106.78,102.214005,104.49700225830078
142,136.34,145.7572,141.04860107421877
103,92.735,97.10165,94.91832321166993
70,71.755,66.15342,68.95420974731445
132,129.335,121.850235,125.59261749267579
65,73.215,62.98015,68.09757415771485
53,87.815,61.669384,74.74219200134277
115,117.625,119.65979,118.64239501953125
201,175.23,197.91856,186.57428192138673
115,111.34,115.90548,113.62273971557617
107,104.325,110.46962,107.39730987548828
121,116.265,124.33508,120.30004150390624
215,195.855,216.48518,206.17009185791017
160,176.54,184.21097,180.37548400878904
112,129.655,128.11389,128.88444580078124
131,115.875,125.50891,120.69195556640625
91,96.055,85.77571,90.91535552978516
142,134.435,139.94498,137.1899884033203
78,70.19,76.62313,73.40656539916992
132,128.955,133.26657,131.11078552246096
174,174.255,173.53992,173.89745849609375
114,131.075,115.842545,123.45877227783203
131,141.255,126.56537,133.91018432617187
52,67.935,46.33522,57.13511016845703
40,53.32,32.558643,42.93932167053222
14,68.405,16.583656,42.49432815551758
42,77.21,56.46629,66.83814476013183
66,48.295,51.76494,50.029969177246095
28,36.91,15.930799,26.420399265289305
72,64.01,61.92336,62.96667945861817
34,24.105,24.133001,24.119000663757326
60,51.275,50.81209,51.04354591369629
45,54.5,43.773148,49.136573791503906
38,26.605,33.035557,29.820278396606447
34,34.165,34.009853,34.08742668151855
91,69.07,66.96317,68.01658645629882
25,31.635,27.382374,29.50868690490723
21,27.595,20.45451,24.02475486755371
13,25.215,15.476722,20.34586088180542
23,18.54,22.605944,20.572971839904785
40,40.365,37.93687,39.15093528747559
44,41.435,38.18703,39.811015396118165
13,30.215,16.569275,23.392137451171877
26,31.555,32.58678,32.070890274047855
66,49.865,55.36307,52.6140357208252
33,44.395,34.8333,39.61415077209473
28,36.54,38.533936,37.536967773437496
42,37.005,36.765347,36.8851732635498
31,27.38,26.528416,26.954207839965818
22,31.565,29.330437,30.447718353271483
16,21.565,24.276758,22.920879096984862
13,23.37,22.399508,22.884753761291506
32,44.345,41.50627,42.92563568115234
49,42.845,41.00535,41.9251741027832
33,26.265,28.900854,27.582927055358887
63,62.05,57.628,59.83899917602539
87,94.675,104.96023,99.8176139831543
97,107.945,105.61082,106.7779084777832
139,149.455,139.8614,144.65820220947268
164,145.165,152.51198,148.838489074707
108,99.45,104.91649,102.18324432373046
44,53.915,42.93156,48.42328025817871
112,100.43,106.98519,103.70759567260743
85,82.875,85.330986,84.10299301147461
103,109.005,111.33929,110.1721434020996
154,156.855,155.10403,155.97951721191407
81,74.84,77.68707,76.26353637695313
91,84.6,99.19991,91.89995651245117
77,90.585,83.500725,87.04286239624022
70,84.915,69.49781,77.20640518188478
95,87.46,85.15885,86.30942581176757
124,126.985,123.43809,125.21154373168946
96,89.545,92.07129,90.80814453125001
67,81.245,72.44381,76.84440475463867
127,119.54,124.93288,122.23643829345704
83,77.545,71.15337,74.34918685913087
84,81.975,86.190895,84.0829475402832
118,117.435,125.347565,121.39128234863281
231,193.555,221.55226,207.55363067626953
52,94.16,54.891285,74.52564247131347
114,98.42,100.43874,99.4293717956543
160,163.73,170.56883,167.14941619873048
175,172.305,183.05879,177.6818960571289
39,74.535,50.41638,62.47569091796875
119,123.69,99.14658,111.41829177856445
88,78.84,83.452896,81.14644805908203
127,112.97,120.84681,116.90840469360352
91,99.255,96.56039,97.90769332885742
102,107.175,102.40913,104.79206314086915
48,58.695,46.089733,52.392366561889645
38,62.935,39.177452,51.05622604370117
33,35.425,28.052439,31.738719367980956
19,22.96,20.674763,21.81738136291504
27,38.695,29.71744,34.206219825744625
36,22.71,25.490025,24.100012283325196
36,23.12,29.509995,26.31499725341797
16,26.135,15.871908,21.003454093933108
46,33.885,36.19683,35.040915374755855
13,22.83,21.603895,22.216947593688964
37,29.98,36.316628,33.148313751220705
48,29.97,36.83251,33.401255950927734
48,27.48,34.967564,31.223781814575197
32,28.9,29.890377,29.395188522338866
84,65.68,73.10004,69.39001831054688
14,23.435,18.588549,21.01177433013916
48,52.305,47.58511,49.94505485534668
42,39.815,32.263103,36.03905174255371
22,23.275,30.379843,26.827421379089355
18,34.875,23.155832,29.015416145324707
19,26.255,28.32993,27.292464675903318
23,29.89,24.410091,27.150045700073242
16,25.035,16.59752,20.816260414123533
38,30.79,34.681446,32.73572303771972
26,24.77,29.307957,27.03897834777832
45,36.695,31.979074,34.337037239074704
10,18.045,22.091114,20.068057022094727
123,95.19,105.530396,100.36019775390625
168,157.97,174.40181,166.18590484619142
158,158.81,151.99922,155.4046109008789
75,91.025,84.97618,88.00059051513672
109,105.325,107.88172,106.60336074829101
33,52.675,32.38697,42.530985260009764
45,72.385,62.847775,67.61638725280761
88,86.33,103.83953,95.0847654724121
142,154.41,156.43048,155.4202404785156
220,194.475,213.38203,203.92851715087892
81,88.245,87.659935,87.9524674987793
124,127.055,120.964195,124.00959762573243
84,72.925,75.316505,74.12075271606446
101,98.405,94.13553,96.27026428222656
189,161.275,176.39693,168.8359634399414
94,126.265,103.572876,114.91893798828124
48,57.245,48.204967,52.72498374938965
61,74.465,60.192383,67.32869140625
63,61.66,74.09679,67.87839324951172
98,103.43,98.919685,101.17484268188477
64,68.045,65.86493,66.95496459960938
76,79.61,81.12946,80.3697315979004
46,54.52,58.398388,56.45919395446778
152,136.05,152.42236,144.236181640625
119,104.545,125.60704,115.07602020263673
90,94.68,101.877556,98.27877792358399
101,109.505,104.25704,106.88102096557617
108,92.66,104.110054,98.38502700805664
83,88.63,91.693756,90.16187805175781
104,110.94,115.52535,113.23267623901367
80,85.045,78.0396,81.5422982788086
140,143.275,136.32701,139.8010055541992
90,91.255,99.82517,95.5400862121582
66,75.255,71.6533,73.4541487121582
55,70.235,71.12939,70.68219345092774
81,87.125,76.918594,82.02179718017578
90,95.75,83.84938,89.79969024658203
135,124.035,130.37459,127.20479400634765
113,121.135,119.539566,120.33728302001953
112,121.405,113.34572,117.37535919189453
124,116.76,119.459045,118.10952270507812
67,66.21,57.315952,61.76297615051269
88,97.265,83.21495,90.23997528076171
57,62.66,53.902706,58.281353073120115
138,107.36,125.9,116.63000076293946
97,109.45,108.0029,108.72644958496093
64,74.17,60.670166,67.42008300781251
107,106.11,99.93949,103.02474563598633
156,140.195,151.20074,145.69787231445312
100,101.035,112.49548,106.76524169921875
163,165.545,168.78822,167.16661163330076
100,115.555,101.83449,108.69474395751953
164,156.71,162.4717,159.59084747314455
62,51.48,50.906734,51.19336723327636
85,106.865,97.04809,101.95654403686524
117,115.22,110.52454,112.87227188110352
86,92.155,87.906845,90.03092254638672
94,106.995,104.277695,105.63634735107422
83,86.545,83.86421,85.20460601806641
133,149.155,146.8771,148.0160528564453
163,146.165,163.17775,154.6713748168945
120,136.115,127.0945,131.60474884033204
91,95.805,99.65616,97.73057922363282
91,92.395,87.75263,90.07381607055663
131,125.26,129.62648,127.44324005126953
74,80.745,81.19196,80.9684815979004
99,106.045,104.41977,105.2323846435547
63,73.33,73.28597,73.30798629760741
93,95.48,90.84226,93.16113113403321
148,161.495,156.71454,159.10476928710938
72,71.33,73.92343,72.62671569824218
115,113.115,111.840836,112.47791778564454
72,79.35,79.870285,79.61014251708984
67,58.79,67.26542,63.027709503173824
121,124.715,123.209724,123.96236221313477
77,72.92,70.994576,71.95728775024415
155,146.98,150.0343,148.50715087890626
65,86.69,76.4373,81.56365081787109
114,99.885,109.98744,104.93622100830078
63,85.175,84.58099,84.87799682617188
138,143.035,139.55992,141.2974606323242
104,96.555,98.04641,97.3007048034668
103,95.475,104.35242,99.91370849609375
130,123.4,120.134285,121.76714248657227
102,107.155,107.94614,107.55056823730469
58,73.08,66.738976,69.90948776245116
127,112.955,123.39306,118.17402938842773
86,93.785,90.15756,91.97128112792969
149,131.19,139.25215,135.2210757446289
72,89.635,78.50968,84.07234085083007
170,138.525,160.11624,149.32062072753905
106,128.455,118.97504,123.71501831054688
37,55.455,39.587025,47.52101234436035
77,81.19,92.9884,87.08920166015625
114,97.675,103.17432,100.424658203125
204,188.275,191.1268,189.70090026855468
128,127.55,115.086624,121.31831207275391
112,124.56,108.69624,116.62812164306641
102,85.015,90.4717,87.74335128784179
91,103.39,95.58425,99.48712570190429
69,66.615,71.397484,69.0062419128418
86,96.58,76.926,86.7530012512207
168,147.245,160.77098,154.00799041748047
125,138.705,138.86351,138.784255065918
109,111.05,103.625656,107.33782806396485
84,80.49,82.32015,81.40507614135743
156,167.835,165.25024,166.54262207031252
107,88.215,100.38176,94.29837982177735
149,160.625,150.78519,155.70509338378906
45,50.69,40.61448,45.6522395324707
153,167.445,169.76743,168.60621276855468
125,117.295,138.23833,127.7666635131836
119,102.365,117.88745,110.1262255859375
126,105.28,116.82462,111.05231155395508
101,101.99,103.73225,102.8611231994629
47,64.67,60.58779,62.62889572143555
54,74.76,53.772568,64.26628387451171
90,101.65,83.82432,92.73715896606446
74,66.23,65.77694,66.00346969604493
112,102.43,107.2107,104.82035049438477
137,139.76,142.30598,141.03299224853515
91,87.585,88.87312,88.22906158447265
174,156.085,179.56451,167.82475708007814
125,130.735,137.51321,134.12410705566407
83,97.895,86.63227,92.26363540649413
113,113.305,104.55755,108.93127426147461
39,44.25,35.54606,39.89802932739258
79,95.99,76.074036,86.03201782226563
73,68.33,79.43693,73.88346389770507
63,73.085,72.738976,72.91198776245116
154,164.935,164.78023,164.8576138305664
43,72.03,48.901028,60.46551383972168
105,82.66,92.351006,87.50550277709961
106,105.745,105.62182,105.68340927124024
128,125.93,123.51131,124.72065338134766
112,110.405,115.03597,112.72048629760742
164,156.045,153.69086,154.86792846679685
106,104.64,109.75687,107.19843322753906
90,86.97,101.34701,94.15850387573242
102,117.015,102.6635,109.83924896240234
71,64.16,66.43962,65.29981048583984
104,98.085,94.67819,96.38159606933593
58,70.635,65.65803,68.14651382446289
67,84.315,67.96394,76.13947174072266
73,73.565,70.591,72.07800170898437
30,65.66,46.95177,56.30588539123535
79,75.17,80.387375,77.77868743896485
88,95.27,100.15566,97.71283126831054
83,92.31,91.46111,91.88555648803711
110,100.62,109.3084,104.96420150756836
85,89.495,91.55879,90.52689605712891
172,145.915,157.09792,151.506457824707
122,124.78,126.68844,125.73421920776367
35,58.43,51.635525,55.03276237487793
116,106.09,117.21388,111.65194122314453
133,135.565,148.4328,141.99890014648437
165,156.045,158.8364,157.44069763183592
84,95.95,98.00133,96.97566375732421
83,92.365,93.64511,93.00505554199219
79,75.935,79.56717,77.75108459472656
97,102.915,105.91013,104.41256668090821
72,81.685,80.20433,80.94466522216797
124,127.645,127.45367,127.54933334350585
127,145.835,137.21475,141.52487609863283
124,114.52,110.47592,112.49796081542968
97,91.535,98.36186,94.94843109130859
69,75.915,63.45075,69.68287422180177
83,81.28,69.67083,75.47541488647461
124,129.215,131.91106,130.56302825927736
96,87.39,88.659546,88.02477294921874
106,102.085,112.82122,107.4531101989746
90,101.715,76.01051,88.86275665283203
176,180.635,173.17776,176.90638244628906
157,134.02,150.5785,142.29925323486327
69,69.195,70.81012,70.00255981445312
120,124.935,116.8772,120.9060986328125
120,128.755,120.07151,124.4132551574707
70,73.01,80.02013,76.51506317138671
48,52.41,54.41636,53.41317947387695
82,86.835,76.12814,81.48157165527343
127,134.99,134.98291,134.986455078125
143,144.575,141.5213,143.04815063476562
111,101.68,111.32136,106.5006788635254
111,101.915,97.6978,99.8063998413086
125,130.625,130.4618,130.54340362548828
120,139.125,135.08006,137.10253143310547
111,102.29,104.52189,103.40594436645509
94,96.12,106.79251,101.45625549316406
10,33.65,12.798734,23.224366855621337
32,63.665,47.593937,55.629468460083004
27,25.55,22.312706,23.93135299682617
24,22.11,17.541044,19.825522117614746
22,35.82,20.348711,28.084355506896973
58,60.65,46.831,53.74050064086914
18,21.26,16.678278,18.96913898468018
19,37.415,25.483519,31.449259300231933
57,55.735,64.99907,60.36703460693359
31,32.555,33.7691,33.162050094604496
4,18.385,5.6762056,12.030602817535401
32,34.435,40.139847,37.28742340087891
18,17.5,23.646992,20.573495864868164
45,38.92,43.07648,40.99824043273926
26,21.855,24.353943,23.104471435546877
6,23.18,19.053038,21.11651882171631
67,55.985,69.82941,62.907203369140625
25,21.72,27.193415,24.456707344055175
21,28.545,31.963022,30.254011116027833
41,33.27,33.54553,33.40776420593262
24,21.46,24.777443,23.118721466064454
42,39.66,33.3767,36.51835067749023
32,31.245,30.193083,30.719041404724123
13,26.405,11.870429,19.137714519500733
10,29.95,25.196095,27.573047256469728
27,32.015,29.85804,30.936519927978516
37,35.53,33.13172,34.330860748291016
16,25.195,22.738117,23.96655860900879
14,24.495,16.766445,20.630722579956057
36,44.115,36.37969,40.24734413146973
5,21.84,17.187292,19.513646049499513
7,72.315,48.44571,60.38035461425781
49,70.905,75.270294,73.08764709472656
94,92.555,106.09343,99.32421478271485
69,88.215,77.1791,82.69705001831055
67,85.33,71.00521,78.16760543823241
81,85.88,83.93884,84.90942138671875
72,84.985,89.33045,87.15772598266602
117,101.0,103.231544,102.11577224731445
94,82.93,97.39012,90.16006072998047
21,46.87,41.929073,44.39953666687012
119,120.66,114.351265,117.50563247680664
128,100.83,121.23302,111.03150848388671
140,152.095,161.07121,156.58310638427736
158,132.025,143.77005,137.89752502441405
154,170.485,167.6157,169.05035369873048
188,188.495,193.65848,191.07673889160156
116,129.99,122.6057,126.29784881591797
163,131.97,149.44363,140.70681701660158
144,148.235,143.81511,146.02505462646485
152,119.055,131.64876,125.35187896728516
154,156.64,159.52812,158.0840609741211
257,244.26,250.07817,247.1690853881836
137,135.525,142.47539,139.00019378662108
106,126.51,113.875694,120.19284713745117
80,75.36,79.431755,77.39587753295899
110,108.085,101.99337,105.03918502807616
121,130.29,123.733116,127.01155807495117
123,118.575,118.44359,118.50929412841796
71,77.535,78.61391,78.07445343017578
99,89.58,84.47185,87.02592376708984
161,138.55,155.46309,147.0065444946289
147,142.3,152.19672,147.24835815429688
76,81.2,87.36611,84.28305587768554
133,124.715,121.77147,123.24323455810547
214,197.96,213.037,205.4985012817383
157,143.22,167.14912,155.18456207275392
196,165.955,192.89143,179.42321685791018
108,141.715,123.751205,132.73310272216798
151,131.69,135.6098,133.64990112304687
124,125.39,125.70193,125.54596359252929
59,53.58,59.540283,56.5601416015625
89,107.015,84.81369,95.91434509277343
43,33.105,35.63953,34.37226509094238
56,52.83,37.394726,45.11236289978027
16,53.41,10.4613905,31.935695247650145
34,40.35,33.48379,36.91689567565918
31,24.175,22.857794,23.516396903991698
33,22.41,29.090958,25.75047882080078
9,27.175,19.349895,23.26244773864746
62,63.92,55.591175,59.75558753967285
22,20.895,22.71482,21.8049104309082
24,22.74,27.641853,25.190926666259763
19,30.35,25.195833,27.77291660308838
20,22.88,24.135622,23.507811012268064
12,19.825,22.650953,21.23797664642334
29,41.37,31.885939,36.62796932220459
35,30.275,33.07076,31.67287940979004
13,25.96,8.889393,17.424696426391602
28,31.43,29.645554,30.537776794433594
45,53.325,35.005726,44.16536293029785
34,23.655,24.37434,24.014670028686524
15,18.865,21.796593,20.33079635620117
32,33.245,35.11335,34.17917495727539
8,19.79,17.907368,18.848683853149414
36,26.815,32.581608,29.698303909301757
39,28.105,30.700125,29.402562370300295
80,68.325,79.41709,73.87104568481445
19,46.42,15.43818,30.9290899848938
57,39.27,45.408123,42.339061508178716
35,26.89,26.859207,26.874603576660157
28,29.96,28.960836,29.46041820526123
26,32.605,31.334272,31.969636192321776
48,34.89,41.656734,38.27336723327637
57,75.565,70.25285,72.90892669677734
111,126.75,119.76731,123.2586555480957
99,88.255,106.01658,97.1357893371582
234,162.225,206.69568,184.46033935546876
183,164.08,163.5843,163.83215240478518
21,39.495,43.025425,41.2602124786377
135,137.145,127.98905,132.56702590942382
180,152.62,170.54599,161.5829949951172
61,97.265,76.3079,86.78644973754882
93,115.715,95.80179,105.75839416503906
184,165.295,184.68695,174.99097534179685
111,107.665,112.64388,110.15444137573243
132,139.865,135.17546,137.52023040771485
174,144.145,152.98512,148.56506134033202
57,101.91,73.07202,87.4910107421875
133,146.48,140.87378,143.6768896484375
62,66.4,60.6755,63.537749481201175
120,115.305,117.826065,116.56553253173828
80,75.21,71.36759,73.28879592895507
83,84.03,76.86531,80.44765533447266
79,83.055,87.480896,85.26794799804688
102,106.125,108.76598,107.44549179077148
133,138.845,141.80423,140.32461486816408
49,95.95,76.946396,86.44819793701171
41,76.79,63.882397,70.33619834899903
137,101.175,126.777985,113.97649230957032
181,148.285,162.80714,155.54607208251952
65,81.585,72.911835,77.24841735839843
70,68.045,67.65458,67.84978958129884
75,84.28,77.41197,80.84598602294922
26,41.645,32.901466,37.27323318481446
143,134.74,144.08136,139.41067993164063
55,61.11,50.13302,55.62150924682617
89,103.825,91.140976,97.48298797607421
167,145.98,152.37933,149.17966674804688
100,91.425,100.801956,96.11347808837891
110,116.19,106.41728,111.30364105224609
127,123.36,125.005516,124.18275802612305
180,163.75,180.26645,172.0082244873047
147,132.585,140.40933,136.49716613769533
106,110.435,114.25899,112.34699371337891
184,152.68,166.77081,159.72540649414063
153,145.43,147.15979,146.29489501953125
170,143.085,154.03915,148.5620770263672
100,92.46,97.56519,95.01259658813476
113,130.565,118.44591,124.50545379638672
152,128.675,144.16545,136.42022552490235
182,168.73,181.83363,175.2818167114258
192,171.545,197.61668,184.58084197998045
127,137.94,127.61973,132.77986404418945
120,116.13,120.17884,118.15442031860351
113,124.855,119.41129,122.13314651489259
123,107.535,116.33362,111.93430908203125
132,130.49,140.92984,135.70992004394532
53,66.175,63.42878,64.8018898010254
171,150.74,169.30557,160.02278625488282
158,149.92,156.52098,153.22049041748045
228,206.405,232.87178,219.6383901977539
130,132.04,129.1914,130.61570312499998
96,101.41,98.0965,99.75324829101562
259,239.225,241.15973,240.19236450195314
28,75.08,64.10487,69.59243682861327
246,225.755,211.919,218.83700317382812
201,205.72,193.06186,199.3909295654297
160,155.02,155.02145,155.02072692871093
202,172.805,177.42085,175.1129263305664
79,110.025,76.46917,93.24708480834961
113,125.585,105.82047,115.70273635864257
157,160.98,169.11145,165.04572509765626
85,99.455,84.64721,92.05110458374023
89,88.78,96.69461,92.73730529785156
26,53.775,39.20123,46.488114547729495
131,121.19,124.9638,123.07689926147461
147,119.49,131.35602,125.42300903320313
106,90.22,97.07985,93.64992462158203
134,133.22,130.8801,132.05004821777345
103,100.57,98.31329,99.44164672851562
121,111.3,118.923386,115.1116928100586
92,107.355,97.41522,102.38511108398438
113,113.195,108.95862,111.07680908203125
141,142.345,138.75978,140.55239044189454
144,133.0,154.73117,143.86558532714844
128,122.065,138.2922,130.17860290527344
119,113.88,113.82478,113.85239166259765
114,124.825,116.04183,120.43341598510742
142,135.355,147.92,141.63749908447267
140,128.62,139.1611,133.89055114746094
126,128.765,132.93297,130.8489840698242
176,182.995,199.51761,191.25630432128906
117,107.45,107.25606,107.3530288696289
120,120.315,124.0314,122.17320129394531
148,134.34,134.90437,134.62218658447267
213,196.49,210.61475,203.552373046875
84,80.41,75.98603,78.19801528930664
86,88.285,86.986206,87.63560302734375
103,107.99,102.02603,105.00801574707032
102,96.845,105.10212,100.97355972290039
145,133.61,142.14812,137.87905853271485
138,148.4,148.48976,148.44488067626952
83,84.54,76.24041,80.39020492553712
52,71.065,62.90568,66.98534080505371
71,81.265,76.85172,79.05836135864257
156,159.195,168.61699,163.9059945678711
83,82.265,86.53097,84.39798385620117
127,140.34,133.25941,136.7997073364258
65,77.1,68.11645,72.60822372436523
37,39.925,46.485504,43.20525207519531
182,144.68,142.2708,143.4753988647461
112,113.495,110.034256,111.76462799072266
62,69.245,66.696915,67.97095733642578
56,57.89,55.10846,56.499229736328125
133,121.95,131.57129,126.76064453125
91,91.01,83.52379,87.26689422607421
65,70.865,72.528404,71.69670211791993
159,130.755,149.66925,140.21212524414062
190,196.26,190.45204,193.35602081298828
103,98.935,100.64842,99.79171112060547
28,52.32,45.80374,49.06187072753906
80,79.03,78.77361,78.90180648803711
115,103.57,116.75436,110.16217819213867
164,159.325,171.62129,165.4731460571289
149,150.155,163.59206,156.87352813720702
69,88.335,72.12429,80.22964523315429
139,116.765,123.6143,120.18965179443359
267,219.15,229.48074,224.31537170410155
89,85.89,87.96529,86.9276431274414
65,64.74,65.626076,65.18303787231446
97,83.775,94.630066,89.20253295898438
105,106.355,100.81744,103.58621810913087
120,110.975,115.772446,113.37372283935547
92,78.515,85.13764,81.82632095336913
110,119.54,117.790306,118.66515304565431
119,101.915,110.74082,106.32791091918946
117,122.49,115.276085,118.88304244995118
112,108.59,110.740944,109.6654719543457
81,90.55,85.01621,87.78310623168946
159,125.93,148.40135,137.16567596435547
113,128.845,110.453224,119.64911209106445
103,92.425,106.10359,99.26429595947266
202,171.225,180.37344,175.79922180175782
90,102.425,90.07301,96.24900665283204
201,177.18,183.60512,180.39255889892578
80,115.66,86.98287,101.32143600463867
185,130.27,154.93217,142.60108734130858
63,61.9,68.72372,65.31185836791992
112,99.005,106.490425,102.74771255493164
90,88.12,94.803444,91.4617219543457
69,67.08,62.849476,64.96473793029784
103,113.855,109.627975,111.7414877319336
106,94.56,103.26787,98.9139340209961
79,83.35,86.612656,84.98132781982422
105,91.36,96.54468,93.9523388671875
228,195.345,208.79877,202.0718835449219
171,158.585,165.99042,162.2877087402344
250,173.345,212.13385,192.73942504882814
105,100.555,99.344765,99.94988235473633
166,139.61,158.30585,148.95792358398438
98,81.1,100.21527,90.65763549804687
123,139.175,119.854065,129.51453247070313
140,129.88,130.1307,130.00535339355469
78,91.02,87.61413,89.31706405639648
88,91.285,88.98022,90.13260848999023
69,67.735,69.872314,68.8036572265625
93,86.965,90.53701,88.75100509643555
44,62.83,60.47763,61.65381530761719
197,142.755,179.17719,160.96609252929687
142,131.09,125.48025,128.2851237487793
74,79.455,75.64818,77.55158905029296
145,129.195,142.64825,135.92162719726562
126,126.565,132.59648,129.5807406616211
58,78.695,57.00259,67.84879508972168
194,166.7,168.09396,167.39698181152343
148,136.255,140.47205,138.36352294921875
89,94.325,94.72549,94.52524337768554
84,83.07,88.37032,85.72016159057617
94,84.63,89.94344,87.28672164916992
86,72.955,74.95644,73.95572189331054
138,128.72,128.91298,128.8164895629883
262,238.24,239.6696,238.95480072021485
149,149.55,155.3275,152.43874969482422
24,67.05,40.7106,53.88030090332031
187,173.78,193.22693,183.50346435546874
135,98.025,125.221596,111.62329788208008
156,146.445,161.43207,153.93853393554687
93,88.425,91.47071,89.94785537719727
150,135.72,144.59596,140.15798126220704
64,64.94,59.858543,62.399271697998046
47,49.955,58.735626,54.34531311035156
141,113.125,131.65742,122.3912124633789
83,83.03,89.65863,86.34431518554688
102,101.155,101.994896,101.5749479675293
66,71.985,67.68677,69.8358837890625
129,132.765,133.22882,132.99691040039062
133,122.915,131.72495,127.3199725341797
97,96.265,91.39619,93.83059341430663
185,144.615,172.03427,158.3246356201172
62,76.91,68.749794,72.82989700317383
141,127.935,133.42017,130.6775830078125
174,150.095,161.9161,156.0055535888672
169,153.525,158.87288,156.19893951416014
132,127.82,120.15346,123.98672882080078
119,145.625,128.81178,137.21839141845703
82,96.605,87.86446,92.23473190307618
149,140.815,142.02707,141.42103454589844
178,166.495,171.58804,169.04152160644531
82,69.195,73.98393,71.58946624755859
138,124.195,132.23972,128.21735778808593
190,152.135,163.35533,157.7451657104492
46,57.39,55.839344,56.6146720123291
92,98.96,97.631714,98.29585693359374
111,129.195,114.24414,121.7195703125
55,57.4,48.585716,52.9928581237793
87,89.84,80.00678,84.92339126586914
119,124.2,122.48459,123.34229431152343
73,91.02,80.301315,85.66065765380858
142,111.68,126.902756,119.29137786865235
123,121.74,121.18719,121.46359359741211
136,131.46,126.80913,129.1345639038086
134,129.45,135.12682,132.2884078979492
80,75.165,78.97967,77.07233383178712
118,122.265,125.067116,123.6660578918457
175,151.74,169.34578,160.54288970947266
130,123.37,123.78313,123.57656341552735
136,141.54,142.59882,142.06940795898436
112,123.68,118.3763,121.02814849853516
109,103.935,106.78264,105.35881927490234
120,113.085,122.9503,118.01765106201171
124,133.045,127.260765,130.15288253784178
78,77.485,78.70969,78.09734313964844
104,105.585,104.893265,105.2391323852539
99,99.265,101.696205,100.48060256958007
158,161.425,168.28421,164.85460510253907
139,131.0,128.56337,129.78168487548828
111,105.265,108.60796,106.93648178100585
180,151.485,171.42953,161.4572674560547
136,116.24,127.35722,121.7986117553711
155,169.92,157.46858,163.69429107666014
76,100.26,81.58902,90.92450988769531
114,130.445,108.60542,119.5252114868164
110,134.87,124.32565,129.59782653808594
137,143.18,131.44618,137.31309112548828
65,49.03,65.1301,57.08004821777344
68,63.495,69.9668,66.7308984375
90,95.735,100.46159,98.09829681396485
95,102.08,97.89423,99.98711685180663
56,64.405,62.27019,63.33759559631348
129,126.57,138.10692,132.33845916748047
131,151.005,141.6075,146.30624908447265
75,83.07,78.483894,80.77694717407226
60,58.68,61.774605,60.227302398681644
162,143.65,163.99696,153.82348175048827
94,97.665,102.5453,100.10515167236329
271,177.365,224.4514,200.90820037841797
245,236.58,224.56937,230.57468322753908
147,154.46,151.68768,153.0738415527344
222,204.73,201.87996,203.30497955322267
113,126.01,120.90982,123.45991027832031
100,94.295,103.21372,98.75436111450196
137,114.645,129.25793,121.95146728515624
60,74.52,77.93144,76.22572113037108
138,137.75,129.22615,133.48807525634766
119,120.665,118.25245,119.45872451782228
171,182.485,177.88773,180.18636291503907
78,70.1,81.68454,75.89226989746093
79,88.54,75.76092,82.15045883178712
117,108.41,111.010414,109.71020706176758
32,44.455,44.029575,44.242287673950194
120,113.465,103.88065,108.67282669067383
126,111.055,128.9088,119.98189910888672
81,93.23,88.17457,90.70228408813477
105,96.375,100.51122,98.44311141967773
92,97.285,98.5408,97.91290100097656
114,119.45,119.13028,119.2901397705078
73,77.175,76.083824,76.62941207885743
142,127.28,131.53455,129.40727294921874
117,105.205,108.1055,106.65524963378905
77,82.86,83.67513,83.26756637573243
77,86.185,76.738144,81.46157196044922
99,100.285,107.12597,103.70548446655273
136,131.965,138.4643,135.2146472167969
142,126.2,129.40742,127.8037124633789
128,130.46,127.21178,128.83588836669924
117,118.35,128.80023,123.57511596679687
126,130.24,129.22475,129.7323733520508
130,102.915,110.38939,106.65219451904298
104,111.47,94.424126,102.94706283569336
190,147.245,175.17671,161.2108560180664
198,158.295,173.02692,165.6609582519531
88,85.695,88.853775,87.27438751220703
146,129.335,126.98804,128.16151855468752
76,83.25,76.52341,79.88670349121094
46,68.025,55.008854,61.51692695617676
102,110.775,108.92514,109.85007019042969
50,68.06,59.353653,63.70682647705078
161,158.085,160.24283,159.16391418457033
88,104.72,95.40421,100.06210647583008
150,116.04,139.09248,127.56624176025392
78,101.055,83.20327,92.12913497924805
82,108.55,93.09188,100.82094039916993
117,106.83,117.76685,112.29842666625976
124,126.66,124.84577,125.75288589477539
120,133.45,124.491844,128.97092208862304
72,55.515,66.108604,60.81180221557617
131,123.18,135.69824,129.43912109375
150,134.99,143.81546,139.40273010253907
75,76.53,76.97739,76.75369323730469
91,93.935,83.31984,88.62741973876953
133,129.725,131.31425,130.5196273803711
131,128.41,130.71918,129.56458862304686
81,92.915,89.21001,91.0625033569336
118,111.965,115.280754,113.62287704467774
81,82.445,75.9686,79.20679870605468
112,100.63,106.6462,103.63810104370117
147,133.625,145.18437,139.4046859741211
80,83.655,81.39009,82.5225454711914
138,123.69,129.25786,126.47392913818359
122,125.84,113.75861,119.79930679321289
108,120.27,108.62533,114.44766403198241
70,84.265,76.50255,80.38377410888671
129,126.105,131.16728,128.6361410522461
110,117.835,111.99932,114.91716049194335
102,94.395,96.6468,95.52089859008788
96,97.8,102.01648,99.90823974609376
141,128.515,133.40149,130.95824462890624
97,100.935,94.806114,97.87055709838867
170,127.5,143.98653,135.7432632446289
154,132.505,147.55779,140.03139251708984
257,210.5,239.49207,224.99603271484375
65,80.085,63.038773,71.5618862915039
151,139.96,142.69093,141.32546661376955
127,116.425,126.13921,121.28210678100587
124,130.615,125.68327,128.14913665771485
61,74.36,70.08966,72.22483032226563
145,129.565,129.72826,129.64662811279297
186,190.13,204.34027,197.23513549804687
85,82.14,85.33032,83.7351611328125
91,74.035,90.72783,82.38141448974609
137,141.245,141.63257,141.4387841796875
120,143.45,128.87823,136.16411743164062
49,61.71,50.904964,56.307482223510746
117,103.66,114.51896,109.08947952270508
136,122.95,136.64323,129.79661712646484
168,158.83,161.79497,160.31248382568361
93,86.095,94.96673,90.53086410522461
161,153.13,157.00879,155.06939453125
117,119.55,109.98284,114.76642074584962
174,151.185,163.58788,157.38643768310547
99,100.94,102.97709,101.95854446411133
209,144.005,182.29535,163.15017456054687
174,155.54,157.96552,156.75275756835936
178,147.55,165.66049,156.6052459716797
188,173.6,177.811,175.70550231933595
161,163.98,163.61314,163.79657196044923
215,202.4,220.04478,211.2223922729492
186,171.74,171.04456,171.39227783203125
137,135.585,134.61493,135.0999645996094
97,98.69,104.71768,101.70384094238281
67,84.26,73.48364,78.8718212890625
186,158.98,166.36613,162.67306732177735
121,103.83,108.08537,105.95768646240234
88,83.03,84.107574,83.56878723144531
154,136.225,148.64763,142.43631439208986
85,88.06,86.556366,87.30818298339844
100,107.12,94.674934,100.89746719360352
99,107.93,103.53834,105.73416885375977
44,48.375,45.602707,46.988853454589844
196,164.795,181.61502,173.20501037597654
126,134.685,131.82037,133.25268676757813
72,71.21,73.7386,72.47430084228515
115,104.565,109.145454,106.85522720336914
108,116.82,113.92743,115.37371459960937
154,135.645,143.37207,139.50853515625
117,124.98,116.34899,120.6644956970215
157,147.21,155.28477,151.24738739013674
187,195.135,192.5433,193.83915222167968
156,133.475,138.76523,136.1201141357422
183,144.895,170.99678,157.9458901977539
115,118.24,118.60922,118.42461120605469
58,58.58,63.089417,60.834708251953124
138,128.605,121.823,125.2139990234375
197,186.815,210.63623,198.725615234375
165,163.14,154.09122,158.6156085205078
224,165.14,193.50555,179.32277709960937
134,148.38,129.32288,138.85143798828125
234,168.16,195.09273,181.6263638305664
220,235.555,227.463,231.50899871826172
73,120.795,101.43745,111.11622329711915
178,140.1,144.89613,142.4980667114258
187,160.085,166.28346,163.18423126220705
169,152.08,156.27422,154.17710784912111
156,138.225,146.21289,142.2189453125
207,173.58,191.38144,182.4807196044922
178,160.755,172.68555,166.7202734375
86,111.225,93.06419,102.14459686279297
59,54.705,62.249264,58.477131881713866
134,150.165,137.27168,143.7183413696289
81,93.07,73.88828,83.47914138793945
143,124.9,134.76176,129.83088226318358
98,108.43,96.898056,102.66402801513672
184,170.295,190.87007,180.58253570556639
106,110.945,105.61986,108.28242889404297
59,76.465,72.51655,74.49077407836914
169,128.37,150.48657,139.4282861328125
129,144.36,136.89977,140.62988250732423
167,166.435,176.97044,171.70272186279297
200,173.72,189.21072,181.46536193847658
176,164.845,173.26123,169.053115234375
152,139.13,140.28969,139.70984405517578
134,133.5,129.90398,131.70198822021484
88,93.09,85.06759,89.07879440307617
87,97.335,90.47442,93.90470932006835
99,89.57,90.00611,89.78805557250976
65,108.28,81.925964,95.10298217773438
123,129.415,126.70379,128.0593943786621
90,96.305,85.0754,90.69020065307618
103,99.28,94.372314,96.8261572265625
65,72.135,66.03704,69.0860203552246
78,73.42,76.87617,75.14808364868165
121,121.285,124.54307,122.91403396606445
90,90.41,92.13991,91.27495391845703
129,126.45,128.07025,127.26012573242187
129,149.49,138.85658,144.1732913208008
103,106.975,103.525276,105.25013809204101
131,113.84,119.390175,116.61508743286133
121,124.095,113.75757,118.9262841796875
85,92.285,86.84218,89.56358917236328
140,126.42,128.11974,127.26986785888673
103,102.215,107.57698,104.89599029541016
173,138.52,164.35637,151.43818450927733
158,128.57,138.94041,133.75520721435547
208,157.245,174.88747,166.06623321533203
56,81.61,72.160255,76.88512771606446
142,134.545,132.93178,133.73838897705076
105,102.245,114.44468,108.34483963012696
43,73.0,59.647167,66.32358360290527
26,55.8,40.04508,47.922539138793944
106,95.32,100.2227,97.77135101318359
247,185.705,224.0422,204.87360290527346
93,83.035,80.460976,81.74798782348633
229,184.425,200.30988,192.36743774414063
59,81.565,60.486057,71.02552864074707
66,67.345,69.45202,68.39850936889648
165,133.085,153.98744,143.5362210083008
58,88.09,85.19853,86.6442660522461
113,107.455,114.917984,111.18649200439452
64,85.335,68.65911,76.9970555114746
185,157.5,174.05066,165.77532958984375
116,125.71,113.802086,119.75604293823241
90,85.125,88.74225,86.93362426757812
75,88.13,84.45993,86.29496520996094
154,129.265,138.17288,133.71894104003906
41,66.82,49.89927,58.35963455200195
157,168.81,166.12463,167.46731689453125
125,110.25,107.789055,109.01952743530273
199,167.13,179.2019,173.1659521484375
149,139.26,140.55598,139.90799224853515
74,76.115,79.58711,77.85105621337891
177,167.015,158.10847,162.56173736572265
133,114.145,120.73702,117.44101119995116
151,146.64,148.02435,147.33217651367187
113,127.875,122.01882,124.9469108581543
180,153.31,166.8391,160.07454803466797
54,74.03,61.267155,67.64857734680176
100,92.96,97.479744,95.21987197875976
107,118.64,110.49059,114.56529647827148
156,124.07,148.00093,136.0354653930664
163,176.85,181.16983,179.00991516113282
62,78.18,70.43353,74.30676635742188
113,102.985,101.96998,102.47748916625977
61,75.105,68.87151,71.98825668334962
72,77.885,68.78166,73.33333099365234
92,82.965,88.2538,85.60939971923828
183,175.365,178.19832,176.78165924072266
165,173.055,164.76886,168.91192993164063
51,73.86,56.813465,65.33673255920411
107,92.585,113.38856,102.986778717041
95,99.795,96.30725,98.05112548828126
239,218.76,226.6235,222.69175231933593
145,144.0,145.45444,144.7272186279297
90,100.55,85.83573,93.19286575317383
98,100.745,103.25154,101.99827056884766
149,133.58,135.96103,134.7705145263672
108,126.53,128.571,127.5504995727539
160,142.59,157.32613,149.95806304931642
125,121.485,121.21591,121.3504559326172
118,129.69,118.92827,124.30913421630859
79,79.5,85.6276,82.56380081176758
85,94.035,83.8924,88.96370132446289
160,152.12,155.88264,154.00132232666016
83,76.725,79.60146,78.16323165893554
72,86.69,78.44787,82.56893417358398
140,127.46,148.14328,137.80164001464843
60,59.41,69.794556,64.60227783203125
132,118.94,125.715324,122.32766220092773
177,163.32,180.00288,171.6614419555664
74,87.23,76.884346,82.0571730041504
95,97.62,99.30424,98.46211868286133
170,134.0,163.17456,148.5872802734375
204,202.71,215.08562,208.89780853271486
85,96.68,103.47245,100.07622512817383
85,94.245,83.00986,88.62742858886719
143,128.085,138.60971,133.3473553466797
130,149.11,142.22054,145.66526763916016
144,162.045,154.33049,158.18774505615232
175,154.215,162.48225,158.34862701416017
59,70.945,57.21334,64.07917037963867
190,148.31,176.39873,162.3543637084961
93,92.63,85.53418,89.08208984375
76,84.535,77.0681,80.80154998779297
214,179.995,211.95862,195.97680908203125
113,100.675,109.76357,105.21928634643555
79,88.285,94.50948,91.39724166870117
159,161.975,152.39262,157.1838119506836
134,125.495,119.02085,122.25792556762696
99,95.285,102.08137,98.68318374633789
48,64.98,56.59941,60.789705505371096
151,140.74,149.46936,145.10468017578125
217,210.82,222.3144,216.5672036743164
131,136.305,125.0024,130.65370162963868
115,114.55,113.37703,113.96351470947266
93,87.355,95.82432,91.58965896606446
102,104.92,103.96172,104.44086166381837
95,95.62,98.196075,96.90803771972656
74,73.7,70.33491,72.01745376586913
162,154.16,164.7807,159.47035034179686
81,91.91,80.63863,86.27431686401367
133,125.795,120.44412,123.11956115722657
133,137.82,117.30726,127.56362930297851
231,196.14,228.4947,212.31735260009765
72,112.965,88.77049,100.86774627685547
81,113.295,91.19174,102.2433709716797
71,76.84,75.64179,76.24089614868164
118,102.47,115.18511,108.82755599975586
128,123.46,123.069466,123.2647328186035
94,87.24,87.418434,87.32921707153321
115,136.12,126.96804,131.5440202331543
156,118.735,135.27725,127.00612609863282
98,118.945,105.83087,112.38793579101562
174,140.19,146.43639,143.31319305419922
119,100.095,109.89511,104.99505554199219
54,51.615,53.900776,52.75788795471192
91,88.725,91.87427,90.2996337890625
69,81.09,65.84836,73.46917907714844
74,68.345,70.54316,69.44407974243164
133,132.095,129.18216,130.63857971191408
78,68.395,78.70893,73.55196548461913
86,95.375,79.65134,87.51316833496094
102,100.865,99.880165,100.37258255004883
59,90.475,65.88544,78.18021850585937
100,97.745,96.818146,97.28157287597656
129,131.4,131.03156,131.2157775878906
68,81.915,74.90301,78.40900375366212
68,68.26,65.43822,66.84910858154296
69,61.13,67.54855,64.33927673339844
64,81.385,82.342255,81.86362731933593
94,98.22,94.06364,96.14181838989258
84,107.6,88.15574,97.8778694152832
76,77.86,78.55741,78.20870559692383
47,47.86,47.019703,47.439851455688476
100,96.955,91.1153,94.03515151977538
79,61.905,77.03213,69.46856369018555
60,69.05,64.93582,66.99291076660157
59,78.26,73.63013,75.9450634765625
102,106.065,104.85282,105.45891067504883
41,60.035,46.600124,53.31756217956543
114,89.965,96.74082,93.35291091918945
52,71.83,64.349174,68.08958724975585
83,90.95,80.97033,85.96016464233398
120,109.445,116.68544,113.06522003173828
56,63.275,67.65386,65.46443099975586
126,103.69,108.29334,105.99167129516601
81,78.48,82.00093,80.24046539306642
101,100.81,106.728096,103.76904800415039
55,50.29,59.3895,54.839749832153316
83,83.48,87.41682,85.4484083557129
75,76.055,74.29088,75.17293914794922
90,102.055,89.25054,95.65277084350586
80,91.435,90.07826,90.75663116455078
50,76.05,56.66171,66.35585441589356
47,46.725,47.498077,47.11153869628906
99,83.475,92.87979,88.17739562988281
85,86.185,84.696465,85.44073226928711
82,91.28,89.95616,90.61808074951172
29,51.15,32.315636,41.732817840576175
95,89.82,98.09423,93.95711532592773
82,85.71,81.810165,83.76008270263671
41,51.695,49.148033,50.42151657104492
67,76.225,74.924355,75.57467727661133
20,38.745,28.248865,33.49693256378174
112,106.615,113.936745,110.27587234497071
102,103.75,107.675995,105.71299743652344
65,69.96,66.214676,68.08733795166015
11,36.0,26.422083,31.21104145050049
84,104.605,92.54599,98.5754949951172
61,87.69,72.458084,80.07404205322266
105,106.81,101.13525,103.97262313842774
106,90.525,103.51436,97.01967926025391
76,84.325,83.78138,84.05318984985351
107,91.98,97.85466,94.91733001708985
74,82.915,79.88725,81.4011264038086
98,79.055,90.938446,84.99672302246094
82,90.385,91.38358,90.88429153442382
90,85.375,84.05046,84.71273040771484
76,71.31,77.12625,74.21812561035156
84,103.58,92.316986,97.94849304199218
87,95.79,90.238846,93.01442291259767
68,80.735,78.02271,79.37885635375977
47,54.725,49.886616,52.30580787658691
115,114.82,113.68418,114.25209060668945
129,96.845,121.52332,109.18416152954102
75,79.73,68.009575,73.86978744506837
104,110.215,102.56588,106.39043991088867
141,137.485,152.22884,144.85691802978516
82,71.125,76.3602,73.74259948730469
90,83.945,81.056755,82.50087753295898
106,112.51,115.50623,114.00811660766601
38,61.09,44.503555,52.79677764892578
82,90.615,85.88732,88.25116073608399
71,82.28,71.22309,76.75154556274414
82,76.77,77.92223,77.34611679077148
160,137.035,139.4909,138.26295288085936
94,75.87,81.70924,78.78962188720703
86,68.315,78.067474,73.19123718261719
50,58.86,46.846428,52.853213958740234
66,43.34,54.213272,48.77663604736328
61,61.21,53.22913,57.21956489562989
12,26.175,17.992603,22.083801651000975
20,37.145,26.026005,31.585502395629884
40,45.07,46.81555,45.94277587890625
23,29.235,29.969315,29.602157287597656
60,58.555,60.18914,59.37207015991211
58,39.115,51.279705,45.197352523803715
50,42.085,40.072483,41.078741531372074
53,55.41,49.35333,52.38166435241699
21,30.7,25.759605,28.229802703857423
37,37.935,34.9144,36.42469909667969
41,44.08,45.741566,44.91078285217285
6,28.68,15.97539,22.327695217132568
27,37.665,27.961285,32.81314231872558
36,49.64,41.940903,45.79045135498047
40,43.32,43.778584,43.54929176330566
46,46.89,50.99456,48.94228012084961
23,31.765,30.490824,31.12791187286377
33,24.045,28.877476,26.461237869262696
48,55.735,49.685196,52.71009796142578
34,29.71,31.525396,30.61769817352295
15,23.925,22.15623,23.040615463256835
31,34.915,39.13267,37.02383567810058
58,46.86,57.504257,52.18212860107422
36,35.375,31.353262,33.36413097381592
51,37.265,36.70394,36.98447067260742
33,43.99,40.714577,42.35228836059571
25,29.79,30.097422,29.94371082305908
31,44.485,36.123318,40.30415885925293
18,25.615,22.916857,24.265928382873533
35,52.175,45.201313,48.68815650939941
61,97.74,67.41651,82.57825576782227
66,60.585,71.73231,66.15865371704102
72,77.355,66.95714,72.15606903076173
144,119.345,127.70722,123.52611099243164
56,62.725,65.70008,64.21254043579101
123,94.245,111.507195,102.87609725952149
79,78.095,76.13131,77.11315475463867
59,71.91,62.070515,66.99025733947754
148,118.86,139.04724,128.95362060546876
103,108.96,103.885574,106.42278717041015
94,77.865,79.8933,78.87915145874024
72,76.155,75.281494,75.7182470703125
114,111.51,120.015,115.76249969482421
98,100.13,109.24487,104.6874365234375
107,107.515,111.234924,109.37496215820312
31,56.79,26.015404,41.40270187377929
93,91.25,106.88946,99.06972885131836
89,78.61,81.141685,79.87584274291993
82,85.24,72.52437,78.88218414306641
110,96.2,106.30039,101.25019607543945
83,81.49,79.95702,80.72351181030274
63,92.05,74.41294,83.23147048950196
118,103.825,112.693474,108.25923690795898
82,85.36,81.64938,83.50469177246094
76,72.82,73.56287,73.19143310546875
53,54.13,50.85065,52.490325393676756
97,120.87,104.910835,112.89041763305664
72,111.48,99.690575,105.58528732299806
75,92.58,81.77474,87.17737106323241
33,49.005,34.283787,41.64439338684082
121,120.94,116.160645,118.550322265625
97,84.915,94.248604,89.5818019104004
69,76.695,76.90751,76.80125442504882
109,122.41,108.24483,115.3274136352539
35,45.795,35.322433,40.558716735839845
9,26.385,10.76697,18.57598484039307
43,40.43,46.290565,43.36028274536133
21,33.505,28.232685,30.868842544555665
51,52.09,43.85108,47.97054092407227
53,59.88,55.671623,57.77581161499023
42,29.12,32.66266,30.891329345703127
31,40.99,39.46679,40.22839462280274
41,37.715,34.538155,36.12657730102539
31,42.29,39.222496,40.75624801635742
29,27.225,29.441055,28.333027648925782
11,26.45,16.632433,21.541216468811037
55,50.83,51.02725,50.92862419128418
62,71.615,66.54291,69.07895385742188
33,38.21,32.070957,35.14047859191895
25,34.23,33.750782,33.99039100646972
44,40.11,39.50524,39.807620697021484
66,65.29,71.83108,68.56053878784181
26,37.345,28.585258,32.96512924194336
38,36.175,34.820538,35.497768783569335
29,34.835,32.70882,33.77191017150879
36,31.22,33.337658,32.2788289642334
26,34.155,32.720146,33.43757308959961
55,45.835,60.04712,52.941059570312504
12,26.65,24.269262,25.459631156921386
32,40.48,33.901733,37.190866699218745
51,59.325,63.628437,61.476718521118165
17,66.43,31.88914,49.15956958770752
53,70.695,69.25239,69.97369400024414
109,112.67,109.59782,111.13390823364259
58,73.635,61.81258,67.72379005432128
88,81.945,85.682846,83.81392303466797
72,56.865,61.672432,59.268715972900395
53,54.42,51.06751,52.743754348754884
102,120.565,98.78593,109.67546340942383
194,150.21,187.75024,168.98012207031252
92,90.745,88.843994,89.7944970703125
71,71.825,69.86088,70.84293899536132
149,131.185,145.73308,138.45903900146484
81,96.615,79.5253,88.07014953613282
63,64.91,71.06288,67.98644073486328
98,123.47,112.91812,118.19406066894531
75,115.0,93.60339,104.30169677734375
99,117.62,121.74885,119.6844239807129
45,56.645,54.130077,55.38753868103028
115,102.755,109.61688,106.18594116210937
74,76.835,77.01141,76.92320678710936
74,79.86,75.87121,77.86560409545899
60,52.155,57.502804,54.82890190124512
59,68.88,70.8595,69.86974853515625
105,92.195,102.30467,97.24983612060547
145,141.74,152.01695,146.87847625732422
63,67.57,67.518074,67.54403701782226
65,55.13,62.77143,58.95071548461914
98,92.49,97.95622,95.22311126708985
94,82.215,87.09801,84.65650360107422
73,78.635,83.78847,81.21173370361328
66,68.96,70.34829,69.65414474487304
102,98.235,94.34309,96.2890431213379
48,36.24,41.710037,38.97501861572266
31,64.89,45.973167,55.4315837097168
99,90.355,94.28514,92.32007049560548
63,91.495,64.17617,77.83558517456055
51,54.12,48.565166,51.34258323669434
128,114.82,132.46057,123.64028564453125
105,132.645,115.35104,123.99802185058594
72,58.54,67.54046,63.040229339599605
47,64.95,53.43689,59.19344482421875
24,47.465,39.547527,43.50626365661621
71,60.235,70.00488,65.11994140625
64,66.29,68.34737,67.31868316650392
97,86.895,92.40077,89.64788604736327
95,113.19,107.841835,110.51591751098633
54,61.155,55.76037,58.457684173583985
94,84.815,88.20085,86.50792572021484
59,60.255,59.773354,60.014176788330076
110,105.17,110.00286,107.58643051147462
67,80.03,71.108925,75.56946243286133
86,89.415,84.78824,87.10161926269532
72,74.44,72.67028,73.55514022827148
75,80.755,66.52792,73.64146179199219
50,49.57,49.79848,49.68424049377441
79,60.655,76.35142,68.50320877075195
54,64.91,55.822784,60.36639221191406
135,118.085,127.282906,122.68395278930663
131,140.395,126.13275,133.26387573242187
68,68.57,64.94293,66.75646606445312
78,83.265,74.52326,78.89413101196288
68,62.6,69.386055,65.99302749633789
80,76.595,76.46072,76.5278581237793
55,74.37,62.196743,68.2833715057373
87,69.325,82.68657,76.00578460693359
66,66.335,66.41355,66.37427566528319
68,83.705,72.531784,78.11839202880859
121,101.605,123.10473,112.35486434936524
72,77.16,71.35582,74.25790985107422
70,82.625,75.59896,79.11198043823242
92,91.615,86.22215,88.91857635498047
63,64.615,60.81406,62.71453010559082
117,105.465,86.5582,96.01159851074219
84,60.285,73.90945,67.0972233581543
77,65.08,67.96026,66.52012924194335
67,70.595,73.39126,71.99312911987305
57,55.09,59.70212,57.39606086730957
133,108.195,121.6379,114.91645065307617
78,76.625,77.24726,76.93613052368164
136,111.295,123.637436,117.46621795654298
73,65.58,69.73584,67.65791992187499
142,117.27,147.66342,132.46671081542968
74,93.05,73.19356,83.12177886962891
96,70.2,84.19634,77.19817123413085
75,71.815,79.411545,75.61327239990234
118,108.485,115.44045,111.9627262878418
65,58.565,74.457504,66.51125213623047
76,76.19,82.172104,79.18105194091797
85,99.785,88.21135,93.99817474365234
134,120.075,128.02211,124.04855499267578
68,86.15,61.546585,73.84829254150391
67,73.39,70.75149,72.07074386596679
47,59.4,45.59905,52.49952430725098
61,67.275,71.33167,69.30333633422852
104,105.32,109.4528,107.38639846801757
80,100.125,82.23643,91.18071365356445
92,79.49,83.577835,81.53391754150391
68,56.6,58.056347,57.32817344665527
59,57.09,56.67167,56.88083450317383
59,66.32,62.954216,64.63710800170898
133,110.235,118.97364,114.60432022094727
77,70.47,77.48374,73.97687088012695
113,107.75,110.80505,109.27752685546875
85,75.03,80.0754,77.55270065307617
65,82.01,76.062775,79.03638732910156
132,137.76,127.45744,132.60872161865234
121,135.435,137.1532,136.29409912109375
74,76.09,72.34611,74.21805374145508
38,53.05,44.40839,48.729195022583006
52,55.69,55.608093,55.649046630859374
86,77.01,83.29174,80.15087020874023
33,46.12,40.498074,43.30903678894043
46,66.8,53.205547,60.002773666381835
60,51.63,60.94142,56.28571075439453
31,50.02,50.36113,50.1905648803711
106,95.77,101.26951,98.5197541809082
158,128.275,141.88985,135.0824234008789
34,55.6,38.71899,47.159495162963864
117,104.115,116.233826,110.17441284179688
42,58.69,48.530685,53.61034271240234
86,100.045,97.29704,98.67102142333985
100,102.345,93.02157,97.68328414916992
61,67.845,62.525883,65.18544136047363
62,57.855,55.97914,56.917070617675776
76,80.72,79.99141,80.3557046508789
66,70.16,74.68275,72.42137344360351
42,52.72,48.164814,50.44240699768066
84,78.475,83.661896,81.06844787597656
117,109.37,109.84683,109.60841613769531
115,108.77,105.19124,106.98061920166015
69,59.245,63.657818,61.45140892028809
91,87.53,89.70848,88.61924041748047
107,99.76,102.18425,100.97212493896484
69,76.855,76.00643,76.43071578979493
42,49.9,44.53202,47.21601028442383
62,69.905,69.357315,69.63115753173828
77,78.555,81.11612,79.83555969238282
105,102.185,97.78349,99.9842465209961
58,57.55,58.00136,57.77568092346191
68,74.93,68.13378,71.53189071655274
114,104.045,108.3224,106.18370147705079
100,96.175,99.43249,97.80374374389649
68,66.09,64.38334,65.23666946411133
75,83.66,77.590355,80.6251774597168
37,40.475,39.46168,39.968340682983396
62,76.21,71.117,73.66349838256835
76,87.05,82.19507,84.6225341796875
90,99.17,85.83766,92.50383087158204
91,84.965,85.923935,85.44446746826172
31,31.135,37.201424,34.16821182250977
31,33.98,38.75309,36.36654495239257
96,92.47,88.86117,90.66558395385742
74,79.62,78.91016,79.265078125
104,112.59,100.27566,106.4328288269043
65,64.14,64.89642,64.51821166992187
82,77.88,80.83728,79.35864013671875
99,116.865,110.162865,113.5139323425293
89,98.455,90.66572,94.56035903930663
88,77.565,82.7016,80.13329956054687
65,85.155,68.53348,76.84423889160156
131,106.95,121.20882,114.07940826416015
41,57.575,60.7757,59.17534980773926
124,92.965,86.5708,89.767900390625
84,81.57,90.352196,85.96109786987304
77,79.125,73.69594,76.41046905517578
88,83.875,88.023026,85.94901275634766
65,56.65,61.93853,59.29426498413086
79,70.61,78.9804,74.79520004272462
71,75.305,78.12546,76.71522888183594
116,115.475,121.13434,118.30466918945312
56,58.635,61.173462,59.904230957031245
52,60.835,60.867355,60.85117767333985
65,76.865,76.24693,76.55596649169922
59,45.53,55.500526,50.51526321411133
64,72.3,71.207504,71.75375213623047
110,95.905,99.93406,97.9195295715332
102,118.26,115.50899,116.8844937133789
107,98.475,106.70308,102.5890396118164
100,79.3,83.46809,81.3840431213379
65,92.295,85.78793,89.0414666748047
87,101.19,94.432915,97.81145736694336
37,60.48,47.130356,53.805177917480464
26,51.265,39.29187,45.27843505859375
64,79.94,80.15833,80.04916641235351
105,96.53,109.43147,102.98073638916016
140,117.95,123.1015,120.52575073242187
117,116.77,106.172386,111.47119308471679
24,47.81,25.833668,36.82183387756348
55,49.63,49.578213,49.60410636901855
17,33.41,22.228287,27.81914337158203
30,38.34,29.017792,33.67889587402344
44,34.87,41.91873,38.394365844726565
28,31.14,32.04522,31.59260971069336
29,34.94,28.53748,31.73873970031738
54,46.085,50.318455,48.201727371215824
26,36.015,27.545727,31.780363388061524
32,37.285,37.619194,37.45209701538086
64,57.14,54.921177,56.030588455200196
31,28.855,31.087114,29.971057167053225
45,44.76,47.741802,46.25090110778808
12,30.095,24.080225,27.087612495422363
36,37.755,40.400482,39.077741088867185
25,29.65,29.949678,29.799839210510253
39,48.555,51.942215,50.24860748291016
32,39.88,32.176582,36.02829116821289
26,30.62,32.371227,31.49561363220215
26,28.535,26.620623,27.577811317443846
21,26.365,27.998446,27.181722755432126
26,30.68,31.151152,30.915575828552246
48,52.09,56.383663,54.23683158874512
40,39.54,38.231262,38.88563110351562
30,30.08,31.8764,30.97819999694824
40,45.16,42.409096,43.784547882080076
15,28.595,25.321745,26.95837245941162
51,42.0,38.894985,40.447492599487305
27,33.555,28.471209,31.013104286193848
43,47.09,46.397404,46.74370185852051
37,35.48,36.239307,35.85965370178222
117,97.205,113.38644,105.29571823120116
43,75.52,51.158207,63.33910346984863
50,79.86,61.449997,70.6549984741211
125,93.495,105.55631,99.52565628051758
102,91.26,100.23441,95.74720657348632
70,76.15,67.37944,71.7647201538086
77,84.505,76.49796,80.50148147583008
79,82.575,75.2564,78.91570053100585
100,99.11,100.113884,99.61194198608399
100,87.195,99.146774,93.17088714599609
36,59.54,38.94711,49.24355461120605
56,55.57,57.92392,56.746959838867184
65,86.35,72.43474,79.39236907958984
62,52.0,57.807964,54.903982162475586
132,116.375,127.05556,121.71527862548828
80,65.645,72.90298,69.27398849487304
80,82.105,84.73789,83.42144607543946
83,77.44,84.36,80.90000030517578
142,139.575,140.1662,139.87059936523437
86,86.21,87.518814,86.86440704345702
72,66.07,63.299377,64.68468872070312
147,149.5,142.12646,145.813232421875
95,85.15,89.91452,87.53226013183594
95,86.615,92.55887,89.58693420410157
87,107.085,94.894775,100.98988769531249
69,64.86,74.53025,69.69512527465821
107,132.325,119.87309,126.09904632568359
94,106.845,95.306114,101.07555709838867
40,55.305,36.544617,45.92480834960938
67,72.04,68.8998,70.46990158081056
66,70.55,65.21903,67.88451614379883
54,53.06,56.535904,54.79795196533203
77,106.33,79.664055,92.99702743530273
67,71.805,72.9243,72.36465057373047
116,101.44,106.26758,103.8537890625
94,85.41,92.326096,88.86804779052734
69,70.69,71.86912,71.2795588684082
163,129.7,139.45131,134.57565460205078
51,67.07,53.59639,60.3331948852539
82,68.015,75.7725,71.89374954223632
55,57.55,58.371017,57.96050872802734
67,87.435,75.490036,81.4625180053711
44,53.165,38.844925,46.0049624633789
32,25.08,29.117064,27.098531761169433
25,32.365,30.472126,31.41856300354004
98,91.755,87.75058,89.75278991699219
25,37.715,28.508444,33.11172191619873
22,28.835,29.494581,29.16479061126709
23,34.335,30.009901,32.17245052337647
32,39.84,34.475964,37.15798179626465
50,48.0,51.824512,49.91225624084473
24,33.73,27.948586,30.83929275512695
44,40.7,37.25076,38.97537956237793
60,53.185,51.87841,52.531705169677736
5,32.795,22.796106,27.79555316925049
26,40.26,30.025333,35.1426667022705
50,46.985,42.724445,44.85472267150879
32,32.85,30.471457,31.66072826385498
30,45.88,41.991386,43.93569320678711
20,28.045,24.137665,26.09133239746094
63,51.985,62.578728,57.281863861083984
22,27.63,24.850613,26.240306320190427
14,25.45,19.61241,22.531204795837404
38,38.32,38.614788,38.46739402770996
52,37.485,47.902317,42.69365852355957
48,54.39,43.56911,48.979555435180664
46,43.15,39.25537,41.202685546875
13,25.63,21.41223,23.52111476898193
29,44.955,44.0685,44.51175025939941
34,28.79,31.306572,30.04828598022461
62,43.835,65.07461,54.45480392456055
28,29.69,28.515041,29.10252067565918
28,36.605,31.566442,34.08572124481201
94,93.675,93.59068,93.63284149169922
67,80.265,64.331856,72.29842788696288
115,91.76,97.45699,94.60849655151367
157,143.385,141.76944,142.5772198486328
107,71.89,102.638,87.26400024414062
58,93.19,68.68451,80.93725463867187
103,94.645,105.09124,99.8681199645996
51,63.525,57.229546,60.37727279663086
32,65.46,45.752934,55.60646675109863
73,102.57,97.45579,100.0128938293457
72,63.075,61.36745,62.221225357055665
45,53.575,47.63464,50.60481986999512
86,100.29,91.156975,95.72348739624024
61,75.67,66.101425,70.88571258544923
83,75.99,78.229454,77.10972702026368
59,71.1,65.599174,68.34958724975586
91,86.265,89.27955,87.77227432250976
63,90.575,72.872505,81.72375259399413
49,44.5,47.718597,46.10929870605469
62,46.82,58.439125,52.629562530517575
91,103.33,98.39619,100.86309341430663
90,87.16,89.319305,88.23965270996094
91,81.655,82.0088,81.83189834594727
52,43.26,48.40592,45.83295906066894
77,81.73,78.94097,80.33548568725587
62,70.125,64.05209,67.08854675292969
53,63.91,62.157043,63.03352172851562
65,55.265,68.15391,61.70945388793945
83,81.375,78.707855,80.04142761230469
74,62.61,63.184334,62.897166900634765
48,65.535,57.8559,61.695449905395506
78,82.495,75.88893,79.19196563720703
60,64.23,62.56789,63.398945083618166
93,94.425,86.138245,90.28162231445313
133,104.4,121.640396,113.02019805908203
50,71.085,51.612797,61.34889839172363
117,96.775,111.73124,104.25311965942383
94,87.54,95.93829,91.73914672851564
84,96.585,88.4757,92.53035018920897
200,170.01,186.4716,178.24080169677734
124,125.005,118.34515,121.67507690429687
77,88.51,88.93832,88.72415817260742
145,130.485,140.36719,135.42609375
107,113.02,107.411415,110.21570755004882
100,94.205,100.75635,97.48067382812499
78,74.065,71.2197,72.6423518371582
134,125.99,135.48686,130.7384310913086
69,74.765,77.713356,76.2391780090332
132,129.705,131.70665,130.70582489013674
98,130.955,112.06307,121.50903610229493
104,105.96,100.94777,103.45388458251952
108,102.875,98.69435,100.78467559814453
118,114.58,127.00636,120.79318145751952
162,145.465,153.51982,149.4924105834961
152,170.265,158.72412,164.494560546875
125,137.81,131.23004,134.52002075195313
121,127.645,116.41875,122.03187347412108
75,78.285,73.98445,76.13472564697265
74,74.13,68.15,71.14000076293945
72,76.44,67.454155,71.94707748413086
128,131.09,116.44127,123.76563446044922
73,90.885,72.6317,81.75834930419921
111,111.94,125.51599,118.72799560546875
88,103.09,93.58215,98.33607666015625
92,83.06,90.32912,86.69455841064453
59,56.28,58.236176,57.25808776855469
129,147.205,140.15372,143.67935852050783
74,84.485,83.89213,84.18856399536133
196,149.22,170.52158,159.8707879638672
154,140.73,139.18301,139.95650695800782
97,106.14,105.99123,106.06561309814452
122,127.555,133.62204,130.58851989746094
88,90.97,96.65446,93.81222854614258
110,121.285,107.80998,114.54749114990234
97,99.83,97.99537,98.91268447875976
147,139.055,141.84966,140.4523275756836
162,136.03,153.68643,144.8582159423828
110,131.975,116.65186,124.31343154907226
140,125.965,128.94775,127.456376953125
124,129.68,120.700005,125.19000228881836
94,87.21,87.327,87.26850173950194
177,181.045,181.13937,181.09218688964842
154,157.035,157.47568,157.25533874511717
81,92.35,90.86854,91.60926895141601
181,162.84,170.62602,166.7330111694336
149,139.765,146.4056,143.08529693603515
96,101.45,92.56095,97.00547561645507
137,137.66,135.2833,136.47164733886717
131,133.865,128.06265,130.96382629394532
193,198.79,201.75822,200.27411224365233
63,99.55,79.006905,89.2784523010254
141,148.185,142.71461,145.44980743408203
128,110.32,113.65643,111.98821655273437
137,134.12,143.5328,138.8264031982422
158,133.78,146.42876,140.10437835693358
84,81.15,82.10507,81.62753601074219
154,132.74,137.0723,134.90614807128907
120,101.95,112.496414,107.22320709228515
114,130.16,118.148315,124.15415771484375
77,81.005,78.31205,79.65852493286133
47,63.185,54.960922,59.07296112060547
111,131.725,112.459595,122.09229736328125
190,177.695,189.98834,183.84167114257812
174,169.195,175.74506,172.47002807617187
85,83.625,77.04971,80.33735656738281
62,66.32,71.38582,68.85290924072265
113,104.31,107.04737,105.67868545532227
193,140.59,183.60472,162.09736053466798
153,162.035,161.7557,161.89535339355467
164,146.175,150.64421,148.40960540771485
52,91.495,74.694115,83.0945573425293
93,88.025,88.58538,88.30519027709961
93,95.07,91.82716,93.44858184814453
103,113.795,97.217125,105.50606246948243
61,79.34,76.05469,77.69734375
248,194.805,226.74438,210.7746923828125
102,143.01,121.23883,132.12441528320312
127,106.105,112.33491,109.21995376586915
31,48.89,30.910742,39.90037090301514
45,40.43,32.58992,36.50996002197266
59,62.49,49.303646,55.89682304382325
34,61.035,46.85482,53.94491012573242
31,52.265,43.31598,47.790489501953125
16,23.91,16.472328,20.191164093017576
9,20.915,16.009172,18.462086219787597
58,54.745,55.551712,55.14835601806641
38,21.075,25.26602,23.170509910583498
66,67.3,68.319916,67.8099578857422
34,39.395,42.02923,40.712114105224614
30,37.435,31.876955,34.65597751617432
54,57.255,53.765953,55.51047653198242
49,38.945,44.26943,41.60721412658691
61,59.485,64.01147,61.748233489990234
37,23.92,37.290073,30.605036697387696
37,28.905,35.76717,32.33608497619629
14,28.825,18.62383,23.724415397644044
25,20.835,23.08732,21.961160163879395
44,35.465,40.467224,37.96611206054688
21,25.2,30.416935,27.80846748352051
22,38.33,33.641853,35.985926666259765
32,35.385,34.861835,35.12341773986816
28,27.03,29.96662,28.498309745788575
45,33.36,37.91347,35.636735610961914
99,61.705,72.53569,67.12034515380859
85,68.0,62.41215,65.20607566833496
49,61.185,47.532116,54.35855796813965
18,28.495,25.345032,26.920015869140627
76,62.97,70.62366,66.79682861328125
66,45.37,47.786953,46.57847648620606
9,39.98,28.633204,34.30660175323486
37,41.46,41.56729,41.51364562988282
146,132.0,132.73802,132.36901092529297
147,124.475,131.24138,127.85818939208984
80,85.85,82.38891,84.11945419311523
185,128.97,137.10873,133.0393670654297
128,133.965,127.54075,130.75287429809572
112,85.765,98.97248,92.36874038696288
113,114.44,120.68142,117.5607096862793
177,186.09,200.28798,193.1889895629883
103,107.03,110.8446,108.93729843139648
147,157.045,138.76761,147.90630432128904
124,116.785,112.19699,114.49099548339844
166,164.24,164.60814,164.42406951904297
174,127.05,146.8374,136.943701171875
170,150.91,156.62804,153.7690182495117
132,150.17,144.95407,147.56203552246092
76,70.785,69.8984,70.34169967651367
124,110.425,117.67637,114.05068435668946
99,118.485,104.47479,111.47989624023438
99,96.48,106.47608,101.47804092407227
82,95.49,90.39327,92.94163619995118
85,88.195,78.09471,83.14485565185547
90,94.455,84.25563,89.35531524658202
131,122.66,130.27536,126.46768005371094
97,106.2,95.6259,100.91295013427734
33,59.915,49.3906,54.652799148559566
74,76.7,71.524445,74.11222229003906
10,37.635,20.972866,29.303933029174804
124,95.96,111.631065,103.79553268432616
116,118.135,123.01001,120.5725048828125
87,98.56,96.516235,97.53811767578125
140,133.7,123.55838,128.62919006347656
83,82.215,83.490166,82.85258285522461
39,59.92,58.21679,59.068394622802735
43,52.335,45.712135,49.02356765747071
10,25.53,6.908043,16.219021453857422
12,30.21,15.80958,23.009789924621582
35,38.43,29.583057,34.00652870178223
12,26.93,9.220804,18.07540210723877
47,34.91,35.72355,35.316774444580076
26,31.165,23.795317,27.480158348083496
24,19.53,23.187595,21.35879768371582
24,28.59,29.14648,28.86824028015137
42,29.665,36.18286,32.923930664062496
62,56.26,54.331818,55.29590881347656
30,21.055,29.154922,25.10496124267578
46,36.335,43.57319,39.954094390869145
10,21.125,20.626472,20.875736236572266
20,28.32,26.474323,27.39716163635254
49,57.06,48.742367,52.90118339538574
17,20.135,16.860394,18.497696762084963
21,24.03,22.049553,23.039776458740235
35,23.525,34.302246,28.913623046875
34,34.68,35.084614,34.88230690002442
17,26.845,20.206398,23.525699005126953
29,31.28,30.73651,31.00825466156006
22,18.605,23.991547,21.29827331542969
40,26.885,32.745304,29.81515205383301
28,31.005,32.173843,31.58942169189453
22,21.625,20.98114,21.303070068359375
12,23.735,23.388937,23.56196849822998
85,89.935,87.4736,88.70430114746094
110,96.2,102.47366,99.33683166503906
200,171.135,169.96002,170.54751098632812
97,86.28,99.86355,93.0717741394043
72,98.43,80.10991,89.2699545288086
29,51.945,51.59432,51.769659194946286
84,80.93,94.956116,87.94305786132813
87,89.88,92.46426,91.17212814331054
128,137.94,131.19087,134.5654360961914
193,162.195,178.79587,170.49543395996093
94,104.805,99.624374,102.21468719482422
51,71.805,70.19415,70.99957641601563
138,128.78,133.19345,130.98672546386717
149,126.07,134.70592,130.38795867919922
81,100.81,85.96935,93.38967636108399
116,126.455,118.62067,122.53783325195312
116,114.055,118.26087,116.15793594360352
57,62.04,58.55075,60.29537536621093
89,91.87,86.2481,89.05905014038086
62,63.665,67.02252,65.34376098632812
122,100.34,119.12181,109.73090545654297
96,95.645,90.70248,93.17373825073241
130,129.63,127.387886,128.50894302368164
110,103.225,96.63506,99.93003158569336
104,108.51,103.72665,106.11832321166992
88,103.8,97.00954,100.40476837158204
73,75.655,69.24441,72.4497038269043
91,85.93,97.54697,91.73848327636719
150,144.685,149.98744,147.33622100830078
60,83.88,72.041794,77.96089691162109
100,105.515,108.45054,106.98276931762695
93,94.185,94.012665,94.09883239746094
102,94.165,93.18732,93.67615844726564
173,146.72,162.49457,154.6072839355469
127,138.58,129.8222,134.2011022949219
120,113.335,109.15137,111.24318359374999
98,103.02,105.48522,104.25261093139648
107,101.25,102.0931,101.67155075073242
72,80.565,72.33439,76.44969436645508
201,183.205,207.29332,195.24915985107424
92,115.045,98.37256,106.70877929687501
123,122.175,123.38948,122.78224029541016
126,125.325,118.873695,122.09934768676757
143,128.635,141.05254,134.8437680053711
61,79.54,67.85298,73.69649078369142
79,86.005,83.14882,84.57690948486328
91,103.91,90.08712,96.99856002807617
157,128.525,147.43286,137.9789306640625
69,73.515,70.77027,72.14263565063476
76,67.6,73.44156,70.52077941894531
93,97.465,98.008415,97.73670761108399
70,83.04,81.25237,82.14618637084962
137,131.495,134.5569,133.02595001220703
54,73.23,63.68653,68.45826553344727
81,82.345,79.0709,80.70794998168945
101,98.335,105.39614,101.86557052612304
188,172.975,176.15625,174.565625
93,85.005,94.97921,89.99210494995117
114,120.79,118.37677,119.58338500976564
98,101.195,100.22198,100.70848861694336
60,83.475,69.32042,76.39770965576172
134,139.285,134.69835,136.9916744995117
94,105.57,85.58184,95.57592025756836
78,79.985,74.64475,77.31487625122071
89,98.535,87.72313,93.12906463623047
99,98.045,100.45991,99.25245376586915
119,121.32,134.11258,127.71628967285156
96,91.56,101.348495,96.45424774169922
87,101.89,92.24962,97.06980926513671
103,97.87,97.82654,97.84826904296875
87,79.095,81.26845,80.18172393798828
115,108.305,114.68773,111.49636444091797
75,79.57,78.35425,78.9621240234375
116,123.665,124.286896,123.97594787597657
110,122.375,118.43736,120.40618133544922
137,128.205,132.02908,130.11704162597658
152,139.015,150.27426,144.64463073730468
54,68.75,56.003307,62.37665367126465
102,108.735,100.228294,104.4816471862793
107,98.87,106.835175,102.85258728027344
56,79.095,74.222984,76.65899215698242
92,96.02,90.20677,93.11338592529296
127,132.03,125.65044,128.84021820068358
102,98.865,101.373405,100.11920272827149
77,84.41,76.26445,80.33722503662109
63,64.925,62.15142,63.53821029663086
117,121.135,122.24052,121.68775833129882
73,74.025,67.87689,70.95094604492188
104,93.125,117.62443,105.37471389770508
89,81.065,81.675,81.3700015258789
120,119.385,129.7325,124.55874908447265
95,92.305,102.09201,97.19850524902344
29,38.915,34.890263,36.90263130187988
114,120.69,113.03563,116.86281463623047
163,128.45,150.76765,139.60882720947265
173,175.605,169.22331,172.41415618896485
108,102.245,105.95953,104.10226684570313
48,69.305,62.674896,65.98994812011719
62,53.96,62.454227,58.20711372375489
144,126.72,137.61057,132.16528259277345
64,94.565,70.78678,82.67589065551758
113,105.66,106.319756,105.98987777709961
152,144.035,162.12843,153.08171661376952
172,164.04,177.08116,170.5605807495117
128,129.485,123.27441,126.37970321655274
152,151.16,151.45557,151.30778320312498
98,97.14,92.55027,94.8451350402832
112,117.915,118.20735,118.06117584228517
152,151.07,145.29623,148.18311706542968
107,99.835,90.16063,94.99781463623046
155,139.575,153.62122,146.59810791015624
69,73.925,63.947086,68.93604316711426
109,124.065,107.33305,115.69902679443359
32,48.42,37.90964,43.16482063293457
115,100.305,109.50633,104.90566619873047
129,119.955,118.34676,119.15088180541991
89,90.5,89.69978,90.09989166259766
34,51.915,54.324986,53.11999275207519
80,82.67,73.03759,77.85379501342774
55,59.155,52.495834,55.82541717529297
82,80.985,83.058136,82.02156799316407
97,96.055,89.13808,92.59653839111328
165,175.26,167.86372,171.5618618774414
89,77.285,74.69831,75.99165542602539
135,121.075,134.71582,127.89541015625
102,104.94,103.12073,104.03036376953125
126,116.705,113.57964,115.14232162475585
44,56.155,50.45035,53.302675857543946
102,106.56,94.439674,100.4998371887207
93,100.5,85.12755,92.81377410888672
109,100.28,99.03084,99.65541900634766
85,86.67,81.37767,84.02383514404298
171,167.705,166.48547,167.09523681640627
96,110.11,99.02483,104.56741683959962
78,81.43,75.08001,78.25500473022461
57,56.63,53.28393,54.956965866088865
168,145.5,167.50008,156.50003814697266
86,99.555,86.52942,93.04220947265625
179,137.865,168.45032,153.15765869140625
58,67.65,62.49816,65.07408065795899
157,141.6,144.0936,142.8467987060547
122,129.255,128.01561,128.63530487060547
101,110.84,109.218216,110.02910797119141
118,100.89,108.44078,104.66539031982421
109,107.945,106.65722,107.30110946655273
90,99.295,93.40113,96.34806533813477
93,99.015,86.83729,92.92614395141601
181,180.965,189.99582,185.48040954589845
55,58.335,50.02322,54.179110031127934
199,164.555,172.37572,168.46535858154297
111,110.8,102.10591,106.45295562744141
92,92.67,90.1163,91.3931512451172
139,132.16,137.07425,134.61712463378905
118,146.275,131.55013,138.91256256103514
189,185.345,191.71875,188.531875
169,156.47,165.701,161.08550201416017
139,130.685,124.47338,127.57919052124024
143,140.46,135.7793,138.11964843750002
87,88.67,82.07831,85.37415405273438
93,83.02,90.117775,86.56888748168944
64,83.02,77.912834,80.46641708374023
72,79.505,76.666214,78.0856069946289
38,80.89,47.237514,64.0637572479248
80,75.075,81.05863,78.06681594848632
83,80.31,88.24229,84.27614334106445
102,101.555,104.86087,103.20793518066407
93,90.125,90.624306,90.37465286254883
74,80.855,72.856895,76.85594772338868
124,143.935,132.558,138.24649932861328
69,83.755,73.81945,78.78722518920898
161,125.315,133.73175,129.52337524414062
76,65.115,73.81378,69.46439086914063
118,101.91,108.25655,105.08327682495117
74,86.385,84.99576,85.69037902832031
98,88.255,94.86181,91.55840438842773
108,113.16,103.724594,108.44229705810547
115,106.765,115.76562,111.26530868530273
83,83.975,96.84501,90.41000442504883
60,60.02,57.596855,58.808427581787114
105,100.005,106.98048,103.49273818969726
86,84.745,89.36353,87.05426651000977
122,126.3,130.09792,128.19895782470704
129,139.235,139.51564,139.37532012939454
111,111.705,116.0253,113.8651495361328
106,107.6,113.39851,110.49925689697265
137,119.345,119.629364,119.48718200683594
132,116.22,120.596924,118.4084619140625
123,129.995,128.92201,129.45850616455078
44,59.895,44.048923,51.971961746215825
25,38.71,19.248497,28.979248504638672
11,31.705,16.755836,24.230418243408202
11,42.28,19.377697,30.8288484954834
16,32.145,32.469185,32.307092437744146
26,24.46,17.281876,20.87093780517578
26,21.765,18.475557,20.120278663635254
40,31.16,33.09338,32.126689987182615
47,54.555,38.144688,46.34984382629395
26,22.515,27.235424,24.875212020874024
29,25.755,29.626024,27.690512123107908
47,34.84,39.429672,37.13483612060547
36,29.34,31.52135,30.430675430297853
24,23.665,20.822721,22.24386074066162
50,23.135,28.087593,25.611296539306643
34,34.475,35.31872,34.896860885620114
9,19.19,16.29651,17.743255348205565
18,27.85,28.390554,28.120277214050294
25,25.43,24.999662,25.214831199645996
52,37.85,43.397423,40.62371139526367
61,35.745,46.470047,41.10752349853516
57,56.255,51.798126,54.02656311035156
9,20.22,14.144213,17.18210636138916
9,20.985,17.868078,19.42653911590576
27,35.66,31.068645,33.36432273864746
16,22.86,20.451439,21.655719451904297
9,23.695,18.25939,20.977194938659668
40,31.08,36.77375,33.92687515258789
48,44.12,42.71385,43.41692405700684
13,24.045,27.470196,25.757597885131837
30,43.875,32.989273,38.43213653564453
123,98.98,119.75481,109.36740325927735
76,78.635,80.02709,79.33104598999023
54,85.305,66.15459,75.7297933959961
105,91.285,102.89664,97.09081848144531
83,94.43,85.61435,90.02217468261719
63,83.1,61.746822,72.42341117858886
121,97.36,116.8208,107.090400390625
136,103.455,117.119354,110.28717712402343
201,171.63,194.57858,183.10429138183594
172,169.28,172.52203,170.9010168457031
124,107.68,110.54639,109.113193359375
91,101.715,102.68366,102.19933120727539
88,99.52,102.03525,100.77762390136718
112,113.605,114.80293,114.20396636962892
147,155.92,142.5426,149.23130126953123
78,96.285,80.31829,88.30164535522461
167,149.39,154.26085,151.8254244995117
175,155.82,163.32204,159.57101837158203
70,70.72,67.9254,69.32269989013672
119,134.19,121.41482,127.8024089050293
121,115.775,106.02556,110.90027923583985
103,116.015,107.86952,111.94226104736327
205,183.95,209.70746,196.82872924804687
63,89.39,83.16779,86.27889663696288
153,136.235,130.4461,133.34055297851563
96,88.175,97.1439,92.65944900512696
118,128.465,112.847946,120.6564730834961
107,93.12,100.788506,96.95425277709961
93,101.89,95.35271,98.62135345458984
170,137.935,152.151,145.04300048828125
102,110.585,115.528175,113.05658767700194
107,114.125,109.62254,111.87377166748047
126,124.05,112.66985,118.35992660522462
76,85.855,74.304146,80.07957290649415
113,98.805,103.680305,101.24265274047852
193,178.66,194.5958,186.62789733886717
98,85.225,96.71374,90.96936874389648
107,109.97,112.0465,111.00825057983398
143,143.145,153.19606,148.17053009033202
143,154.51,141.47891,147.9944561767578
135,108.48,123.71545,116.097723236084
127,129.01,131.23268,130.12134063720703
29,54.035,28.473309,41.25415428161621
37,53.145,40.067844,46.606422195434575
29,35.395,19.40248,27.398739585876466
37,58.86,34.369423,46.61471145629883
32,36.235,25.011906,30.623452835083008
12,21.475,15.675585,18.57529239654541
26,33.81,34.186485,33.99824264526367
23,25.82,25.31241,25.56620517730713
59,63.93,55.917564,59.923782196044925
29,24.89,30.675922,27.782961196899414
23,20.785,21.80349,21.294244842529295
51,52.96,46.1535,49.556749801635746
16,24.39,24.804335,24.597167320251465
36,29.84,34.765644,32.302822036743166
55,56.81,47.734257,52.272128372192384
25,33.315,28.934328,31.124664039611815
50,38.67,42.275543,40.47277160644531
46,33.95,37.723816,35.836907958984376
27,22.265,26.173958,24.219478912353516
69,54.3,58.60449,56.452244186401366
124,86.305,108.724976,97.51498779296875
22,58.445,14.967937,36.70646873474121
79,66.845,64.994835,65.91991744995117
33,49.115,37.25915,43.18707572937012
39,38.425,41.400696,39.912847900390624
23,38.17,34.78899,36.47949501037598
51,42.79,37.59391,40.191955108642574
20,29.32,26.301336,27.810668144226074
20,25.475,19.490725,22.482862281799317
22,36.485,26.619623,31.55231159210205
58,53.235,49.439148,51.337073974609375
128,130.83,128.77934,129.80467132568361
128,122.6,115.221146,118.9105728149414
132,150.955,142.56721,146.76110748291018
139,132.795,141.22095,137.00797363281248
73,87.615,78.01082,82.81290924072266
249,176.5,213.78781,195.14390563964844
132,142.45,120.32783,131.38891372680663
92,95.62,98.68991,97.15495544433594
168,134.885,153.61171,144.24835479736328
162,146.1,151.65158,148.87579040527345
172,166.955,169.21452,168.08476165771486
104,89.61,106.08905,97.84952514648438
149,143.415,149.98157,146.69828369140623
102,105.895,107.33486,106.61493087768554
124,121.41,117.0116,119.21079833984375
124,132.19,135.61763,133.9038150024414
169,163.135,163.16801,163.1515072631836
99,98.215,95.043335,96.62916748046875
114,110.545,102.36386,106.4544305419922
129,136.5,131.2437,133.8718490600586
104,99.125,105.94925,102.53712463378906
158,157.21,153.32896,155.26948211669924
134,137.8,132.57315,135.18657531738282
115,120.43,118.69282,119.56140884399414
110,98.36,109.93598,104.14799087524415
134,116.425,121.609924,119.01746215820313
109,118.55,107.6433,113.09665145874024
183,164.58,167.89809,166.2390432739258
112,135.6,106.83942,121.21970825195312
129,135.455,131.09552,133.27526000976565
173,199.56,195.88158,197.72078826904297
136,107.64,120.63434,114.13716918945312
75,86.145,83.83104,84.98801971435546
137,134.03,138.26201,136.14600433349608
